SPCD,DO_BH,HT_TOT,TT_DW_CRM,COMMON_NAME
12,6.0,33.4,92.86,balsam fir 
12,9.2,47.8,321.11,balsam fir 
12,8.3,52.6,256.71,balsam fir 
12,11.7,55.0,558.9,balsam fir 
12,3.4,21.7,23.55,balsam fir 
12,3.8,19.8,30.95,balsam fir 
12,4.9,29.8,57.87,balsam fir 
12,15.1,65.7,1077.29,balsam fir 
12,9.3,54.0,348.59,balsam fir 
12,11.8,53.9,560.6,balsam fir 
12,9.8,54.3,376.67,balsam fir 
12,13.8,57.4,763.53,balsam fir 
12,14.7,70.0,999.58,balsam fir 
12,14.3,61.8,915.02,balsam fir 
12,11.9,59.3,614.82,balsam fir 
12,16.9,62.4,1281.84,balsam fir 
12,11.0,59.3,496.07,balsam fir 
12,3.7,31.3,28.99,balsam fir 
12,4.9,34.2,57.87,balsam fir 
12,5.7,45.3,106.09,balsam fir 
12,6.4,51.4,156.54,balsam fir 
12,4.4,23.3,44.39,balsam fir 
12,3.9,36.5,32.99,balsam fir 
12,4.8,38.2,55.01,balsam fir 
12,5.0,30.3,45.74,balsam fir 
12,7.0,32.3,126.94,balsam fir 
12,6.6,30.2,103.36,balsam fir 
12,5.7,27.8,63.06,balsam fir 
12,5.9,31.9,86.02,balsam fir 
12,5.3,27.7,60.81,balsam fir 
12,6.4,37.0,117.51,balsam fir 
12,8.1,54.8,246.85,balsam fir 
12,8.6,71.5,326.45,balsam fir 
12,8.3,74.4,297.77,balsam fir 
12,5.2,54.4,84.04,balsam fir 
12,7.5,47.9,187.52,balsam fir 
12,5.2,49.8,81.01,balsam fir 
12,7.7,53.3,210.71,balsam fir 
12,8.7,57.8,309.29,balsam fir 
12,7.9,57.1,248.97,balsam fir 
12,7.0,61.5,194.94,balsam fir 
12,10.6,29.7,312.72,balsam fir 
12,10.8,43.3,427.72,balsam fir 
12,10.3,34.7,350.54,balsam fir 
12,11.2,34.3,393.79,balsam fir 
12,11.1,33.3,378.11,balsam fir 
12,9.6,46.6,348.4,balsam fir 
12,9.7,43.4,319.64,balsam fir 
12,9.1,47.5,294.95,balsam fir 
12,10.8,51.6,445.57,balsam fir 
12,10.1,50.8,409.65,balsam fir 
12,11.9,58.9,617.48,balsam fir 
12,12.7,73.9,780.64,balsam fir 
12,9.3,67.2,383.67,balsam fir 
12,12.8,70.2,767.65,balsam fir 
12,9.9,66.2,401.74,balsam fir 
12,9.7,60.0,407.03,balsam fir 
12,9.2,57.8,341.19,balsam fir 
12,10.2,53.3,412.29,balsam fir 
12,16.9,39.7,1055.65,balsam fir 
12,14.0,63.4,872.54,balsam fir 
12,14.4,73.4,1013.78,balsam fir 
12,14.8,73.2,1035.74,balsam fir 
12,16.1,73.7,1283.58,balsam fir 
12,12.8,67.9,799.63,balsam fir 
12,15.2,81.9,1213.37,balsam fir 
12,13.1,63.1,786.96,balsam fir 
12,17.0,61.5,1298.43,balsam fir 
12,4.2,33.2,39.59,balsam fir 
12,4.0,36.5,35.11,balsam fir 
12,9.1,52.8,291.92,balsam fir 
12,15.9,93.0,1458.65,balsam fir 
12,20.0,82.1,2154.56,balsam fir 
12,17.7,59.0,1375.09,balsam fir 
12,3.6,23.6,27.1,balsam fir 
12,3.6,20.9,27.1,balsam fir 
12,4.2,33.0,39.59,balsam fir 
12,7.6,39.5,161.05,balsam fir 
12,5.6,38.3,75.17,balsam fir 
12,5.5,23.0,49.9,balsam fir 
12,6.1,39.6,112.84,balsam fir 
12,5.8,33.6,91.18,balsam fir 
12,5.7,41.7,88.64,balsam fir 
12,5.6,42.7,85.57,balsam fir 
12,6.3,47.3,131.48,balsam fir 
12,8.0,74.8,258.95,balsam fir 
12,8.9,68.7,351.98,balsam fir 
12,7.5,63.2,232.53,balsam fir 
12,10.2,44.2,380.51,balsam fir 
12,8.8,46.4,259.95,balsam fir 
12,10.4,55.1,448.01,balsam fir 
12,8.8,44.5,292.69,balsam fir 
12,11.1,47.7,485.92,balsam fir 
12,10.1,52.1,394.43,balsam fir 
12,9.3,47.9,330.48,balsam fir 
12,9.4,62.2,365.56,balsam fir 
12,9.6,60.5,384.4,balsam fir 
12,11.2,50.3,488.63,balsam fir 
12,8.4,63.0,298.42,balsam fir 
12,13.8,61.4,874.98,balsam fir 
12,13.6,77.2,906.41,balsam fir 
12,13.4,62.7,789.42,balsam fir 
12,14.8,64.7,944.69,balsam fir 
12,14.6,59.1,884.03,balsam fir 
12,11.7,50.2,533.09,balsam fir 
12,12.7,58.4,701.62,balsam fir 
12,13.6,80.5,974.44,balsam fir 
12,12.8,61.4,686.73,balsam fir 
12,15.0,73.3,1086.45,balsam fir 
12,16.4,52.7,1128.18,balsam fir 
12,15.4,66.5,1093.15,balsam fir 
12,10.8,69.9,552.93,balsam fir 
12,10.6,37.8,344.95,balsam fir 
12,10.5,36.3,343.98,balsam fir 
12,11.6,36.5,468.19,balsam fir 
12,9.2,58.4,351.56,balsam fir 
129,6.5,51.4,153.79,eastern white pine
129,10.1,55.8,387.1,eastern white pine
129,3.4,29.7,25.04,eastern white pine
129,5.4,47.1,98.73,eastern white pine
129,12.2,59.3,584.05,eastern white pine
129,10.3,52.7,382.02,eastern white pine
129,9.3,51.7,310.89,eastern white pine
129,9.2,34.0,215.17,eastern white pine
129,17.3,75.7,1436.45,eastern white pine
129,8.0,37.5,172.8,eastern white pine
129,5.9,43.5,108.92,eastern white pine
129,2.5,15.8,11.92,eastern white pine
129,10.0,53.0,363.31,eastern white pine
129,8.3,47.4,230.3,eastern white pine
129,13.7,80.8,966.71,eastern white pine
129,8.3,56.5,271.17,eastern white pine
129,13.7,73.0,880.87,eastern white pine
129,7.1,64.0,122.83,eastern white pine
129,7.0,55.9,118.4,eastern white pine
129,7.1,45.0,155.16,eastern white pine
129,7.7,39.6,148.98,eastern white pine
129,6.9,49.2,139.35,eastern white pine
129,5.7,42.7,90.0,eastern white pine
129,6.3,32.3,80.64,eastern white pine
129,5.9,46.0,92.97,eastern white pine
129,6.2,50.4,113.96,eastern white pine
129,6.2,37.8,99.36,eastern white pine
129,6.3,35.0,93.33,eastern white pine
129,7.2,36.4,123.25,eastern white pine
129,7.5,41.9,145.91,eastern white pine
129,6.8,44.0,127.68,eastern white pine
129,7.5,41.6,167.92,eastern white pine
129,6.1,35.7,88.89,eastern white pine
129,6.3,23.9,66.71,eastern white pine
129,6.1,43.7,106.29,eastern white pine
129,8.7,61.2,302.35,eastern white pine
129,7.9,74.9,218.79,eastern white pine
129,5.8,30.3,69.04,eastern white pine
129,5.8,36.7,78.02,eastern white pine
129,6.5,56.2,126.8,eastern white pine
129,6.8,52.6,157.07,eastern white pine
129,7.6,52.4,201.14,eastern white pine
129,8.7,60.1,275.33,eastern white pine
129,8.5,51.1,234.48,eastern white pine
129,7.7,58.4,222.34,eastern white pine
129,8.2,47.3,224.89,eastern white pine
129,7.8,57.8,218.81,eastern white pine
129,7.8,63.3,234.09,eastern white pine
129,8.4,40.9,197.94,eastern white pine
129,7.1,38.5,134.0,eastern white pine
129,6.9,34.2,100.64,eastern white pine
129,8.9,64.8,327.23,eastern white pine
129,8.4,65.8,297.81,eastern white pine
129,8.6,59.7,296.69,eastern white pine
129,6.9,51.5,190.87,eastern white pine
129,36.7,97.3,8101.9,eastern white pine
129,15.3,72.0,1183.33,eastern white pine
129,3.2,23.4,21.62,eastern white pine
129,3.9,27.5,34.9,eastern white pine
129,18.8,71.6,1830.57,eastern white pine
129,6.2,48.1,133.44,eastern white pine
129,16.3,74.2,1416.38,eastern white pine
129,3.6,24.3,28.75,eastern white pine
129,24.3,77.4,3188.72,eastern white pine
129,15.0,84.6,1164.35,eastern white pine
129,16.2,58.0,1169.85,eastern white pine
129,8.4,53.2,286.55,eastern white pine
129,13.0,64.6,843.0,eastern white pine
129,11.9,52.8,591.29,eastern white pine
129,19.0,76.5,1896.35,eastern white pine
129,4.3,37.6,44.21,eastern white pine
129,4.1,23.2,39.39,eastern white pine
129,7.1,30.8,142.18,eastern white pine
129,8.6,47.1,263.62,eastern white pine
129,9.9,35.2,318.06,eastern white pine
129,10.3,59.6,454.0,eastern white pine
129,11.1,44.7,504.89,eastern white pine
129,10.1,71.3,510.82,eastern white pine
129,12.8,64.2,783.31,eastern white pine
129,12.0,79.0,766.61,eastern white pine
129,16.3,53.7,1164.5,eastern white pine
129,16.1,58.0,1165.01,eastern white pine
129,15.0,73.7,1118.26,eastern white pine
129,18.7,88.9,1869.88,eastern white pine
129,19.6,91.5,2182.53,eastern white pine
129,25.7,113.3,4031.12,eastern white pine
129,5.3,28.8,69.0,eastern white pine
129,8.6,58.4,313.6,eastern white pine
129,8.6,66.5,341.61,eastern white pine
129,12.1,89.8,784.04,eastern white pine
129,21.8,94.4,2752.27,eastern white pine
129,25.2,84.1,3530.98,eastern white pine
129,4.3,18.1,44.21,eastern white pine
129,4.1,33.6,39.39,eastern white pine
129,7.4,40.0,170.43,eastern white pine
129,5.8,36.9,98.29,eastern white pine
129,5.4,34.2,78.03,eastern white pine
129,8.4,63.9,316.47,eastern white pine
129,6.1,48.5,123.23,eastern white pine
129,6.9,64.6,213.39,eastern white pine
129,8.6,68.7,333.68,eastern white pine
129,9.2,36.6,282.36,eastern white pine
129,9.7,48.8,366.31,eastern white pine
129,9.5,39.5,303.6,eastern white pine
129,12.2,69.5,734.13,eastern white pine
129,10.5,75.9,565.14,eastern white pine
129,12.0,74.2,744.58,eastern white pine
129,12.2,57.1,658.12,eastern white pine
129,17.4,83.6,1714.05,eastern white pine
129,12.5,63.8,754.72,eastern white pine
129,16.1,68.3,1236.31,eastern white pine
129,14.2,72.6,1014.24,eastern white pine
129,14.8,88.2,1200.94,eastern white pine
129,12.3,84.8,804.84,eastern white pine
129,21.2,86.5,2445.81,eastern white pine
129,18.8,76.3,1819.98,eastern white pine
129,17.6,80.8,1648.0,eastern white pine
129,19.4,85.0,2098.31,eastern white pine
129,28.1,102.2,4752.91,eastern white pine
129,11.0,78.8,620.52,eastern white pine
129,9.5,81.3,459.05,eastern white pine
129,6.5,35.5,117.0,eastern white pine
129,4.3,25.9,44.21,eastern white pine
129,4.3,44.5,44.21,eastern white pine
129,13.1,79.0,918.9,eastern white pine
129,13.0,55.7,711.55,eastern white pine
129,13.4,57.1,795.38,eastern white pine
129,4.6,34.9,52.06,eastern white pine
129,14.0,59.1,857.26,eastern white pine
129,34.4,97.9,7130.75,eastern white pine
129,6.3,38.6,121.31,eastern white pine
129,10.9,65.1,556.59,eastern white pine
129,28.0,86.8,4294.67,eastern white pine
129,13.2,40.4,549.43,eastern white pine
129,4.2,26.4,41.76,eastern white pine
129,17.0,45.1,1117.75,eastern white pine
129,11.3,59.5,522.9,eastern white pine
129,7.0,36.5,156.38,eastern white pine
129,9.1,61.0,345.62,eastern white pine
129,11.7,66.8,652.11,eastern white pine
129,4.7,28.8,54.85,eastern white pine
129,20.2,76.5,2188.86,eastern white pine
129,5.5,33.0,76.69,eastern white pine
129,6.9,42.6,164.59,eastern white pine
129,8.6,65.8,339.22,eastern white pine
129,8.4,68.6,328.98,eastern white pine
129,10.9,71.1,585.33,eastern white pine
129,10.4,69.9,525.79,eastern white pine
129,18.4,68.2,1667.29,eastern white pine
129,19.0,91.3,2111.3,eastern white pine
129,14.3,52.0,817.02,eastern white pine
129,20.8,68.4,1990.95,eastern white pine
129,9.9,45.3,344.53,eastern white pine
129,14.0,46.5,745.63,eastern white pine
129,15.4,93.7,1353.0,eastern white pine
261,18.2,49.6,1416.22,eastern hemlock
261,22.6,67.6,2670.33,eastern hemlock
261,22.8,77.5,2834.69,eastern hemlock
261,33.5,91.1,6860.11,eastern hemlock
261,12.2,52.9,625.37,eastern hemlock
261,13.8,70.1,915.39,eastern hemlock
261,22.5,101.0,3117.1,eastern hemlock
261,24.5,81.2,3230.22,eastern hemlock
261,26.6,86.2,3971.12,eastern hemlock
261,14.6,68.1,1084.86,eastern hemlock
261,9.9,66.8,484.63,eastern hemlock
261,15.8,64.1,1214.47,eastern hemlock
261,10.8,50.0,455.87,eastern hemlock
261,17.7,66.5,1490.08,eastern hemlock
261,8.2,36.7,224.32,eastern hemlock
261,10.5,54.0,453.0,eastern hemlock
261,6.1,21.5,89.28,eastern hemlock
261,4.1,22.6,38.35,eastern hemlock
261,9.4,34.8,297.91,eastern hemlock
261,17.1,68.8,1464.39,eastern hemlock
261,10.0,50.6,416.17,eastern hemlock
261,16.8,68.8,1448.4,eastern hemlock
261,14.1,68.6,958.86,eastern hemlock
261,19.7,69.7,1973.53,eastern hemlock
261,18.5,75.5,1757.35,eastern hemlock
261,8.7,39.8,274.39,eastern hemlock
261,15.0,76.0,1162.58,eastern hemlock
261,16.4,41.9,1163.16,eastern hemlock
261,9.5,42.0,340.32,eastern hemlock
261,26.2,95.8,4305.96,eastern hemlock
261,16.3,60.0,1274.0,eastern hemlock
261,11.8,56.2,655.28,eastern hemlock
261,16.0,49.1,1068.13,eastern hemlock
261,10.1,42.9,383.05,eastern hemlock
261,5.5,29.7,67.66,eastern hemlock
261,18.5,81.9,1957.23,eastern hemlock
261,3.4,15.8,24.2,eastern hemlock
261,25.3,86.3,3676.75,eastern hemlock
261,25.6,98.6,4039.6,eastern hemlock
261,17.6,61.9,1476.18,eastern hemlock
261,7.2,43.8,202.48,eastern hemlock
261,8.5,42.2,304.84,eastern hemlock
261,10.7,45.2,459.69,eastern hemlock
261,11.5,41.6,513.67,eastern hemlock
261,10.1,47.6,425.45,eastern hemlock
261,11.2,60.0,600.6,eastern hemlock
261,14.8,63.0,1055.52,eastern hemlock
261,15.1,45.5,990.49,eastern hemlock
261,15.2,44.4,906.4,eastern hemlock
261,17.7,65.8,1600.83,eastern hemlock
261,13.5,56.3,802.97,eastern hemlock
261,16.6,60.1,1376.65,eastern hemlock
261,17.9,55.0,1433.64,eastern hemlock
261,19.4,84.5,2170.97,eastern hemlock
261,8.5,50.6,275.01,eastern hemlock
261,9.5,55.5,428.23,eastern hemlock
261,8.7,66.5,380.42,eastern hemlock
261,8.4,53.5,277.7,eastern hemlock
261,7.1,58.8,227.0,eastern hemlock
261,7.0,29.0,132.34,eastern hemlock
261,8.4,50.1,297.2,eastern hemlock
261,19.1,49.2,1638.13,eastern hemlock
261,9.2,23.1,203.45,eastern hemlock
261,18.8,69.5,1817.78,eastern hemlock
261,28.0,100.5,4869.89,eastern hemlock
261,25.7,93.7,4046.16,eastern hemlock
261,24.4,91.4,3578.52,eastern hemlock
261,16.3,58.6,1250.41,eastern hemlock
261,7.9,46.8,234.66,eastern hemlock
261,22.0,46.5,2054.5,eastern hemlock
261,11.4,54.2,546.77,eastern hemlock
261,12.9,57.7,757.11,eastern hemlock
261,11.7,45.1,485.72,eastern hemlock
316,4.9,55.5,95.16,red maple
316,6.1,62.1,184.08,red maple
316,7.4,47.7,247.58,red maple
316,5.0,45.8,98.57,red maple
316,5.0,44.0,95.04,red maple
316,5.6,31.1,94.55,red maple
316,5.9,28.1,93.85,red maple
316,9.9,55.5,472.92,red maple
316,5.3,61.9,171.97,red maple
316,9.5,77.5,600.8,red maple
316,11.3,89.0,1064.78,red maple
316,12.5,81.0,1287.75,red maple
316,6.4,48.8,249.73,red maple
316,13.1,80.0,1414.39,red maple
316,5.1,54.8,106.44,red maple
316,9.8,86.0,815.35,red maple
316,10.1,70.5,694.71,red maple
316,7.0,52.0,196.25,red maple
316,9.0,62.0,551.13,red maple
316,7.0,63.0,261.66,red maple
316,5.2,62.3,104.52,red maple
316,11.2,101.1,1102.35,red maple
316,9.5,72.0,632.77,red maple
316,8.5,71.5,491.34,red maple
316,12.2,64.0,790.62,red maple
316,7.9,57.5,324.19,red maple
316,7.0,68.0,308.09,red maple
316,7.1,50.0,232.86,red maple
316,12.6,85.5,1353.28,red maple
316,10.1,78.3,754.51,red maple
316,13.1,78.9,1305.15,red maple
316,7.9,78.0,438.21,red maple
316,6.7,62.1,276.16,red maple
316,8.2,69.3,406.8,red maple
316,16.0,73.3,1888.71,red maple
316,16.2,72.8,1885.51,red maple
316,17.5,71.9,2109.32,red maple
316,16.9,61.2,1810.01,red maple
316,16.5,52.1,1764.73,red maple
316,12.8,63.8,1065.97,red maple
316,14.6,57.9,1281.58,red maple
316,15.4,56.5,1453.75,red maple
316,6.8,54.1,263.0,red maple
316,17.0,85.8,2463.13,red maple
316,18.3,92.0,2910.39,red maple
316,22.1,104.9,4727.25,red maple
316,22.0,95.1,4324.69,red maple
316,6.3,63.0,237.54,red maple
316,5.3,53.8,117.09,red maple
316,12.2,79.8,972.82,red maple
316,8.0,45.1,261.02,red maple
316,9.4,57.4,444.32,red maple
316,5.1,31.1,79.85,red maple
316,10.6,62.7,604.72,red maple
316,6.4,53.5,206.89,red maple
316,10.1,65.0,709.91,red maple
316,16.5,99.5,2090.32,red maple
316,12.5,67.7,870.3,red maple
316,9.5,58.6,462.34,red maple
316,15.6,78.9,1507.14,red maple
316,9.0,66.3,472.84,red maple
316,11.6,68.1,766.02,red maple
316,12.8,74.9,998.92,red maple
316,8.7,58.4,392.25,red maple
316,3.8,32.0,52.23,red maple
316,25.2,84.0,5080.81,red maple
316,23.5,91.0,5113.55,red maple
316,17.0,80.3,2292.97,red maple
316,11.2,66.0,856.36,red maple
316,10.2,73.8,787.34,red maple
316,10.8,60.1,795.03,red maple
316,11.4,82.5,953.56,red maple
316,7.7,76.1,403.81,red maple
316,10.3,77.0,736.57,red maple
316,7.7,59.7,332.39,red maple
316,9.0,67.2,523.27,red maple
316,12.8,71.8,1161.03,red maple
316,9.0,61.3,431.66,red maple
316,9.0,60.2,488.42,red maple
316,5.3,50.5,88.97,red maple
316,15.5,92.5,2069.05,red maple
316,14.8,88.1,1791.84,red maple
316,11.0,88.1,1045.97,red maple
316,13.1,94.4,1478.06,red maple
316,6.8,56.5,296.38,red maple
316,12.1,84.6,1206.03,red maple
316,7.7,74.5,387.54,red maple
316,4.3,54.0,69.91,red maple
316,7.0,64.2,233.07,red maple
316,9.3,79.5,538.26,red maple
316,12.5,78.5,826.61,red maple
316,8.4,62.3,329.54,red maple
316,12.3,73.8,880.12,red maple
316,4.7,51.6,86.24,red maple
316,4.0,46.7,58.95,red maple
316,10.2,78.9,615.49,red maple
316,12.9,83.3,980.4,red maple
316,8.5,69.1,458.04,red maple
316,8.1,63.8,320.04,red maple
316,12.5,78.6,948.97,red maple
316,4.7,56.4,86.24,red maple
316,12.0,77.0,860.49,red maple
316,4.0,35.8,58.95,red maple
316,8.3,69.6,360.81,red maple
316,6.8,53.1,175.41,red maple
316,6.2,61.8,202.46,red maple
316,6.3,48.9,182.25,red maple
316,6.3,51.4,158.76,red maple
316,5.7,53.4,125.7,red maple
316,6.8,47.3,207.69,red maple
316,6.5,54.1,205.39,red maple
316,5.3,48.9,116.9,red maple
316,4.0,40.9,58.95,red maple
316,6.2,68.2,208.49,red maple
316,13.8,73.5,1080.0,red maple
316,14.5,71.9,1249.82,red maple
316,10.7,80.6,788.0,red maple
316,20.8,103.2,3278.01,red maple
316,9.9,85.2,603.71,red maple
316,9.6,94.9,635.32,red maple
316,9.2,81.4,483.86,red maple
316,12.3,66.6,703.92,red maple
316,8.3,65.5,398.39,red maple
316,8.2,64.8,332.31,red maple
316,6.0,57.7,181.43,red maple
316,5.5,52.2,147.51,red maple
316,10.3,80.5,682.4,red maple
316,18.6,103.7,2783.53,red maple
316,15.0,83.1,1470.88,red maple
316,12.0,82.2,1001.28,red maple
316,17.2,96.1,2299.51,red maple
316,20.5,100.9,3113.52,red maple
316,5.5,47.5,107.87,red maple
316,5.4,49.1,117.47,red maple
316,4.7,52.0,86.24,red maple
316,8.0,55.9,277.1,red maple
316,4.1,42.5,62.48,red maple
316,7.2,56.6,270.37,red maple
316,6.7,57.1,231.62,red maple
316,6.5,60.7,187.59,red maple
316,7.7,67.8,321.87,red maple
316,11.0,73.6,750.0,red maple
316,10.8,71.7,714.1,red maple
316,7.2,52.4,250.16,red maple
316,4.8,38.7,90.64,red maple
316,7.0,49.5,224.75,red maple
316,10.9,49.5,505.45,red maple
316,9.7,57.2,469.14,red maple
316,8.4,50.2,317.01,red maple
316,9.6,62.6,502.92,red maple
316,9.1,68.2,496.1,red maple
316,7.0,63.0,285.57,red maple
316,7.7,57.2,307.91,red maple
316,9.1,49.4,361.29,red maple
316,11.5,90.0,1079.11,red maple
316,21.4,98.5,4154.75,red maple
316,15.8,84.7,1651.52,red maple
316,9.0,73.4,522.75,red maple
316,8.9,56.3,394.4,red maple
316,9.3,73.2,553.51,red maple
316,4.2,38.5,66.14,red maple
316,3.1,31.1,32.32,red maple
316,3.0,36.0,29.92,red maple
316,4.9,42.3,95.16,red maple
316,9.1,66.5,483.91,red maple
316,11.0,60.2,622.3,red maple
316,15.8,68.0,1339.44,red maple
316,8.6,66.2,434.6,red maple
316,6.0,48.6,167.6,red maple
316,2.3,36.0,16.01,red maple
316,14.4,85.1,1397.73,red maple
316,2.9,42.5,27.62,red maple
316,2.0,24.9,11.53,red maple
316,6.9,66.1,291.95,red maple
316,9.5,61.6,485.59,red maple
316,12.7,85.0,1110.35,red maple
316,8.8,55.2,378.91,red maple
316,5.1,37.0,95.38,red maple
316,10.0,56.7,491.98,red maple
316,6.6,55.7,227.48,red maple
316,5.2,48.2,129.16,red maple
316,15.2,78.0,1420.83,red maple
316,7.7,63.4,340.92,red maple
316,11.3,63.8,688.32,red maple
316,1.5,23.7,5.89,red maple
316,6.7,47.1,197.75,red maple
316,9.6,55.7,448.43,red maple
316,2.8,32.1,25.43,red maple
316,12.0,71.2,848.23,red maple
316,4.0,35.0,58.95,red maple
316,5.7,20.0,62.47,red maple
316,5.7,49.6,156.23,red maple
316,33.7,92.5,7635.89,red maple
316,19.9,96.0,2872.74,red maple
316,6.1,53.3,196.68,red maple
316,9.5,69.0,547.09,red maple
316,10.1,77.1,635.71,red maple
316,9.9,65.0,529.07,red maple
316,12.0,60.0,716.75,red maple
316,8.6,65.3,418.42,red maple
316,7.0,41.6,244.24,red maple
316,6.1,72.6,156.41,red maple
316,3.0,27.6,29.92,red maple
316,5.5,42.4,116.64,red maple
316,6.3,51.1,184.72,red maple
316,8.2,53.3,407.55,red maple
316,14.9,60.9,1408.03,red maple
316,4.1,29.5,62.48,red maple
316,6.1,46.4,162.86,red maple
316,10.0,65.9,682.83,red maple
316,7.7,46.3,271.09,red maple
316,15.9,83.2,2128.89,red maple
316,15.6,56.3,1374.03,red maple
316,18.3,80.5,2662.56,red maple
316,18.0,99.8,2955.52,red maple
316,10.5,84.9,887.25,red maple
316,29.8,105.0,8235.44,red maple
316,14.0,94.7,1790.74,red maple
316,8.1,61.5,429.99,red maple
316,12.3,65.7,1080.95,red maple
316,13.6,59.8,1163.58,red maple
316,18.2,78.0,2642.93,red maple
316,18.5,90.3,2813.59,red maple
316,27.6,74.7,5368.12,red maple
316,10.7,28.4,375.13,red maple
316,17.2,56.6,1738.62,red maple
316,9.1,55.2,494.17,red maple
316,8.1,68.4,412.83,red maple
316,8.0,74.2,483.42,red maple
316,7.5,76.9,449.57,red maple
316,9.1,44.0,376.56,red maple
316,12.8,73.2,1164.08,red maple
316,13.0,60.8,1114.14,red maple
316,22.0,58.3,3133.36,red maple
316,21.4,97.1,3689.76,red maple
316,13.1,61.2,1028.82,red maple
316,25.1,80.9,5165.7,red maple
316,5.7,58.4,163.75,red maple
316,20.6,69.7,3163.38,red maple
316,12.9,67.1,1179.82,red maple
316,12.7,94.5,1366.81,red maple
316,24.8,91.7,5354.3,red maple
316,18.2,82.3,2416.65,red maple
316,15.1,68.1,1538.89,red maple
316,3.0,39.7,29.92,red maple
316,3.6,37.0,45.98,red maple
316,4.4,40.9,73.81,red maple
316,11.9,69.7,864.63,red maple
316,10.4,77.7,805.35,red maple
316,5.2,39.5,48.7,red maple
316,12.9,73.8,1181.36,red maple
316,4.6,35.2,81.98,red maple
316,5.1,49.2,97.36,red maple
316,20.6,70.6,3077.09,red maple
316,14.3,73.1,1352.79,red maple
316,17.3,50.6,1608.14,red maple
316,29.9,98.6,8244.26,red maple
316,16.3,79.2,2066.7,red maple
316,10.2,71.2,811.66,red maple
316,4.5,46.1,77.83,red maple
316,26.9,99.2,6596.21,red maple
316,16.7,89.6,2308.43,red maple
316,3.3,22.4,37.45,red maple
316,4.3,42.9,69.91,red maple
316,16.2,74.8,1934.04,red maple
316,6.1,46.7,162.33,red maple
316,7.0,60.5,305.17,red maple
316,8.9,57.2,496.32,red maple
316,6.6,53.1,250.57,red maple
316,17.0,82.5,2348.05,red maple
316,17.9,78.4,2533.58,red maple
316,11.2,73.6,977.82,red maple
316,3.2,40.5,34.83,red maple
316,22.5,87.8,4188.85,red maple
316,3.7,34.9,49.04,red maple
316,25.6,99.6,5846.42,red maple
316,14.9,63.4,1587.58,red maple
316,8.4,50.0,391.15,red maple
316,15.2,58.9,1528.25,red maple
316,13.1,72.3,1272.81,red maple
316,13.5,68.4,1224.67,red maple
316,14.8,65.7,1511.53,red maple
316,17.4,45.3,1420.2,red maple
316,20.7,79.0,3488.27,red maple
316,10.4,76.2,817.59,red maple
316,11.5,66.2,925.66,red maple
316,23.1,88.7,4540.25,red maple
316,14.2,66.4,1229.51,red maple
316,18.7,87.5,3028.1,red maple
316,14.3,85.3,1697.46,red maple
316,12.8,54.5,994.49,red maple
316,13.9,76.0,1337.91,red maple
316,18.2,75.3,2288.8,red maple
316,17.0,68.7,1919.27,red maple
316,4.5,52.0,77.83,red maple
316,5.2,46.0,82.13,red maple
316,5.9,58.0,156.48,red maple
316,6.1,54.0,165.07,red maple
316,7.6,50.0,283.87,red maple
316,7.8,60.5,345.14,red maple
316,7.8,66.0,366.24,red maple
316,8.4,51.0,365.69,red maple
316,9.3,58.5,507.22,red maple
316,10.0,71.7,684.38,red maple
316,10.2,65.5,672.13,red maple
316,10.6,61.0,696.0,red maple
316,11.9,66.0,940.98,red maple
316,12.2,90.0,1223.67,red maple
316,12.8,65.0,1085.99,red maple
316,14.2,94.0,1732.59,red maple
316,15.3,75.0,1736.18,red maple
318,21.7,101.4,5134.25,sugar maple
318,20.1,80.8,3786.51,sugar maple
318,21.8,70.5,3937.47,sugar maple
318,20.5,92.7,4102.5,sugar maple
318,18.4,84.4,3150.07,sugar maple
318,8.4,64.3,540.44,sugar maple
318,18.1,101.0,3748.29,sugar maple
318,13.1,77.8,1626.23,sugar maple
318,18.4,83.2,3276.46,sugar maple
318,6.8,52.2,334.17,sugar maple
318,12.4,78.5,1478.54,sugar maple
318,18.0,66.7,2524.45,sugar maple
318,14.4,73.0,1839.05,sugar maple
318,16.0,70.7,2361.78,sugar maple
318,10.1,65.9,900.38,sugar maple
318,10.0,71.6,809.42,sugar maple
318,5.9,57.4,227.27,sugar maple
318,5.5,51.9,147.38,sugar maple
318,4.0,39.1,70.39,sugar maple
318,16.1,90.4,2634.47,sugar maple
318,4.7,53.8,104.18,sugar maple
318,22.1,92.4,5129.23,sugar maple
318,7.9,70.1,458.76,sugar maple
318,17.8,73.7,2401.13,sugar maple
318,14.6,74.3,1916.88,sugar maple
318,15.8,80.7,2200.16,sugar maple
318,17.7,93.1,3070.08,sugar maple
318,8.0,64.2,439.82,sugar maple
318,7.4,56.4,241.26,sugar maple
318,5.4,58.6,147.73,sugar maple
318,9.0,74.4,638.5,sugar maple
318,9.4,75.1,664.6,sugar maple
318,6.9,60.4,313.26,sugar maple
318,13.3,77.8,1253.89,sugar maple
318,7.0,70.6,311.43,sugar maple
318,8.5,74.7,519.55,sugar maple
318,10.3,77.7,769.64,sugar maple
318,9.4,86.5,801.82,sugar maple
318,6.9,70.2,348.78,sugar maple
318,9.0,67.7,575.88,sugar maple
318,8.3,80.1,522.4,sugar maple
318,5.8,53.6,181.41,sugar maple
318,6.4,62.4,240.14,sugar maple
318,5.8,49.6,171.05,sugar maple
318,10.5,81.1,877.57,sugar maple
318,7.0,59.6,282.28,sugar maple
318,8.2,67.8,421.0,sugar maple
318,3.6,33.0,54.48,sugar maple
318,6.5,62.8,219.31,sugar maple
318,5.8,55.2,172.79,sugar maple
318,8.2,58.1,344.34,sugar maple
318,9.0,59.8,498.32,sugar maple
318,7.0,66.4,329.25,sugar maple
318,6.1,56.5,185.43,sugar maple
318,8.2,70.7,481.36,sugar maple
318,13.2,79.0,1258.41,sugar maple
318,15.7,91.7,2158.98,sugar maple
318,16.9,84.6,2254.79,sugar maple
318,18.2,73.8,2223.12,sugar maple
318,20.0,83.9,2839.01,sugar maple
318,22.0,77.3,3400.17,sugar maple
318,23.6,91.9,4352.29,sugar maple
318,16.7,79.4,2007.67,sugar maple
318,24.4,89.5,4680.49,sugar maple
318,25.0,88.6,4920.32,sugar maple
318,19.8,83.8,2787.3,sugar maple
318,22.5,85.9,3869.35,sugar maple
318,18.2,82.3,2422.34,sugar maple
318,20.6,91.7,3343.43,sugar maple
318,6.1,55.3,149.13,sugar maple
318,5.8,53.8,163.42,sugar maple
318,5.2,52.2,153.19,sugar maple
318,5.2,61.3,161.73,sugar maple
318,4.8,56.2,109.65,sugar maple
318,4.2,43.8,79.25,sugar maple
318,4.4,46.8,88.74,sugar maple
318,6.3,55.7,239.76,sugar maple
318,6.1,51.3,194.58,sugar maple
318,8.6,73.2,586.99,sugar maple
318,9.9,73.5,710.42,sugar maple
318,5.4,55.8,135.49,sugar maple
318,4.0,47.1,70.39,sugar maple
318,5.9,59.1,237.94,sugar maple
318,5.9,54.7,209.85,sugar maple
318,5.5,55.8,176.74,sugar maple
318,4.0,41.7,70.39,sugar maple
318,4.0,29.8,70.39,sugar maple
318,5.5,47.2,156.29,sugar maple
318,7.0,61.5,316.58,sugar maple
318,6.9,61.1,313.89,sugar maple
318,7.3,60.0,332.21,sugar maple
318,6.2,64.4,278.2,sugar maple
318,21.9,80.3,3617.65,sugar maple
318,25.8,80.0,6322.34,sugar maple
318,8.2,56.1,361.6,sugar maple
318,5.6,57.9,143.36,sugar maple
318,7.0,69.9,245.42,sugar maple
318,7.7,59.2,309.8,sugar maple
318,9.0,37.2,455.02,sugar maple
318,7.8,56.2,405.88,sugar maple
318,5.1,51.1,132.15,sugar maple
318,6.2,73.1,237.49,sugar maple
318,5.1,49.3,116.62,sugar maple
318,6.4,71.3,309.68,sugar maple
318,8.5,79.2,602.55,sugar maple
318,7.5,62.1,409.52,sugar maple
318,7.8,68.4,463.41,sugar maple
318,12.0,71.0,1060.59,sugar maple
318,6.4,55.3,294.95,sugar maple
318,4.6,46.2,98.87,sugar maple
318,7.4,61.5,323.18,sugar maple
318,6.7,44.5,201.09,sugar maple
318,8.6,55.0,436.04,sugar maple
318,5.3,49.5,125.81,sugar maple
318,6.8,48.4,237.6,sugar maple
318,8.0,61.1,415.59,sugar maple
318,7.9,61.6,432.2,sugar maple
318,6.1,51.7,238.99,sugar maple
318,7.7,56.8,402.37,sugar maple
318,7.2,45.3,302.27,sugar maple
318,15.9,67.1,2039.87,sugar maple
318,4.6,40.1,98.87,sugar maple
318,16.5,67.3,2308.96,sugar maple
318,18.2,74.7,2717.6,sugar maple
318,11.0,58.5,872.9,sugar maple
318,3.2,27.5,40.92,sugar maple
318,12.8,61.6,1157.63,sugar maple
318,11.9,103.4,1507.74,sugar maple
318,12.3,92.9,1523.93,sugar maple
318,4.8,50.7,109.65,sugar maple
318,6.6,30.5,147.48,sugar maple
318,9.1,75.9,773.13,sugar maple
318,13.4,41.8,857.2,sugar maple
318,26.3,92.6,6833.34,sugar maple
318,6.5,35.6,196.98,sugar maple
318,8.9,62.5,696.53,sugar maple
318,8.1,70.8,522.02,sugar maple
318,9.2,45.2,491.55,sugar maple
318,11.4,46.5,934.73,sugar maple
318,10.9,70.2,975.06,sugar maple
318,12.2,63.7,1177.36,sugar maple
318,12.2,77.2,1382.06,sugar maple
318,13.8,45.5,1266.34,sugar maple
318,14.0,56.7,1514.14,sugar maple
318,13.1,85.9,1881.55,sugar maple
318,18.8,62.4,2650.5,sugar maple
318,17.5,68.0,2557.14,sugar maple
318,19.3,81.7,3686.47,sugar maple
318,20.4,79.6,3899.8,sugar maple
318,24.5,60.6,4430.36,sugar maple
318,30.1,86.3,9086.28,sugar maple
318,31.4,76.9,8952.21,sugar maple
318,8.8,57.8,495.28,sugar maple
318,15.2,72.3,2085.54,sugar maple
318,11.5,66.4,925.28,sugar maple
318,4.4,49.0,88.74,sugar maple
318,11.0,81.2,1131.68,sugar maple
318,3.6,54.3,54.48,sugar maple
318,17.3,64.4,2421.59,sugar maple
318,16.6,73.4,2479.46,sugar maple
318,14.1,67.2,1418.26,sugar maple
318,22.2,100.1,5187.39,sugar maple
318,4.2,41.5,79.25,sugar maple
318,10.9,61.2,861.14,sugar maple
318,14.5,82.1,2196.11,sugar maple
318,13.3,57.9,1360.11,sugar maple
318,12.7,70.3,1297.43,sugar maple
318,3.3,34.1,44.1,sugar maple
318,9.6,56.4,632.04,sugar maple
318,19.8,76.9,3448.88,sugar maple
318,19.8,67.1,2893.15,sugar maple
318,25.6,78.1,5570.43,sugar maple
318,3.1,25.2,37.89,sugar maple
318,6.0,62.6,232.55,sugar maple
318,5.1,39.6,112.96,sugar maple
318,5.7,53.0,181.11,sugar maple
318,15.9,71.8,2247.8,sugar maple
318,3.3,27.5,44.1,sugar maple
318,5.3,39.7,111.52,sugar maple
318,28.0,104.7,8531.35,sugar maple
318,19.8,84.6,3856.67,sugar maple
318,4.8,41.7,109.65,sugar maple
318,3.5,36.4,50.88,sugar maple
318,15.8,80.0,2583.18,sugar maple
318,8.8,66.0,681.34,sugar maple
318,3.6,38.4,54.48,sugar maple
318,14.3,86.2,1970.29,sugar maple
318,7.9,52.5,359.45,sugar maple
318,11.5,79.0,1298.67,sugar maple
318,14.8,90.8,2170.63,sugar maple
318,8.4,63.3,558.78,sugar maple
318,4.6,33.3,98.87,sugar maple
318,4.7,35.8,104.18,sugar maple
318,5.5,43.0,111.94,sugar maple
318,6.2,33.8,116.51,sugar maple
318,7.8,42.4,318.34,sugar maple
318,5.8,35.8,130.22,sugar maple
318,5.0,42.5,102.48,sugar maple
318,6.8,53.3,264.0,sugar maple
318,9.1,56.0,607.71,sugar maple
318,9.6,59.3,619.68,sugar maple
318,9.1,62.7,661.73,sugar maple
318,10.5,61.7,807.41,sugar maple
318,12.5,46.1,941.01,sugar maple
318,10.6,50.5,721.05,sugar maple
318,10.9,60.1,812.74,sugar maple
318,10.7,63.0,956.88,sugar maple
318,12.8,57.0,1265.47,sugar maple
318,10.4,71.2,947.97,sugar maple
318,12.5,70.7,1388.89,sugar maple
318,15.8,53.3,1777.99,sugar maple
318,15.9,60.1,1947.3,sugar maple
318,15.1,48.2,1557.77,sugar maple
318,13.2,66.4,1426.73,sugar maple
318,16.2,67.1,2156.53,sugar maple
318,14.0,64.5,1594.08,sugar maple
318,12.4,82.2,1478.54,sugar maple
318,14.4,67.9,1779.05,sugar maple
318,17.3,64.0,2456.99,sugar maple
318,21.0,58.0,3142.04,sugar maple
318,17.1,66.0,2111.32,sugar maple
318,23.5,81.6,5216.29,sugar maple
318,17.1,83.9,2776.94,sugar maple
318,18.7,83.3,3231.67,sugar maple
318,26.1,67.6,5605.62,sugar maple
318,24.7,69.8,5092.92,sugar maple
318,24.8,82.1,6121.53,sugar maple
318,28.0,67.7,6729.9,sugar maple
318,14.4,60.0,1587.48,sugar maple
318,11.8,65.4,1208.31,sugar maple
318,8.6,69.2,583.37,sugar maple
318,8.5,73.0,610.24,sugar maple
318,12.6,42.2,788.52,sugar maple
318,17.4,69.7,2503.57,sugar maple
318,18.0,56.1,2380.48,sugar maple
318,18.1,94.8,3320.21,sugar maple
318,17.3,90.6,2842.11,sugar maple
318,8.1,70.9,604.89,sugar maple
318,17.6,86.7,2924.53,sugar maple
318,8.7,66.2,646.07,sugar maple
318,12.8,77.1,1487.48,sugar maple
318,13.1,81.7,1613.64,sugar maple
318,16.4,87.9,2602.13,sugar maple
318,15.0,87.8,2226.4,sugar maple
318,18.6,53.7,2332.15,sugar maple
318,9.1,60.4,607.71,sugar maple
318,9.4,84.2,779.41,sugar maple
318,5.3,46.3,124.3,sugar maple
318,17.5,86.8,3066.51,sugar maple
318,25.3,92.6,6467.93,sugar maple
318,9.5,66.6,711.78,sugar maple
318,5.3,46.3,124.3,sugar maple
318,6.7,51.0,271.42,sugar maple
318,15.8,90.2,2500.78,sugar maple
318,5.0,39.4,89.26,sugar maple
318,5.5,61.5,177.02,sugar maple
318,6.1,35.6,166.58,sugar maple
318,2.5,27.6,22.47,sugar maple
318,11.7,80.6,1273.93,sugar maple
318,18.5,85.6,3386.03,sugar maple
318,17.2,70.6,2558.68,sugar maple
318,17.3,54.5,2161.63,sugar maple
318,26.0,92.8,7105.27,sugar maple
318,20.0,76.4,3665.11,sugar maple
318,11.3,65.8,1031.32,sugar maple
318,9.1,65.8,651.15,sugar maple
318,1.3,19.7,4.62,sugar maple
318,2.3,27.2,18.36,sugar maple
318,8.6,58.6,531.85,sugar maple
318,4.2,42.8,79.25,sugar maple
318,6.2,60.3,247.93,sugar maple
318,4.0,39.6,70.39,sugar maple
318,8.8,53.3,524.18,sugar maple
318,11.7,45.5,856.49,sugar maple
371,10.3,68.7,766.13,yellow birch
371,10.2,66.0,697.74,yellow birch
371,10.2,70.3,764.51,yellow birch
371,10.3,71.3,686.96,yellow birch
371,9.8,68.6,599.22,yellow birch
371,10.2,74.7,705.99,yellow birch
371,9.8,75.0,709.99,yellow birch
371,9.8,68.6,595.25,yellow birch
371,9.9,62.5,658.05,yellow birch
371,9.8,75.0,670.9,yellow birch
371,10.2,70.8,727.43,yellow birch
371,10.3,68.7,741.54,yellow birch
371,10.5,70.0,773.49,yellow birch
371,9.7,68.7,633.38,yellow birch
371,9.9,54.9,668.78,yellow birch
371,9.8,74.9,738.1,yellow birch
371,10.0,71.7,745.97,yellow birch
371,10.5,72.0,748.77,yellow birch
371,10.0,61.6,634.78,yellow birch
371,10.4,76.7,840.8,yellow birch
371,10.1,76.5,793.01,yellow birch
371,10.1,76.5,712.51,yellow birch
371,10.4,64.8,704.62,yellow birch
371,10.4,58.0,648.58,yellow birch
371,10.4,64.8,710.03,yellow birch
371,11.7,50.0,796.92,yellow birch
371,12.0,53.0,855.11,yellow birch
371,26.0,85.0,5623.75,yellow birch
371,11.0,71.0,807.74,yellow birch
371,11.3,72.0,783.65,yellow birch
371,11.0,74.7,831.33,yellow birch
371,26.0,89.0,5874.34,yellow birch
371,26.0,87.0,5737.31,yellow birch
371,26.2,91.0,6063.73,yellow birch
371,28.0,88.0,6737.06,yellow birch
371,28.1,86.1,6665.01,yellow birch
371,28.8,76.5,6280.19,yellow birch
371,29.0,79.0,6551.57,yellow birch
371,10.6,64.2,763.04,yellow birch
371,10.9,60.0,649.56,yellow birch
371,11.3,61.0,820.52,yellow birch
371,11.4,63.2,788.91,yellow birch
371,10.9,70.0,878.62,yellow birch
371,10.7,71.5,754.95,yellow birch
371,10.6,69.8,839.58,yellow birch
371,11.0,74.8,965.15,yellow birch
371,10.8,76.0,764.59,yellow birch
371,11.0,78.0,826.63,yellow birch
371,11.3,75.1,828.09,yellow birch
371,11.5,64.0,884.29,yellow birch
371,25.8,82.3,5411.5,yellow birch
371,26.2,91.0,6063.73,yellow birch
371,28.1,86.1,6651.07,yellow birch
371,11.0,71.0,808.93,yellow birch
371,11.3,75.1,833.11,yellow birch
371,6.9,69.0,357.43,yellow birch
371,8.8,72.0,540.31,yellow birch
371,8.5,66.0,491.21,yellow birch
371,7.0,57.0,325.48,yellow birch
371,9.9,82.6,835.47,yellow birch
371,11.4,81.1,1124.09,yellow birch
371,14.7,87.8,2018.68,yellow birch
371,10.9,78.4,1045.85,yellow birch
371,11.2,75.5,1077.51,yellow birch
371,8.3,74.8,568.3,yellow birch
371,11.1,83.5,1118.36,yellow birch
371,10.5,75.1,928.42,yellow birch
371,13.5,84.2,1663.43,yellow birch
371,9.6,84.9,850.77,yellow birch
371,8.5,73.8,602.49,yellow birch
371,8.3,73.9,573.67,yellow birch
371,13.4,75.9,1460.22,yellow birch
371,11.6,77.9,1063.86,yellow birch
371,14.3,86.4,1863.65,yellow birch
371,13.3,90.1,1666.61,yellow birch
371,14.6,82.5,1944.1,yellow birch
371,15.1,81.9,2055.26,yellow birch
371,10.4,75.8,875.83,yellow birch
371,17.5,77.5,2516.79,yellow birch
371,5.7,53.8,200.8,yellow birch
371,7.5,69.4,440.7,yellow birch
371,8.2,72.1,554.3,yellow birch
371,10.6,77.2,906.24,yellow birch
371,9.3,79.1,761.53,yellow birch
371,7.4,75.1,428.06,yellow birch
371,6.7,68.5,327.35,yellow birch
371,10.2,77.0,850.31,yellow birch
371,8.7,75.4,592.55,yellow birch
371,5.3,55.3,133.24,yellow birch
371,6.0,63.8,241.79,yellow birch
371,6.2,66.6,229.53,yellow birch
371,18.8,81.6,3042.98,yellow birch
371,14.7,79.5,1827.47,yellow birch
371,16.8,80.5,2436.64,yellow birch
371,12.4,73.2,1265.11,yellow birch
371,19.0,77.3,3002.59,yellow birch
371,18.1,79.2,2793.92,yellow birch
371,15.1,75.9,1827.93,yellow birch
371,8.7,73.7,609.55,yellow birch
371,9.2,66.8,651.22,yellow birch
371,16.7,74.9,2248.67,yellow birch
371,5.4,71.5,161.78,yellow birch
371,19.1,67.0,2589.23,yellow birch
371,13.8,65.4,1325.18,yellow birch
371,13.7,60.7,1266.21,yellow birch
371,21.3,73.4,3609.15,yellow birch
371,16.7,69.0,2229.87,yellow birch
371,17.9,65.6,2636.85,yellow birch
371,22.4,72.7,4242.68,yellow birch
371,12.3,70.8,1107.65,yellow birch
371,17.9,73.9,2452.58,yellow birch
371,19.8,76.9,3256.88,yellow birch
371,19.9,71.6,3140.83,yellow birch
371,17.4,90.6,2988.88,yellow birch
371,18.2,71.1,2476.49,yellow birch
371,19.7,66.9,2836.7,yellow birch
371,21.7,73.5,3875.6,yellow birch
371,11.9,69.8,1050.13,yellow birch
371,14.3,70.1,1508.15,yellow birch
371,12.6,53.4,970.4,yellow birch
371,8.8,37.1,333.68,yellow birch
371,5.1,29.8,149.65,yellow birch
371,3.7,37.1,51.84,yellow birch
371,13.2,67.7,1142.18,yellow birch
371,4.7,40.9,91.19,yellow birch
371,3.6,37.7,48.59,yellow birch
371,4.4,41.3,78.04,yellow birch
371,6.1,59.9,292.41,yellow birch
371,4.5,55.3,82.29,yellow birch
371,7.0,59.7,352.25,yellow birch
371,2.9,31.0,29.18,yellow birch
371,3.3,32.0,39.58,yellow birch
371,3.8,29.4,55.21,yellow birch
371,2.6,17.9,22.56,yellow birch
371,3.0,22.1,31.61,yellow birch
371,2.5,25.9,20.57,yellow birch
371,8.4,37.1,311.67,yellow birch
371,2.6,24.0,22.56,yellow birch
371,2.6,23.4,22.56,yellow birch
371,2.9,22.6,29.18,yellow birch
371,5.5,44.9,87.84,yellow birch
371,2.1,25.3,13.65,yellow birch
371,7.7,60.0,343.53,yellow birch
371,8.1,65.0,397.09,yellow birch
371,2.4,28.9,18.69,yellow birch
371,5.5,61.0,173.75,yellow birch
371,4.3,44.0,73.91,yellow birch
371,7.2,56.8,292.42,yellow birch
371,6.5,63.0,250.93,yellow birch
371,8.3,62.0,416.06,yellow birch
371,6.5,52.3,152.88,yellow birch
371,10.0,54.0,657.83,yellow birch
371,10.0,44.0,657.83,yellow birch
371,13.2,58.0,1186.04,yellow birch
371,7.2,43.0,224.66,yellow birch
371,12.0,54.0,840.04,yellow birch
371,11.0,65.5,821.23,yellow birch
371,12.7,51.5,983.09,yellow birch
371,7.9,51.0,424.18,yellow birch
371,6.3,47.1,197.87,yellow birch
371,14.4,50.5,1247.22,yellow birch
371,5.1,58.0,147.41,yellow birch
371,9.6,64.0,715.85,yellow birch
371,5.9,53.6,186.87,yellow birch
371,6.3,36.3,148.84,yellow birch
371,7.6,56.1,331.83,yellow birch
371,8.8,63.4,535.71,yellow birch
371,8.4,68.6,489.35,yellow birch
371,5.7,37.4,138.11,yellow birch
371,6.8,54.8,302.71,yellow birch
371,6.4,50.9,210.88,yellow birch
371,8.0,73.8,447.19,yellow birch
371,9.3,68.5,592.84,yellow birch
371,6.8,60.9,277.66,yellow birch
371,8.0,51.4,376.9,yellow birch
371,9.1,52.4,336.24,yellow birch
371,7.6,57.3,350.93,yellow birch
371,8.2,71.0,493.01,yellow birch
371,8.8,67.9,524.62,yellow birch
371,7.7,58.7,359.23,yellow birch
371,8.2,54.1,383.64,yellow birch
371,5.8,37.3,120.41,yellow birch
371,7.0,55.0,287.56,yellow birch
371,5.5,36.7,105.07,yellow birch
371,8.7,49.0,329.57,yellow birch
371,7.5,52.5,269.85,yellow birch
371,7.1,53.3,271.13,yellow birch
371,6.2,35.3,137.98,yellow birch
371,6.9,43.0,216.39,yellow birch
371,7.2,61.7,328.27,yellow birch
371,7.7,53.2,350.95,yellow birch
371,6.7,45.7,240.09,yellow birch
371,6.6,47.2,252.02,yellow birch
371,13.1,53.0,1094.06,yellow birch
371,6.5,51.9,277.18,yellow birch
371,4.6,39.7,86.67,yellow birch
371,4.9,41.6,100.62,yellow birch
371,7.4,61.0,374.68,yellow birch
371,7.2,47.3,285.01,yellow birch
371,6.3,47.5,236.42,yellow birch
371,10.0,49.3,606.55,yellow birch
371,12.1,61.8,990.29,yellow birch
371,15.2,59.5,1726.33,yellow birch
371,10.3,64.9,842.15,yellow birch
371,3.6,27.8,48.59,yellow birch
371,3.2,34.6,36.81,yellow birch
371,8.7,51.5,445.32,yellow birch
371,4.8,27.3,95.84,yellow birch
371,5.0,49.6,114.2,yellow birch
371,7.9,57.7,481.76,yellow birch
371,5.1,51.3,79.04,yellow birch
371,12.1,71.9,1223.05,yellow birch
371,11.6,73.9,1111.05,yellow birch
371,14.4,46.0,1206.06,yellow birch
371,13.5,45.5,936.98,yellow birch
371,19.0,70.4,2836.21,yellow birch
371,7.5,60.2,348.0,yellow birch
371,15.2,68.4,1893.73,yellow birch
371,7.8,54.7,428.02,yellow birch
371,7.0,58.0,303.7,yellow birch
371,25.4,77.0,5652.39,yellow birch
371,10.2,67.8,837.04,yellow birch
371,5.2,38.4,76.41,yellow birch
371,28.4,72.5,6660.09,yellow birch
371,3.5,33.2,45.47,yellow birch
371,13.5,75.4,1362.12,yellow birch
371,3.5,39.3,45.47,yellow birch
371,6.4,49.0,172.08,yellow birch
371,8.3,42.8,372.35,yellow birch
371,8.0,58.9,478.65,yellow birch
371,10.0,57.2,666.17,yellow birch
371,10.4,59.9,733.21,yellow birch
371,17.5,57.0,2020.8,yellow birch
371,15.4,60.8,1608.93,yellow birch
371,19.0,63.6,2519.32,yellow birch
371,25.8,63.3,4447.08,yellow birch
371,14.0,60.2,1436.57,yellow birch
371,7.3,44.2,264.06,yellow birch
371,11.1,47.9,746.55,yellow birch
371,8.5,71.1,549.93,yellow birch
371,17.0,69.5,2309.15,yellow birch
371,17.0,63.9,2182.3,yellow birch
371,15.0,43.6,1303.48,yellow birch
371,20.1,77.6,3494.16,yellow birch
371,19.7,67.4,3053.34,yellow birch
371,8.7,59.5,514.63,yellow birch
371,1.3,18.0,4.45,yellow birch
371,9.4,45.9,510.28,yellow birch
371,4.2,39.3,69.92,yellow birch
371,4.3,47.3,73.91,yellow birch
371,20.3,50.9,2691.31,yellow birch
371,1.1,19.3,3.03,yellow birch
371,4.6,46.3,86.67,yellow birch
371,11.9,52.4,917.45,yellow birch
371,6.5,50.9,234.34,yellow birch
371,13.4,80.1,1562.32,yellow birch
371,12.8,44.2,948.89,yellow birch
371,6.0,36.6,152.22,yellow birch
371,2.4,28.5,18.69,yellow birch
371,10.7,74.0,1025.3,yellow birch
541,22.3,108.0,5306.14,white ash
541,17.4,103.9,3198.58,white ash
541,17.4,102.4,3134.83,white ash
541,17.7,106.4,3230.47,white ash
541,19.0,94.0,3416.1,white ash
541,18.8,105.9,3629.8,white ash
541,22.0,94.9,4654.02,white ash
541,14.3,85.1,1964.94,white ash
541,13.4,68.3,1472.8,white ash
541,14.8,81.4,2076.26,white ash
541,13.8,72.9,1556.4,white ash
541,13.3,72.0,1512.38,white ash
541,10.0,68.8,849.96,white ash
541,11.8,75.9,1266.78,white ash
541,9.1,49.9,526.78,white ash
541,17.4,77.7,2627.4,white ash
541,13.6,70.9,1595.14,white ash
541,14.8,76.1,1895.56,white ash
541,16.2,76.6,2415.31,white ash
541,7.0,56.8,291.88,white ash
541,22.5,106.0,5242.64,white ash
541,21.7,102.0,4966.71,white ash
541,17.0,82.0,2638.87,white ash
541,6.9,45.6,243.51,white ash
541,8.6,80.1,512.53,white ash
541,6.8,80.4,296.67,white ash
541,7.0,81.5,323.91,white ash
541,5.9,67.2,191.11,white ash
541,19.4,93.3,2710.11,white ash
541,14.6,90.8,1619.29,white ash
541,22.5,110.1,4293.04,white ash
541,6.9,66.8,306.96,white ash
541,4.9,46.7,90.77,white ash
541,9.3,58.3,424.98,white ash
541,4.0,46.5,54.85,white ash
541,10.6,56.7,788.28,white ash
541,6.7,58.9,304.03,white ash
541,7.8,69.6,499.69,white ash
541,11.0,76.9,1147.22,white ash
541,4.8,27.0,86.24,white ash
541,9.3,69.8,699.09,white ash
541,12.4,64.7,1234.39,white ash
541,3.6,45.2,42.23,white ash
541,6.3,54.7,233.89,white ash
541,16.5,83.2,2359.65,white ash
541,7.9,85.9,547.05,white ash
541,4.5,38.2,73.48,white ash
541,6.2,59.0,256.0,white ash
541,11.4,66.0,996.04,white ash
541,15.2,82.3,2063.6,white ash
541,4.2,43.2,61.91,white ash
541,3.9,52.3,51.51,white ash
541,4.8,54.0,86.24,white ash
541,9.9,72.4,794.21,white ash
541,13.7,72.6,1489.59,white ash
541,30.1,93.8,8784.48,white ash
541,8.6,63.7,547.29,white ash
541,18.5,106.5,3294.38,white ash
541,4.1,45.0,58.32,white ash
541,11.3,73.4,1123.19,white ash
541,4.7,49.9,81.85,white ash
541,17.8,104.0,3463.09,white ash
541,30.0,125.3,10477.67,white ash
541,13.4,93.3,1843.83,white ash
541,9.8,65.9,747.63,white ash
541,13.4,73.2,1342.8,white ash
541,17.3,72.7,2471.47,white ash
541,17.4,75.1,2584.91,white ash
541,8.5,77.8,629.13,white ash
541,21.2,94.1,4353.27,white ash
541,9.0,60.8,566.85,white ash
541,14.0,80.1,1811.84,white ash
541,11.0,56.7,859.36,white ash
543,6.2,44.9,173.78,black ash
543,7.8,51.1,259.38,black ash
543,7.0,51.4,229.62,black ash
543,8.5,48.8,304.39,black ash
543,8.1,54.4,323.3,black ash
543,6.6,58.5,210.78,black ash
543,7.5,56.3,331.89,black ash
543,6.5,48.2,195.13,black ash
543,6.9,50.0,261.28,black ash
543,11.4,66.0,875.73,black ash
543,15.2,64.7,1421.89,black ash
543,11.0,51.8,648.58,black ash
543,4.0,27.4,54.85,black ash
543,3.9,34.6,51.51,black ash
543,8.4,51.2,405.63,black ash
543,6.4,49.1,205.81,black ash
543,13.7,70.5,1339.18,black ash
543,4.7,40.4,81.85,black ash
743,6.7,70.0,229.98,bigtooth aspen
743,9.2,67.3,376.71,bigtooth aspen
743,6.0,61.1,150.47,bigtooth aspen
743,10.0,72.6,501.85,bigtooth aspen
743,9.0,86.0,434.02,bigtooth aspen
743,7.3,66.7,254.41,bigtooth aspen
743,10.5,83.3,585.44,bigtooth aspen
743,9.5,79.5,478.41,bigtooth aspen
743,16.0,96.9,1468.32,bigtooth aspen
743,17.0,89.3,1672.31,bigtooth aspen
743,11.7,85.9,736.6,bigtooth aspen
743,10.6,84.9,638.66,bigtooth aspen
743,8.6,86.6,263.38,bigtooth aspen
743,8.9,61.0,285.66,bigtooth aspen
743,6.7,42.7,156.4,bigtooth aspen
743,6.7,51.8,164.94,bigtooth aspen
743,7.1,64.3,232.24,bigtooth aspen
743,6.1,52.3,134.98,bigtooth aspen
743,8.6,66.0,323.14,bigtooth aspen
743,7.2,46.6,164.81,bigtooth aspen
743,5.6,59.7,135.97,bigtooth aspen
743,7.4,30.0,171.61,bigtooth aspen
743,7.0,49.9,166.59,bigtooth aspen
743,8.9,57.8,333.09,bigtooth aspen
743,6.3,55.0,147.14,bigtooth aspen
743,6.7,60.8,195.65,bigtooth aspen
743,6.6,66.0,211.05,bigtooth aspen
743,6.3,65.6,182.75,bigtooth aspen
743,8.9,77.0,380.07,bigtooth aspen
743,7.6,64.9,261.91,bigtooth aspen
743,8.5,73.8,360.56,bigtooth aspen
743,7.4,65.4,267.63,bigtooth aspen
743,7.1,55.9,207.76,bigtooth aspen
743,6.6,55.7,177.17,bigtooth aspen
743,8.4,63.0,314.18,bigtooth aspen
743,9.6,72.6,541.72,bigtooth aspen
743,6.7,55.6,210.91,bigtooth aspen
743,12.3,73.5,949.93,bigtooth aspen
743,9.4,59.4,459.04,bigtooth aspen
743,14.4,76.0,1336.15,bigtooth aspen
743,4.0,35.5,42.87,bigtooth aspen
743,7.9,47.5,293.8,bigtooth aspen
743,7.0,62.3,305.59,bigtooth aspen
743,9.3,50.4,380.36,bigtooth aspen
743,15.2,87.9,1612.15,bigtooth aspen
743,11.0,82.8,812.25,bigtooth aspen
743,8.4,59.1,328.62,bigtooth aspen
743,16.8,65.8,1442.32,bigtooth aspen
743,15.3,73.5,1277.49,bigtooth aspen
743,11.7,85.1,916.88,bigtooth aspen
743,7.7,83.7,385.2,bigtooth aspen
743,15.0,99.0,1766.32,bigtooth aspen
743,12.1,77.8,950.87,bigtooth aspen
743,3.6,44.4,33.37,bigtooth aspen
743,5.5,59.6,147.57,bigtooth aspen
743,11.7,70.3,860.83,bigtooth aspen
743,4.5,37.2,56.74,bigtooth aspen
743,7.9,53.3,272.61,bigtooth aspen
743,11.6,75.2,843.44,bigtooth aspen
743,16.6,103.6,2140.71,bigtooth aspen
743,11.4,57.1,647.16,bigtooth aspen
746,5.7,58.6,136.52,quaking aspen
746,7.4,62.0,235.04,quaking aspen
746,6.3,63.5,175.52,quaking aspen
746,7.0,67.8,223.71,quaking aspen
746,4.2,49.3,48.15,quaking aspen
746,7.1,72.6,239.59,quaking aspen
746,7.5,76.0,273.49,quaking aspen
746,7.3,75.8,259.33,quaking aspen
746,7.4,76.1,266.79,quaking aspen
746,6.0,71.5,170.87,quaking aspen
746,7.0,75.0,237.78,quaking aspen
746,7.0,76.0,239.67,quaking aspen
746,8.1,79.0,324.8,quaking aspen
746,6.0,73.0,172.94,quaking aspen
746,8.3,79.5,341.9,quaking aspen
746,7.6,79.2,287.67,quaking aspen
746,2.8,30.5,18.37,quaking aspen
746,2.9,30.8,19.96,quaking aspen
746,2.8,30.8,18.37,quaking aspen
746,2.6,27.0,15.41,quaking aspen
746,2.3,29.7,11.53,quaking aspen
746,3.9,32.0,40.37,quaking aspen
746,1.8,22.7,6.46,quaking aspen
746,2.4,28.4,12.75,quaking aspen
746,1.9,25.2,7.34,quaking aspen
746,2.6,30.2,15.41,quaking aspen
746,1.5,20.7,4.22,quaking aspen
746,1.4,20.9,3.59,quaking aspen
746,2.0,24.7,8.28,quaking aspen
746,2.4,30.3,12.75,quaking aspen
746,1.9,26.2,7.34,quaking aspen
746,2.1,27.8,9.29,quaking aspen
746,2.5,31.6,14.04,quaking aspen
746,1.5,25.7,4.22,quaking aspen
746,1.8,26.3,6.46,quaking aspen
746,1.6,26.2,4.9,quaking aspen
746,3.0,31.1,21.64,quaking aspen
746,3.2,32.3,25.22,quaking aspen
746,3.3,32.7,27.14,quaking aspen
746,4.5,45.8,56.74,quaking aspen
746,12.8,96.2,914.24,quaking aspen
746,13.3,93.2,969.9,quaking aspen
746,13.2,69.3,761.8,quaking aspen
746,13.1,67.5,755.63,quaking aspen
746,13.8,79.1,923.71,quaking aspen
746,13.5,79.8,855.08,quaking aspen
746,14.0,66.6,754.34,quaking aspen
746,14.0,65.8,802.74,quaking aspen
746,15.1,63.7,900.59,quaking aspen
746,12.2,59.7,580.02,quaking aspen
746,15.4,61.4,1006.59,quaking aspen
746,6.2,51.6,140.82,quaking aspen
746,8.6,55.5,301.85,quaking aspen
746,6.4,44.1,137.06,quaking aspen
746,8.1,51.0,225.86,quaking aspen
746,8.7,72.2,348.09,quaking aspen
746,10.8,70.8,529.83,quaking aspen
746,14.7,85.4,1161.71,quaking aspen
746,13.0,93.8,1002.68,quaking aspen
746,13.7,97.6,1121.87,quaking aspen
746,16.8,92.1,1635.91,quaking aspen
746,13.5,72.5,847.32,quaking aspen
746,10.0,67.8,437.18,quaking aspen
746,10.0,72.3,471.03,quaking aspen
746,6.1,65.1,154.39,quaking aspen
746,8.1,71.6,294.36,quaking aspen
746,10.8,72.0,529.83,quaking aspen
746,9.2,56.7,307.01,quaking aspen
746,6.1,50.8,125.46,quaking aspen
746,9.6,92.7,506.67,quaking aspen
746,6.5,70.9,200.22,quaking aspen
746,6.6,64.1,186.17,quaking aspen
746,10.4,91.5,531.12,quaking aspen
746,7.0,80.8,235.62,quaking aspen
746,6.2,64.7,149.52,quaking aspen
746,7.9,69.2,250.56,quaking aspen
746,8.4,71.8,305.52,quaking aspen
746,6.9,76.6,200.1,quaking aspen
746,10.8,72.7,513.79,quaking aspen
746,12.2,77.9,724.55,quaking aspen
746,13.2,79.2,837.45,quaking aspen
746,14.4,81.7,975.72,quaking aspen
746,12.2,78.5,716.5,quaking aspen
746,12.2,89.2,758.18,quaking aspen
746,10.4,79.4,518.71,quaking aspen
746,9.9,69.1,413.99,quaking aspen
746,4.5,49.2,56.74,quaking aspen
746,5.9,60.1,145.71,quaking aspen
746,6.4,61.4,178.75,quaking aspen
746,8.7,63.7,317.8,quaking aspen
746,5.6,56.6,108.05,quaking aspen
746,6.1,59.0,146.19,quaking aspen
746,5.4,56.6,105.74,quaking aspen
746,5.5,59.2,118.43,quaking aspen
746,8.5,70.6,320.03,quaking aspen
746,7.5,66.3,257.61,quaking aspen
746,7.2,65.3,234.75,quaking aspen
746,7.0,67.3,227.3,quaking aspen
746,6.4,65.0,167.11,quaking aspen
746,11.3,74.0,577.61,quaking aspen
746,8.9,69.5,355.32,quaking aspen
746,10.2,66.0,397.81,quaking aspen
746,7.2,52.3,198.69,quaking aspen
746,7.0,50.4,162.41,quaking aspen
746,11.0,50.4,363.11,quaking aspen
746,9.3,47.1,236.62,quaking aspen
746,12.0,65.8,558.72,quaking aspen
746,5.7,46.9,107.03,quaking aspen
746,4.9,40.3,69.49,quaking aspen
746,4.3,36.5,50.92,quaking aspen
746,7.2,53.3,206.99,quaking aspen
746,10.6,51.3,388.14,quaking aspen
746,6.6,52.8,147.34,quaking aspen
746,8.4,57.1,277.42,quaking aspen
746,6.5,48.5,141.58,quaking aspen
746,10.1,72.1,458.24,quaking aspen
746,16.4,74.3,1140.27,quaking aspen
746,7.0,67.0,216.25,quaking aspen
746,5.2,43.0,67.6,quaking aspen
746,8.7,70.4,320.34,quaking aspen
746,9.7,68.1,389.52,quaking aspen
746,17.6,69.2,1452.68,quaking aspen
746,12.3,61.0,715.76,quaking aspen
746,4.6,23.5,59.79,quaking aspen
746,3.1,19.1,23.39,quaking aspen
746,13.4,51.2,707.09,quaking aspen
746,5.1,21.3,32.93,quaking aspen
746,10.4,40.6,343.8,quaking aspen
746,12.9,65.0,836.07,quaking aspen
746,9.1,46.8,304.52,quaking aspen
746,6.4,27.5,83.61,quaking aspen
746,5.0,27.0,36.29,quaking aspen
746,9.0,46.4,295.28,quaking aspen
746,7.2,26.5,106.51,quaking aspen
746,11.9,60.6,667.21,quaking aspen
746,14.0,68.6,1032.58,quaking aspen
746,18.2,69.4,1726.94,quaking aspen
746,9.9,46.6,358.49,quaking aspen
746,11.2,58.3,570.86,quaking aspen
746,4.1,31.7,45.47,quaking aspen
746,9.2,45.5,302.65,quaking aspen
746,7.2,53.5,210.93,quaking aspen
746,15.2,79.4,1400.35,quaking aspen
746,16.7,82.5,1742.92,quaking aspen
746,8.3,44.8,241.59,quaking aspen
746,6.6,52.7,168.31,quaking aspen
746,6.1,49.4,127.78,quaking aspen
746,19.1,82.5,2255.21,quaking aspen
746,9.6,59.0,427.11,quaking aspen
746,8.1,58.6,299.46,quaking aspen
746,13.3,64.0,872.77,quaking aspen
746,3.2,20.9,25.22,quaking aspen
746,1.3,18.9,3.02,quaking aspen
746,2.6,30.7,15.41,quaking aspen
746,2.1,28.1,9.29,quaking aspen
746,3.5,34.7,31.21,quaking aspen
746,2.2,25.3,10.37,quaking aspen
746,2.3,32.3,11.53,quaking aspen
746,2.8,34.8,18.37,quaking aspen
746,4.5,34.8,56.74,quaking aspen
746,2.7,38.4,16.85,quaking aspen
746,2.7,39.7,16.85,quaking aspen
746,3.3,41.8,27.14,quaking aspen
746,1.9,27.6,7.34,quaking aspen
746,1.6,22.8,4.9,quaking aspen
746,3.7,41.2,35.62,quaking aspen
746,3.7,34.4,35.62,quaking aspen
746,4.6,52.4,59.79,quaking aspen
746,3.9,43.0,40.37,quaking aspen
746,1.1,8.9,2.06,quaking aspen
746,1.3,11.3,3.02,quaking aspen
746,1.5,12.1,4.22,quaking aspen
746,1.7,12.6,5.65,quaking aspen
746,1.1,13.0,2.06,quaking aspen
746,1.1,11.6,2.06,quaking aspen
746,1.5,16.1,4.22,quaking aspen
746,2.0,17.9,8.28,quaking aspen
746,1.5,18.9,4.22,quaking aspen
746,2.6,28.1,15.41,quaking aspen
746,3.0,30.7,21.64,quaking aspen
746,4.2,34.7,48.15,quaking aspen
746,8.6,68.1,314.39,quaking aspen
746,8.9,57.8,305.45,quaking aspen
746,6.6,60.0,170.05,quaking aspen
746,7.4,53.2,197.7,quaking aspen
746,4.9,42.3,69.49,quaking aspen
746,5.8,42.0,99.74,quaking aspen
746,5.5,37.1,88.33,quaking aspen
746,6.9,51.9,169.0,quaking aspen
746,7.0,49.1,167.32,quaking aspen
746,7.5,56.6,194.68,quaking aspen
746,11.1,74.8,825.47,quaking aspen
746,8.7,80.6,489.3,quaking aspen
746,3.5,35.4,31.21,quaking aspen
746,5.3,48.1,94.59,quaking aspen
746,14.0,73.8,1157.94,quaking aspen
746,14.9,67.4,1229.91,quaking aspen
746,7.6,53.3,255.78,quaking aspen
746,11.1,62.8,680.1,quaking aspen
746,3.9,41.7,40.37,quaking aspen
746,9.8,51.4,433.58,quaking aspen
746,4.1,25.6,45.47,quaking aspen
746,12.0,60.0,730.52,quaking aspen
746,12.7,73.9,911.01,quaking aspen
746,10.7,71.0,672.52,quaking aspen
746,10.9,66.8,633.8,quaking aspen
746,8.7,60.1,372.12,quaking aspen
746,12.8,68.1,955.18,quaking aspen
746,8.0,52.9,295.33,quaking aspen
746,8.6,76.1,424.74,quaking aspen
746,14.1,70.3,1062.83,quaking aspen
746,14.1,76.1,1204.14,quaking aspen
746,13.6,75.9,1045.51,quaking aspen
746,3.8,35.4,37.95,quaking aspen
746,6.2,56.9,195.47,quaking aspen
746,12.6,63.5,786.35,quaking aspen
746,9.1,73.7,495.05,quaking aspen
746,11.5,60.5,641.62,quaking aspen
746,13.5,51.0,730.54,quaking aspen
746,3.3,36.7,27.14,quaking aspen
746,9.6,58.5,422.04,quaking aspen
746,4.5,37.5,56.74,quaking aspen
746,10.1,68.3,541.11,quaking aspen
746,3.8,39.4,37.95,quaking aspen
746,6.5,56.5,192.79,quaking aspen
746,12.3,78.7,949.27,quaking aspen
833,16.2,82.6,2215.99,northern red oak
833,12.5,76.6,1284.84,northern red oak
833,7.5,59.7,401.02,northern red oak
833,9.5,74.4,646.24,northern red oak
833,6.7,59.7,305.81,northern red oak
833,11.2,68.9,845.13,northern red oak
833,14.4,73.7,1463.34,northern red oak
833,14.6,76.5,1604.69,northern red oak
833,12.1,81.0,1295.81,northern red oak
833,16.2,103.4,2990.04,northern red oak
833,16.7,92.1,2857.57,northern red oak
833,17.0,111.1,3331.42,northern red oak
833,18.0,105.0,3484.42,northern red oak
833,16.8,104.5,3144.86,northern red oak
833,30.0,88.5,8725.18,northern red oak
833,24.4,85.5,5697.77,northern red oak
833,22.9,56.4,3530.46,northern red oak
833,24.6,85.5,5907.56,northern red oak
833,18.3,84.6,3344.06,northern red oak
833,23.8,88.9,5536.58,northern red oak
833,21.5,90.2,4488.32,northern red oak
833,20.8,88.6,4336.35,northern red oak
833,22.0,92.6,4963.26,northern red oak
833,21.7,88.8,4581.84,northern red oak
833,18.8,97.2,3714.55,northern red oak
833,20.3,90.3,4167.88,northern red oak
833,17.3,84.6,2853.59,northern red oak
833,22.0,47.4,3475.32,northern red oak
833,13.5,88.1,1775.66,northern red oak
833,20.0,67.5,3203.82,northern red oak
833,17.3,84.2,2727.82,northern red oak
833,14.6,73.6,1887.45,northern red oak
833,15.2,76.2,1994.83,northern red oak
833,23.1,92.6,5373.19,northern red oak
833,18.4,100.2,3416.05,northern red oak
833,18.3,96.2,3560.68,northern red oak
833,22.0,97.5,5123.45,northern red oak
833,19.7,88.0,4000.59,northern red oak
833,19.6,99.8,4200.56,northern red oak
833,21.0,93.1,4464.06,northern red oak
833,20.2,91.0,4164.97,northern red oak
833,20.2,93.3,4301.84,northern red oak
833,17.6,91.9,3239.02,northern red oak
833,21.2,100.7,4978.93,northern red oak
833,9.0,67.5,644.97,northern red oak
833,6.9,61.1,364.16,northern red oak
833,5.6,61.9,217.84,northern red oak
833,7.2,62.3,420.61,northern red oak
833,5.5,50.9,174.68,northern red oak
833,6.7,63.3,331.47,northern red oak
833,12.7,69.7,1264.51,northern red oak
833,6.0,46.2,208.62,northern red oak
833,5.4,44.6,167.19,northern red oak
833,5.2,47.1,165.4,northern red oak
833,6.4,49.1,248.63,northern red oak
833,9.0,67.9,633.63,northern red oak
833,7.0,45.7,271.67,northern red oak
833,6.2,44.5,212.96,northern red oak
833,11.0,67.8,914.4,northern red oak
833,13.3,71.0,1337.12,northern red oak
833,5.3,57.6,209.64,northern red oak
833,10.0,73.1,826.54,northern red oak
833,15.2,106.5,2381.95,northern red oak
833,18.9,99.3,3945.9,northern red oak
833,15.0,90.0,2374.93,northern red oak
833,22.0,86.1,4739.55,northern red oak
833,19.0,80.4,3304.26,northern red oak
833,23.0,91.2,5291.0,northern red oak
833,22.6,83.1,4740.94,northern red oak
833,21.6,80.4,4271.07,northern red oak
833,23.8,93.6,5667.17,northern red oak
833,17.8,109.7,3628.1,northern red oak
833,8.2,65.7,592.5,northern red oak
833,7.6,79.5,542.32,northern red oak
833,16.9,97.4,3016.12,northern red oak
833,20.9,97.8,4653.42,northern red oak
833,5.7,68.2,215.01,northern red oak
833,6.6,67.8,251.95,northern red oak
833,11.2,90.6,1031.99,northern red oak
833,11.0,80.6,884.56,northern red oak
833,15.7,89.4,2060.82,northern red oak
833,15.6,86.7,1874.56,northern red oak
833,11.1,84.6,983.64,northern red oak
833,10.1,81.7,816.33,northern red oak
833,4.0,48.3,67.94,northern red oak
833,4.4,40.4,85.65,northern red oak
833,4.6,41.8,95.42,northern red oak
833,11.1,67.3,794.85,northern red oak
833,7.7,65.7,407.07,northern red oak
833,8.9,69.0,500.79,northern red oak
833,17.0,89.2,2422.78,northern red oak
833,20.1,84.7,3273.73,northern red oak
833,15.7,90.8,2053.9,northern red oak
833,18.0,84.0,2405.6,northern red oak
833,15.3,87.6,2029.8,northern red oak
833,24.4,101.4,5333.65,northern red oak
833,30.2,117.5,11089.5,northern red oak
833,17.5,71.0,2620.96,northern red oak
833,21.0,64.0,3547.13,northern red oak
833,17.7,89.0,3121.62,northern red oak
833,20.2,75.0,3641.92,northern red oak
833,20.4,70.0,3548.85,northern red oak
833,24.3,96.0,6246.44,northern red oak
833,17.5,67.0,2520.98,northern red oak
833,17.0,66.0,2352.25,northern red oak
833,21.9,81.0,4518.16,northern red oak
833,13.2,59.0,1298.75,northern red oak
833,18.7,81.0,3276.98,northern red oak
833,11.6,65.0,964.88,northern red oak
833,13.5,72.0,1391.91,northern red oak
833,12.1,40.0,666.81,northern red oak
833,11.7,60.0,909.51,northern red oak
833,15.5,51.0,1294.49,northern red oak
833,11.3,50.0,724.5,northern red oak
833,13.8,54.0,1105.95,northern red oak
833,11.9,44.0,705.74,northern red oak
833,11.3,57.0,816.48,northern red oak
833,17.5,48.0,1529.45,northern red oak
833,16.2,71.0,1917.78,northern red oak
833,23.1,95.0,5597.73,northern red oak
833,23.5,83.0,5299.43,northern red oak
833,23.0,69.0,4488.31,northern red oak
833,19.2,77.0,3342.53,northern red oak
833,25.6,86.0,6455.62,northern red oak
833,21.5,76.0,4171.47,northern red oak
833,23.0,76.0,4785.0,northern red oak
833,22.9,76.0,4742.77,northern red oak
833,20.9,106.0,4916.31,northern red oak
833,5.0,47.3,116.44,northern red oak
833,5.4,52.2,138.28,northern red oak
833,5.5,40.6,144.1,northern red oak
833,5.6,27.8,150.07,northern red oak
833,8.1,76.2,484.93,northern red oak
833,6.6,46.4,205.1,northern red oak
833,8.4,65.6,479.24,northern red oak
833,6.0,59.8,216.29,northern red oak
833,8.6,56.6,424.26,northern red oak
833,6.9,52.6,251.79,northern red oak
833,8.0,50.5,334.12,northern red oak
833,8.4,52.1,382.62,northern red oak
833,5.9,30.7,168.89,northern red oak
833,6.3,52.8,217.64,northern red oak
833,7.8,75.4,476.56,northern red oak
833,6.8,51.7,253.07,northern red oak
833,7.8,57.4,367.5,northern red oak
833,7.7,53.8,344.8,northern red oak
833,6.3,47.3,255.61,northern red oak
833,5.2,44.9,145.77,northern red oak
833,7.4,51.1,370.21,northern red oak
833,6.6,55.3,303.17,northern red oak
833,12.6,53.8,1064.78,northern red oak
833,7.4,60.0,419.38,northern red oak
833,10.4,90.0,1007.12,northern red oak
833,8.1,69.6,512.07,northern red oak
833,18.7,67.8,2762.44,northern red oak
833,9.2,49.7,575.05,northern red oak
833,12.1,82.0,1362.57,northern red oak
833,25.4,93.1,6342.36,northern red oak
833,7.3,40.2,282.72,northern red oak
833,7.3,40.2,282.72,northern red oak
833,13.0,55.0,1251.24,northern red oak
833,44.3,107.7,23078.3,northern red oak
833,22.8,97.4,5506.44,northern red oak
833,14.8,68.9,1896.64,northern red oak
833,17.5,88.1,2887.86,northern red oak
833,9.3,63.9,712.38,northern red oak
833,7.6,50.6,356.88,northern red oak
833,7.8,55.3,435.87,northern red oak
833,15.4,100.4,2622.37,northern red oak
833,11.2,75.6,1143.35,northern red oak
833,17.6,82.0,3149.45,northern red oak
833,25.2,85.6,6025.07,northern red oak
833,8.0,52.8,369.71,northern red oak
833,16.4,104.5,3039.41,northern red oak
833,11.3,85.1,1314.38,northern red oak
833,7.9,65.3,487.02,northern red oak
833,9.2,66.4,715.1,northern red oak
833,24.7,94.9,6190.37,northern red oak
833,14.5,86.0,2053.69,northern red oak
833,10.3,68.3,902.8,northern red oak
833,22.5,78.4,4410.86,northern red oak
833,14.9,67.9,1732.89,northern red oak
833,7.9,54.8,440.29,northern red oak
833,6.3,49.1,231.74,northern red oak
833,31.8,94.3,10020.66,northern red oak
833,23.3,89.0,5226.33,northern red oak
833,14.8,78.8,1871.99,northern red oak
833,13.6,83.2,1813.05,northern red oak
833,16.7,76.2,2479.57,northern red oak
833,9.8,66.5,765.37,northern red oak
833,13.7,72.5,1539.23,northern red oak
833,4.9,55.4,111.26,northern red oak
833,5.8,50.3,187.02,northern red oak
833,6.1,64.4,250.22,northern red oak
833,7.2,60.0,360.18,northern red oak
833,7.2,68.2,391.51,northern red oak
833,8.8,64.2,589.11,northern red oak
833,8.9,73.3,659.63,northern red oak
833,9.4,75.0,753.24,northern red oak
833,10.3,76.6,927.2,northern red oak
833,11.0,62.2,923.82,northern red oak
833,11.1,56.8,884.79,northern red oak
833,13.0,74.5,1474.64,northern red oak
833,13.4,66.7,1455.91,northern red oak
833,14.4,77.3,1864.4,northern red oak
833,14.9,80.0,2045.96,northern red oak
833,15.2,82.4,2173.85,northern red oak
833,4.0,47.6,67.94,northern red oak
951,8.0,53.7,218.37,American basswood
951,8.1,54.0,228.15,American basswood
951,6.6,46.4,143.9,American basswood
951,4.4,35.4,50.46,American basswood
951,8.8,56.9,328.52,American basswood
951,3.7,23.6,32.86,American basswood
951,4.0,27.4,39.85,American basswood
951,10.0,75.7,533.21,American basswood
951,13.2,68.8,886.55,American basswood
951,10.2,56.4,489.27,American basswood
951,10.8,60.1,531.99,American basswood
951,8.4,62.7,352.37,American basswood
951,14.0,71.9,1019.78,American basswood
951,4.4,33.9,50.46,American basswood
951,24.1,103.5,3873.16,American basswood
951,4.3,38.7,47.66,American basswood
951,11.7,86.0,769.38,American basswood
951,22.2,87.1,2860.51,American basswood
951,3.2,29.5,22.95,American basswood
951,3.4,34.4,26.66,American basswood
951,27.1,121.0,5267.93,American basswood
951,3.2,35.2,22.95,American basswood
951,3.0,27.5,19.57,American basswood
951,5.0,54.7,79.88,American basswood
951,8.4,69.7,341.94,American basswood
951,11.9,73.8,712.86,American basswood
951,8.8,69.5,338.32,American basswood
951,3.7,32.0,32.86,American basswood
951,4.6,44.0,56.33,American basswood
951,28.2,104.9,5244.93,American basswood
951,10.3,77.5,644.72,American basswood
951,15.2,96.3,1502.03,American basswood
951,6.7,62.8,179.63,American basswood
951,8.9,53.3,310.18,American basswood
951,7.1,46.6,212.66,American basswood
951,5.4,31.5,46.41,American basswood
951,9.9,51.3,422.65,American basswood
951,11.8,58.0,631.42,American basswood
951,11.8,51.2,496.07,American basswood
951,11.8,60.1,614.43,American basswood
951,13.1,77.8,927.28,American basswood
951,15.4,74.8,1315.34,American basswood
951,13.3,64.9,830.06,American basswood
951,14.1,69.7,1013.11,American basswood
951,15.3,53.6,937.4,American basswood
951,14.7,72.2,1156.08,American basswood
951,9.5,57.4,397.03,American basswood
951,15.1,88.1,1397.47,American basswood
951,6.6,51.9,147.51,American basswood
951,10.4,81.0,577.2,American basswood
105,8.1,66.0,300.05,jack pine
105,8.7,57.1,327.34,jack pine
105,7.0,43.1,151.53,jack pine
105,7.6,59.9,246.7,jack pine
105,9.1,66.1,382.1,jack pine
105,9.5,62.0,393.28,jack pine
105,10.1,74.6,499.6,jack pine
105,9.8,76.0,498.09,jack pine
105,11.0,69.0,600.34,jack pine
105,9.0,55.0,319.35,jack pine
105,9.0,55.0,305.73,jack pine
105,8.0,47.0,206.99,jack pine
105,8.0,38.1,166.0,jack pine
105,8.0,47.0,192.19,jack pine
105,8.0,44.0,191.22,jack pine
105,9.0,42.1,256.37,jack pine
105,9.0,35.0,227.22,jack pine
105,8.0,44.9,215.88,jack pine
105,8.0,32.1,154.8,jack pine
105,8.5,43.0,219.23,jack pine
105,8.3,46.0,212.23,jack pine
105,9.3,45.1,250.63,jack pine
105,9.3,44.0,257.6,jack pine
105,8.0,54.0,264.92,jack pine
105,8.0,56.1,256.45,jack pine
105,8.0,60.9,264.08,jack pine
105,9.0,60.1,345.31,jack pine
105,8.0,63.1,270.35,jack pine
105,8.0,60.1,289.79,jack pine
105,8.0,64.1,293.34,jack pine
105,9.0,52.1,300.77,jack pine
105,9.0,57.1,341.14,jack pine
105,9.0,54.0,332.19,jack pine
105,8.0,58.1,272.83,jack pine
105,10.0,61.1,431.78,jack pine
105,10.0,61.1,422.14,jack pine
105,9.0,63.0,343.23,jack pine
105,9.0,39.1,218.71,jack pine
105,9.0,53.1,297.44,jack pine
105,9.0,59.0,349.46,jack pine
105,9.0,57.1,325.8,jack pine
105,9.0,61.0,346.35,jack pine
105,8.0,57.1,259.01,jack pine
105,8.0,57.0,257.73,jack pine
105,9.0,57.9,333.25,jack pine
105,8.0,54.1,256.02,jack pine
105,8.0,57.1,261.97,jack pine
105,9.0,41.0,238.64,jack pine
105,9.0,56.0,328.47,jack pine
105,10.0,61.1,451.43,jack pine
105,9.0,64.1,354.61,jack pine
105,10.0,60.2,459.55,jack pine
105,10.0,63.1,439.44,jack pine
105,8.0,66.2,283.01,jack pine
105,13.0,77.2,893.27,jack pine
105,13.0,71.2,841.8,jack pine
105,12.0,63.0,642.9,jack pine
105,12.0,61.1,612.12,jack pine
105,11.0,61.8,547.75,jack pine
105,10.0,65.1,451.43,jack pine
105,3.9,44.8,31.23,jack pine
105,5.8,46.5,108.24,jack pine
105,5.4,48.6,92.6,jack pine
105,6.7,48.4,155.1,jack pine
105,5.0,43.1,70.3,jack pine
105,5.3,46.3,85.83,jack pine
105,13.2,37.0,551.46,jack pine
105,12.3,34.0,457.94,jack pine
105,10.5,45.6,367.08,jack pine
105,12.6,57.0,679.41,jack pine
105,4.2,38.0,37.36,jack pine
105,4.5,34.0,44.14,jack pine
105,15.4,76.1,1266.45,jack pine
105,6.5,39.0,127.45,jack pine
105,10.6,55.1,452.42,jack pine
105,12.3,62.0,673.1,jack pine
105,8.0,68.6,284.56,jack pine
105,6.2,51.5,134.62,jack pine
105,12.4,65.3,710.5,jack pine
105,8.6,59.7,305.3,jack pine
105,10.8,72.8,569.69,jack pine
105,13.0,83.3,936.84,jack pine
105,4.4,45.3,41.8,jack pine
105,7.4,51.8,201.46,jack pine
105,7.5,49.5,201.73,jack pine
105,4.2,42.7,37.36,jack pine
105,4.7,46.9,49.04,jack pine
105,8.5,50.5,267.44,jack pine
105,6.6,46.6,146.59,jack pine
105,2.6,33.5,11.76,jack pine
105,5.7,45.6,102.57,jack pine
105,4.8,42.7,51.6,jack pine
105,7.2,47.6,180.14,jack pine
105,7.6,47.2,201.59,jack pine
105,6.2,48.6,130.16,jack pine
105,5.6,47.6,100.53,jack pine
105,4.9,50.2,54.24,jack pine
105,5.7,44.9,101.68,jack pine
105,3.8,44.0,29.33,jack pine
105,3.0,30.8,16.59,jack pine
105,2.8,37.4,14.06,jack pine
105,3.6,41.3,25.74,jack pine
105,5.0,47.2,73.7,jack pine
105,7.3,54.1,200.79,jack pine
105,8.2,56.4,265.61,jack pine
105,6.8,55.4,173.84,jack pine
105,5.7,50.9,109.11,jack pine
105,4.7,42.0,49.04,jack pine
105,8.5,58.7,294.48,jack pine
105,7.3,54.1,200.79,jack pine
105,6.1,53.1,131.85,jack pine
105,4.7,47.9,49.04,jack pine
105,3.4,43.3,22.43,jack pine
105,12.4,49.1,595.35,jack pine
105,5.6,42.2,80.47,jack pine
105,5.6,27.8,56.44,jack pine
105,4.9,25.4,54.24,jack pine
105,2.9,18.8,15.29,jack pine
105,5.4,27.9,65.25,jack pine
105,5.6,30.8,63.3,jack pine
105,8.0,33.5,170.52,jack pine
105,8.1,34.8,171.71,jack pine
105,8.0,43.3,192.19,jack pine
105,3.7,20.5,27.5,jack pine
105,4.2,19.9,37.36,jack pine
105,5.5,15.6,53.04,jack pine
105,9.4,74.4,432.86,jack pine
105,10.7,54.4,396.13,jack pine
105,9.7,44.7,317.69,jack pine
105,7.2,42.6,149.17,jack pine
105,9.6,55.7,334.07,jack pine
105,6.9,37.5,124.39,jack pine
105,8.3,51.4,201.11,jack pine
105,6.8,58.2,119.77,jack pine
105,6.4,47.4,102.38,jack pine
105,9.2,69.0,263.13,jack pine
105,7.5,67.7,154.46,jack pine
105,12.0,60.3,527.53,jack pine
105,8.3,52.5,201.11,jack pine
105,7.6,48.1,193.99,jack pine
105,6.9,42.2,136.83,jack pine
105,7.6,43.2,169.1,jack pine
105,8.7,46.7,235.73,jack pine
105,9.3,72.9,380.71,jack pine
105,7.1,45.5,168.78,jack pine
105,7.0,65.7,208.4,jack pine
105,5.7,31.5,75.95,jack pine
105,7.9,48.5,260.67,jack pine
105,7.1,50.6,204.86,jack pine
105,7.0,44.7,184.22,jack pine
105,8.3,39.1,204.0,jack pine
105,11.2,68.3,635.56,jack pine
105,7.4,57.1,193.67,jack pine
105,7.6,46.8,188.86,jack pine
105,8.1,55.3,272.17,jack pine
105,8.2,48.9,268.02,jack pine
105,6.9,47.8,155.68,jack pine
105,12.7,55.9,602.94,jack pine
105,5.3,31.2,59.08,jack pine
105,10.0,61.2,350.61,jack pine
105,11.4,67.8,570.27,jack pine
105,13.4,53.9,664.5,jack pine
105,8.9,60.1,311.32,jack pine
105,7.3,55.6,193.8,jack pine
105,8.0,42.4,172.52,jack pine
105,7.0,44.0,154.98,jack pine
105,19.9,69.3,1940.38,jack pine
105,10.0,55.2,327.25,jack pine
105,9.2,42.5,263.13,jack pine
105,6.5,33.5,106.57,jack pine
105,6.6,31.8,110.86,jack pine
105,8.2,59.0,251.12,jack pine
105,6.9,39.3,136.83,jack pine
105,7.8,47.7,243.53,jack pine
105,8.8,49.9,273.77,jack pine
105,5.4,26.9,60.07,jack pine
105,7.5,40.4,159.56,jack pine
105,10.1,65.2,465.15,jack pine
105,8.0,50.1,228.26,jack pine
105,11.2,68.3,545.48,jack pine
105,7.4,54.8,217.54,jack pine
105,8.9,42.7,285.82,jack pine
105,6.0,39.0,116.76,jack pine
105,10.3,74.1,509.21,jack pine
125,8.8,40.0,331.37,red pine
125,8.8,48.0,333.74,red pine
125,8.3,52.7,296.53,red pine
125,11.3,62.0,626.33,red pine
125,9.5,57.5,416.06,red pine
125,5.3,50.9,95.8,red pine
125,7.6,59.5,257.29,red pine
125,8.7,62.2,356.05,red pine
125,6.1,56.1,147.41,red pine
125,5.4,52.2,102.36,red pine
125,9.0,61.0,380.21,red pine
125,2.5,10.5,11.92,red pine
125,1.9,9.2,6.17,red pine
125,4.5,38.5,49.36,red pine
125,4.3,38.2,44.21,red pine
125,13.3,86.4,986.24,red pine
125,12.4,83.7,832.97,red pine
125,13.6,79.3,939.97,red pine
125,14.5,73.6,956.6,red pine
125,13.3,82.0,933.36,red pine
125,9.9,66.1,456.96,red pine
125,12.6,78.2,791.05,red pine
125,10.3,70.8,509.65,red pine
125,14.1,63.1,780.01,red pine
125,11.9,63.1,558.72,red pine
125,9.0,68.3,371.87,red pine
125,13.0,73.1,830.37,red pine
125,10.3,73.7,531.99,red pine
125,14.2,84.3,1086.81,red pine
125,13.6,77.9,933.43,red pine
125,10.2,53.9,390.87,red pine
125,12.3,81.4,798.83,red pine
125,5.0,43.1,70.59,red pine
125,8.1,59.7,282.83,red pine
125,9.3,55.4,336.41,red pine
125,7.0,60.3,219.19,red pine
125,11.6,53.8,490.03,red pine
125,5.6,48.1,110.46,red pine
125,10.9,62.1,506.09,red pine
125,8.6,52.6,283.23,red pine
125,8.1,52.2,247.32,red pine
125,10.9,59.5,482.42,red pine
125,11.6,54.2,494.47,red pine
125,8.4,57.7,291.26,red pine
125,7.4,50.6,207.48,red pine
125,7.9,57.7,263.58,red pine
125,7.6,50.6,203.74,red pine
125,5.0,40.5,56.28,red pine
125,10.5,55.7,429.38,red pine
125,9.7,54.9,357.78,red pine
125,13.6,53.6,651.73,red pine
125,7.0,48.2,171.83,red pine
125,9.3,54.6,336.41,red pine
125,10.9,59.1,473.15,red pine
125,10.3,57.6,420.86,red pine
125,6.8,50.0,168.85,red pine
125,9.4,52.1,324.44,red pine
125,8.7,56.6,301.36,red pine
125,11.1,48.0,412.08,red pine
125,9.2,55.4,348.48,red pine
125,6.7,52.8,176.79,red pine
125,5.3,40.7,70.79,red pine
125,9.3,51.5,315.58,red pine
125,10.4,55.6,428.0,red pine
125,11.2,60.2,519.77,red pine
125,9.6,60.6,399.07,red pine
125,8.3,55.3,276.46,red pine
125,10.4,55.8,428.71,red pine
125,9.7,58.9,381.12,red pine
125,12.1,57.5,566.03,red pine
125,10.3,55.9,411.72,red pine
125,10.4,56.8,419.41,red pine
125,11.0,50.3,440.85,red pine
125,11.6,44.2,459.5,red pine
125,6.2,43.6,133.46,red pine
125,7.7,43.2,201.82,red pine
125,5.0,41.2,56.28,red pine
125,8.5,58.5,320.66,red pine
125,8.1,59.9,279.74,red pine
125,6.7,48.6,174.73,red pine
125,7.7,53.1,231.32,red pine
125,11.3,59.3,533.71,red pine
125,11.9,63.5,619.84,red pine
125,8.1,49.3,233.49,red pine
125,9.9,60.0,422.94,red pine
125,9.6,68.5,445.85,red pine
125,5.1,44.6,68.99,red pine
125,10.4,66.8,505.26,red pine
125,6.8,50.6,161.84,red pine
125,10.9,61.3,518.9,red pine
125,6.5,45.5,140.12,red pine
125,8.0,59.6,280.82,red pine
125,6.0,40.9,115.63,red pine
125,7.4,64.6,264.9,red pine
125,6.1,49.9,143.58,red pine
125,7.7,54.1,254.57,red pine
125,5.0,38.3,65.74,red pine
125,8.2,61.9,300.74,red pine
125,14.2,77.6,1004.31,red pine
125,13.3,79.8,920.99,red pine
125,17.7,74.6,1462.25,red pine
125,9.5,76.3,470.38,red pine
125,14.4,78.8,999.56,red pine
125,13.4,77.9,912.68,red pine
125,15.2,75.1,1092.41,red pine
125,12.6,77.1,811.7,red pine
125,10.9,77.3,614.26,red pine
125,15.4,71.9,1091.8,red pine
125,13.7,73.1,893.47,red pine
125,14.0,80.1,1016.6,red pine
125,13.5,80.7,956.16,red pine
125,14.8,78.3,1114.47,red pine
125,15.3,82.0,1221.66,red pine
125,16.8,82.1,1430.29,red pine
125,12.6,78.9,822.88,red pine
125,13.1,73.6,829.73,red pine
125,18.2,77.4,1618.84,red pine
125,22.8,87.1,2618.08,red pine
125,8.0,41.2,205.09,red pine
125,19.6,82.8,2012.92,red pine
125,6.2,53.0,143.48,red pine
125,9.8,77.1,504.04,red pine
125,11.5,84.1,740.11,red pine
125,22.5,86.2,2710.19,red pine
125,17.3,93.4,1780.08,red pine
125,14.2,85.1,1115.75,red pine
125,16.6,88.6,1545.34,red pine
125,20.1,91.6,2306.02,red pine
125,13.3,69.2,797.17,red pine
125,12.7,59.8,687.43,red pine
125,16.4,74.2,1303.32,red pine
125,16.3,76.2,1327.93,red pine
125,14.3,70.0,948.82,red pine
125,10.9,67.0,530.1,red pine
125,10.8,78.4,607.49,red pine
125,17.1,77.4,1491.35,red pine
125,9.2,45.7,279.18,red pine
125,10.7,60.3,485.43,red pine
125,10.1,50.4,355.71,red pine
125,8.0,44.8,225.43,red pine
125,9.6,40.0,261.79,red pine
125,8.7,50.0,270.07,red pine
125,11.0,47.9,431.1,red pine
125,8.5,56.3,300.56,red pine
125,9.8,52.2,373.22,red pine
125,8.9,56.4,329.77,red pine
125,9.5,67.0,418.21,red pine
125,8.0,56.9,252.32,red pine
125,6.6,55.9,180.18,red pine
125,5.3,47.1,60.96,red pine
125,7.0,58.9,203.36,red pine
125,9.0,52.5,323.07,red pine
125,12.1,76.5,724.39,red pine
125,12.6,76.1,801.4,red pine
125,11.1,73.5,615.94,red pine
125,10.6,75.0,570.13,red pine
125,11.2,77.3,667.88,red pine
125,12.0,74.4,718.71,red pine
125,10.4,72.8,543.22,red pine
125,10.0,72.1,506.91,red pine
125,23.4,67.9,2388.13,red pine
125,16.7,45.7,867.84,red pine
125,19.3,56.1,1379.3,red pine
125,16.0,51.1,904.44,red pine
125,18.5,53.3,1203.53,red pine
125,20.8,60.3,1681.85,red pine
125,20.9,61.4,1667.89,red pine
125,6.8,62.8,118.78,red pine
125,8.5,66.3,212.21,red pine
125,7.4,21.9,147.93,red pine
125,10.3,65.4,518.65,red pine
125,7.2,29.6,124.35,red pine
125,11.1,72.9,605.63,red pine
125,8.0,50.5,246.41,red pine
125,8.7,53.0,291.44,red pine
125,5.9,54.1,131.14,red pine
125,9.1,46.3,277.08,red pine
125,8.1,42.7,202.24,red pine
125,8.5,64.7,333.21,red pine
125,11.8,54.3,565.65,red pine
125,7.7,44.9,207.69,red pine
125,13.7,60.6,726.46,red pine
125,19.1,79.5,2181.55,red pine
125,8.0,36.7,219.12,red pine
125,15.3,61.5,1161.76,red pine
125,4.7,18.3,54.85,red pine
125,7.6,62.8,284.93,red pine
125,10.5,43.5,449.23,red pine
125,7.7,52.3,263.42,red pine
125,10.1,52.8,472.03,red pine
125,12.4,68.5,843.93,red pine
125,5.4,28.2,65.52,red pine
125,13.8,74.8,1043.98,red pine
125,11.2,46.8,530.87,red pine
125,16.1,89.0,1625.61,red pine
125,7.8,58.7,286.11,red pine
125,11.2,68.5,672.18,red pine
125,12.2,75.6,768.13,red pine
125,14.8,60.1,1108.69,red pine
125,14.1,80.6,1129.82,red pine
125,15.9,49.8,1173.22,red pine
125,6.9,43.0,183.1,red pine
125,14.4,57.4,1009.77,red pine
125,14.1,75.1,1165.28,red pine
125,12.6,77.7,926.27,red pine
125,14.3,59.6,992.86,red pine
125,7.9,60.0,294.59,red pine
125,12.4,75.8,849.17,red pine
125,3.9,36.5,34.9,red pine
125,12.2,65.1,760.45,red pine
125,17.7,62.4,1595.42,red pine
125,13.0,45.6,693.96,red pine
125,19.5,76.2,2062.77,red pine
125,4.8,38.2,57.72,red pine
125,8.6,38.0,270.87,red pine
125,6.6,40.1,158.4,red pine
125,3.8,19.5,32.77,red pine
125,9.4,61.2,465.57,red pine
125,4.1,44.3,39.39,red pine
125,9.1,47.7,328.56,red pine
375,5.4,50.2,145.89,paper birch
375,11.4,77.8,832.13,paper birch
375,4.0,50.9,62.61,paper birch
375,7.9,69.2,372.56,paper birch
375,3.5,54.1,45.68,paper birch
375,9.8,74.8,598.52,paper birch
375,9.8,54.8,484.93,paper birch
375,7.8,47.2,286.56,paper birch
375,7.8,56.1,318.95,paper birch
375,3.7,36.1,52.09,paper birch
375,12.3,64.0,841.12,paper birch
375,9.1,56.4,429.0,paper birch
375,4.5,47.6,82.68,paper birch
375,7.2,47.9,249.3,paper birch
375,2.5,41.0,20.67,paper birch
375,5.8,47.2,163.83,paper birch
375,11.7,64.0,762.11,paper birch
375,1.9,24.0,10.84,paper birch
375,6.3,60.7,222.77,paper birch
375,2.4,27.6,18.77,paper birch
375,9.4,65.3,503.31,paper birch
375,8.9,51.8,389.01,paper birch
375,4.0,32.2,62.61,paper birch
375,5.0,46.9,116.45,paper birch
375,6.9,47.2,228.42,paper birch
375,12.4,58.7,802.66,paper birch
375,8.7,75.8,476.9,paper birch
375,7.1,67.3,297.81,paper birch
375,6.1,52.2,191.94,paper birch
375,4.1,36.7,66.37,paper birch
375,1.8,22.3,9.55,paper birch
375,1.1,11.3,3.04,paper birch
375,1.1,11.2,3.04,paper birch
375,2.4,18.5,18.77,paper birch
375,2.9,25.6,29.32,paper birch
375,3.1,25.9,34.31,paper birch
375,3.8,27.4,55.47,paper birch
375,1.9,15.1,10.84,paper birch
375,2.4,23.3,18.77,paper birch
375,3.3,26.4,39.76,paper birch
375,4.0,29.1,62.61,paper birch
375,8.3,50.0,356.26,paper birch
375,5.4,63.7,171.72,paper birch
375,7.7,64.0,312.81,paper birch
375,11.8,77.1,882.06,paper birch
375,8.2,56.5,344.44,paper birch
375,11.4,67.1,741.25,paper birch
375,10.3,68.9,644.4,paper birch
375,9.0,63.8,603.68,paper birch
375,8.5,49.5,340.97,paper birch
375,9.9,57.0,635.07,paper birch
375,8.4,66.0,430.01,paper birch
375,7.3,57.0,350.18,paper birch
375,7.1,64.5,346.89,paper birch
375,7.7,63.5,402.43,paper birch
375,5.8,63.0,196.66,paper birch
375,7.9,70.0,438.45,paper birch
375,8.3,61.0,483.67,paper birch
375,9.9,71.8,752.68,paper birch
375,7.4,76.0,346.43,paper birch
375,4.3,49.5,74.26,paper birch
375,3.7,41.7,52.09,paper birch
375,4.1,51.9,66.37,paper birch
375,1.1,14.3,3.04,paper birch
375,3.2,20.6,36.98,paper birch
375,1.4,18.0,5.31,paper birch
375,1.0,7.5,2.45,paper birch
375,1.7,19.0,8.35,paper birch
375,2.2,19.5,15.3,paper birch
375,1.2,13.3,3.71,paper birch
375,2.4,21.0,18.77,paper birch
375,1.3,8.7,4.47,paper birch
375,1.0,6.5,2.45,paper birch
375,2.8,21.0,26.99,paper birch
375,3.7,28.4,52.09,paper birch
375,1.7,15.1,8.35,paper birch
375,2.0,16.6,12.23,paper birch
375,1.3,11.6,4.47,paper birch
375,1.1,13.4,3.04,paper birch
375,3.4,23.5,42.66,paper birch
375,2.5,22.2,20.67,paper birch
375,2.0,17.4,12.23,paper birch
375,1.3,15.3,4.47,paper birch
375,1.0,11.0,2.45,paper birch
375,3.2,38.1,36.98,paper birch
375,3.5,43.3,45.68,paper birch
375,2.7,30.0,24.77,paper birch
375,1.7,26.8,8.35,paper birch
375,3.5,48.9,45.68,paper birch
375,4.5,61.8,82.68,paper birch
375,4.1,54.0,66.37,paper birch
375,3.3,35.1,39.76,paper birch
375,1.0,18.8,2.45,paper birch
375,2.6,32.4,22.67,paper birch
375,3.0,34.6,31.76,paper birch
375,1.0,16.6,2.45,paper birch
375,2.8,31.0,26.99,paper birch
375,1.0,20.2,2.45,paper birch
375,2.6,31.2,22.67,paper birch
375,1.4,25.1,5.31,paper birch
375,3.5,35.4,45.68,paper birch
375,3.1,35.4,34.31,paper birch
375,1.0,21.8,2.45,paper birch
375,2.3,36.2,16.98,paper birch
375,1.8,29.9,9.55,paper birch
375,1.8,32.9,9.55,paper birch
375,3.5,43.2,45.68,paper birch
375,18.2,83.5,2193.49,paper birch
375,5.2,53.8,117.87,paper birch
375,8.4,55.0,495.91,paper birch
375,6.2,52.6,207.44,paper birch
375,3.6,25.6,48.82,paper birch
375,3.8,29.6,55.47,paper birch
375,5.1,39.0,75.61,paper birch
375,5.9,51.2,181.72,paper birch
375,10.0,52.3,604.08,paper birch
375,10.9,58.3,789.7,paper birch
375,13.2,64.7,1186.06,paper birch
375,3.8,26.1,55.47,paper birch
375,6.1,49.2,185.72,paper birch
375,3.1,27.2,34.31,paper birch
375,5.1,46.0,113.15,paper birch
375,9.0,39.4,339.66,paper birch
375,8.4,57.6,495.91,paper birch
375,3.7,39.0,52.09,paper birch
375,4.9,36.3,101.1,paper birch
375,6.7,45.9,234.23,paper birch
375,6.1,45.2,174.27,paper birch
375,5.5,21.4,49.41,paper birch
375,8.8,36.9,327.66,paper birch
375,7.3,62.4,337.51,paper birch
375,6.9,79.2,332.43,paper birch
375,8.7,45.7,373.17,paper birch
375,9.8,58.7,590.99,paper birch
375,11.7,74.5,973.97,paper birch
375,12.4,68.4,1076.08,paper birch
375,9.8,72.9,714.91,paper birch
375,14.2,36.0,964.88,paper birch
375,16.3,74.5,2021.91,paper birch
375,9.3,66.9,593.1,paper birch
375,10.8,60.0,713.36,paper birch
375,14.3,56.0,1101.92,paper birch
375,5.6,34.6,101.01,paper birch
375,5.9,46.5,163.71,paper birch
375,6.9,63.6,345.48,paper birch
375,12.3,64.0,983.06,paper birch
375,11.7,63.6,864.98,paper birch
375,14.0,70.2,1363.54,paper birch
375,11.7,59.5,874.56,paper birch
375,15.4,67.7,1611.98,paper birch
741,8.1,41.2,182.35,balsam poplar
741,12.2,65.2,581.17,balsam poplar
741,8.5,61.6,288.92,balsam poplar
741,9.9,51.5,318.68,balsam poplar
741,11.6,66.5,546.53,balsam poplar
741,8.3,46.8,213.09,balsam poplar
741,8.6,52.5,268.92,balsam poplar
741,8.7,65.6,307.15,balsam poplar
741,9.5,57.2,327.03,balsam poplar
741,5.2,36.8,69.28,balsam poplar
741,7.9,65.2,245.84,balsam poplar
741,3.8,31.9,37.95,balsam poplar
741,9.8,57.3,469.63,balsam poplar
741,5.6,40.2,104.4,balsam poplar
741,7.8,45.7,240.13,balsam poplar
741,7.8,50.6,269.87,balsam poplar
741,9.4,56.2,419.19,balsam poplar
741,11.9,70.9,797.48,balsam poplar
741,12.8,63.5,844.67,balsam poplar
741,13.7,68.6,969.93,balsam poplar
741,12.7,76.2,973.88,balsam poplar
110,12.6,62.1,767.49,shortleaf pine
110,12.7,80.5,783.53,shortleaf pine
110,12.9,70.5,816.2,shortleaf pine
110,13.0,73.1,832.83,shortleaf pine
110,13.0,60.5,832.83,shortleaf pine
110,13.0,61.8,832.83,shortleaf pine
110,13.1,59.4,849.66,shortleaf pine
110,13.1,61.4,849.66,shortleaf pine
110,13.1,59.8,849.66,shortleaf pine
110,13.2,65.0,866.69,shortleaf pine
110,13.2,59.7,866.69,shortleaf pine
110,13.2,66.0,866.69,shortleaf pine
110,13.3,58.2,883.92,shortleaf pine
110,13.4,71.1,901.34,shortleaf pine
110,13.5,64.4,918.97,shortleaf pine
110,13.5,66.1,918.97,shortleaf pine
110,13.6,67.5,936.79,shortleaf pine
110,13.6,72.3,936.79,shortleaf pine
110,13.7,66.9,954.81,shortleaf pine
110,13.8,63.2,973.03,shortleaf pine
110,13.9,61.5,991.46,shortleaf pine
110,14.0,60.2,1010.08,shortleaf pine
110,14.0,52.1,1010.08,shortleaf pine
110,14.1,62.4,1028.9,shortleaf pine
110,14.4,59.5,1086.57,shortleaf pine
110,14.4,60.0,1086.57,shortleaf pine
110,14.5,65.8,1106.19,shortleaf pine
110,14.5,59.9,1106.19,shortleaf pine
110,14.6,73.6,1126.02,shortleaf pine
110,14.7,58.5,1146.04,shortleaf pine
110,14.7,55.6,1146.04,shortleaf pine
110,14.7,59.6,1146.04,shortleaf pine
110,14.7,75.0,1146.04,shortleaf pine
110,15.0,76.3,1207.32,shortleaf pine
110,15.2,70.7,1249.18,shortleaf pine
110,15.4,69.6,1291.83,shortleaf pine
110,15.7,77.4,1357.32,shortleaf pine
110,16.0,61.1,1424.6,shortleaf pine
110,16.0,66.2,1424.6,shortleaf pine
110,16.3,69.2,1493.66,shortleaf pine
110,16.4,69.5,1517.08,shortleaf pine
110,16.7,64.2,1588.52,shortleaf pine
110,16.8,73.4,1612.72,shortleaf pine
110,17.4,66.5,1762.03,shortleaf pine
110,18.2,74.2,1971.86,shortleaf pine
110,2.7,22.0,14.93,shortleaf pine
110,5.2,36.0,68.72,shortleaf pine
110,16.3,90.0,2161.12,shortleaf pine
110,17.2,89.0,2381.07,shortleaf pine
110,18.7,91.0,2876.87,shortleaf pine
110,20.6,90.0,3455.6,shortleaf pine
110,21.7,96.0,4081.58,shortleaf pine
110,10.8,76.0,511.84,shortleaf pine
110,13.2,67.1,866.69,shortleaf pine
110,12.0,65.4,675.36,shortleaf pine
110,13.7,69.6,954.81,shortleaf pine
110,14.7,75.0,1146.04,shortleaf pine
110,12.7,80.5,783.53,shortleaf pine
110,10.8,68.8,511.84,shortleaf pine
110,12.2,73.1,705.29,shortleaf pine
110,12.6,70.5,767.49,shortleaf pine
110,6.9,44.5,156.71,shortleaf pine
110,13.0,73.1,832.83,shortleaf pine
110,12.2,65.3,705.29,shortleaf pine
110,12.1,78.8,690.23,shortleaf pine
110,11.0,71.8,537.21,shortleaf pine
110,13.0,74.5,832.83,shortleaf pine
110,13.4,71.1,901.34,shortleaf pine
110,11.4,68.9,590.18,shortleaf pine
110,15.8,81.0,1379.55,shortleaf pine
110,11.0,61.6,537.21,shortleaf pine
110,12.0,60.2,675.36,shortleaf pine
110,13.9,61.5,991.46,shortleaf pine
110,15.2,62.2,1249.18,shortleaf pine
110,13.2,59.7,866.69,shortleaf pine
110,13.1,59.4,849.66,shortleaf pine
110,12.4,56.6,736.0,shortleaf pine
110,12.5,61.0,751.65,shortleaf pine
110,15.2,70.7,1249.18,shortleaf pine
110,16.8,73.4,1612.72,shortleaf pine
110,13.1,56.7,849.66,shortleaf pine
110,14.6,73.6,1126.02,shortleaf pine
110,10.5,70.9,475.19,shortleaf pine
110,5.6,39.7,90.53,shortleaf pine
110,13.4,70.3,901.34,shortleaf pine
110,13.5,64.4,918.97,shortleaf pine
110,12.5,55.4,751.65,shortleaf pine
110,10.5,61.9,475.19,shortleaf pine
110,11.6,66.1,617.81,shortleaf pine
110,13.1,61.4,849.66,shortleaf pine
110,12.5,67.2,751.65,shortleaf pine
110,14.7,77.4,1146.04,shortleaf pine
110,10.2,59.7,440.19,shortleaf pine
110,10.3,68.6,451.67,shortleaf pine
110,8.8,63.9,297.97,shortleaf pine
110,10.2,63.8,440.19,shortleaf pine
110,9.7,66.9,385.46,shortleaf pine
110,9.8,65.9,396.05,shortleaf pine
110,11.3,64.9,576.66,shortleaf pine
110,10.4,71.8,463.34,shortleaf pine
110,9.1,60.0,325.59,shortleaf pine
110,11.3,64.8,576.66,shortleaf pine
110,10.8,67.0,511.84,shortleaf pine
110,9.5,65.4,364.8,shortleaf pine
110,10.0,68.9,417.76,shortleaf pine
110,10.2,69.6,440.19,shortleaf pine
110,16.9,70.8,1637.12,shortleaf pine
110,16.7,64.2,1588.52,shortleaf pine
110,10.2,50.8,440.19,shortleaf pine
110,14.5,62.2,1106.19,shortleaf pine
110,14.7,58.5,1146.04,shortleaf pine
110,16.0,61.1,1424.6,shortleaf pine
110,13.2,65.0,866.69,shortleaf pine
110,14.5,65.8,1106.19,shortleaf pine
110,14.0,60.2,1010.08,shortleaf pine
110,11.7,61.3,631.91,shortleaf pine
110,11.7,48.8,631.91,shortleaf pine
110,12.1,68.0,690.23,shortleaf pine
110,16.3,69.2,1493.66,shortleaf pine
110,13.9,58.8,991.46,shortleaf pine
110,14.7,55.6,1146.04,shortleaf pine
110,14.7,60.8,1146.04,shortleaf pine
110,10.7,45.7,499.44,shortleaf pine
110,11.9,57.2,660.68,shortleaf pine
110,14.7,59.6,1146.04,shortleaf pine
110,13.5,53.9,918.97,shortleaf pine
110,8.6,56.6,280.39,shortleaf pine
110,12.6,62.1,767.49,shortleaf pine
110,9.8,53.9,396.05,shortleaf pine
110,14.2,58.3,1047.92,shortleaf pine
110,12.0,56.1,675.36,shortleaf pine
110,13.7,66.9,954.81,shortleaf pine
110,10.7,58.0,499.44,shortleaf pine
110,9.7,57.0,385.46,shortleaf pine
110,13.3,58.2,883.92,shortleaf pine
110,13.8,63.2,973.03,shortleaf pine
110,11.7,60.3,631.91,shortleaf pine
110,13.0,60.5,832.83,shortleaf pine
110,15.7,77.4,1357.32,shortleaf pine
110,12.0,72.5,675.36,shortleaf pine
110,12.6,67.8,767.49,shortleaf pine
110,9.4,68.4,354.74,shortleaf pine
110,8.8,48.6,297.97,shortleaf pine
110,9.1,56.1,325.59,shortleaf pine
110,10.1,62.6,428.88,shortleaf pine
110,14.0,64.5,1010.08,shortleaf pine
110,13.2,66.0,866.69,shortleaf pine
110,14.4,59.5,1086.57,shortleaf pine
110,14.4,60.0,1086.57,shortleaf pine
110,13.6,67.5,936.79,shortleaf pine
110,11.1,55.4,550.17,shortleaf pine
110,10.1,58.6,428.88,shortleaf pine
110,13.0,61.8,832.83,shortleaf pine
110,14.0,52.1,1010.08,shortleaf pine
110,13.0,54.2,832.83,shortleaf pine
110,13.1,59.8,849.66,shortleaf pine
110,13.5,66.1,918.97,shortleaf pine
110,12.4,54.8,736.0,shortleaf pine
110,14.5,59.9,1106.19,shortleaf pine
110,14.1,62.4,1028.9,shortleaf pine
110,17.4,66.5,1762.03,shortleaf pine
110,9.9,64.7,406.81,shortleaf pine
110,16.0,66.2,1424.6,shortleaf pine
110,18.2,74.2,1971.86,shortleaf pine
110,14.5,68.3,1106.19,shortleaf pine
110,15.4,69.6,1291.83,shortleaf pine
110,16.4,69.5,1517.08,shortleaf pine
110,13.6,72.3,936.79,shortleaf pine
110,12.9,77.6,816.2,shortleaf pine
110,12.9,70.5,816.2,shortleaf pine
110,17.9,72.6,1891.75,shortleaf pine
110,13.3,76.5,883.92,shortleaf pine
110,15.0,76.3,1207.32,shortleaf pine
110,12.5,54.8,751.65,shortleaf pine
110,10.6,64.5,487.23,shortleaf pine
110,11.3,59.7,576.66,shortleaf pine
110,9.6,52.9,375.04,shortleaf pine
110,11.6,66.0,617.81,shortleaf pine
110,10.4,56.7,463.34,shortleaf pine
110,11.8,61.8,646.2,shortleaf pine
110,9.8,60.3,396.05,shortleaf pine
110,16.2,62.2,1470.44,shortleaf pine
110,1.2,16.1,2.15,shortleaf pine
110,2.9,23.9,17.75,shortleaf pine
110,3.0,27.1,19.26,shortleaf pine
110,3.5,29.7,27.97,shortleaf pine
110,3.3,33.2,24.26,shortleaf pine
110,3.7,31.8,32.0,shortleaf pine
110,3.9,34.9,36.36,shortleaf pine
110,4.1,36.3,41.04,shortleaf pine
110,4.2,42.0,43.51,shortleaf pine
110,4.5,37.2,51.44,shortleaf pine
110,4.7,36.3,57.16,shortleaf pine
110,1.4,13.7,3.09,shortleaf pine
110,4.9,41.7,63.24,shortleaf pine
110,1.1,9.2,1.76,shortleaf pine
110,1.2,14.3,2.15,shortleaf pine
110,1.5,10.5,3.64,shortleaf pine
110,1.6,14.2,4.25,shortleaf pine
110,1.9,20.4,6.41,shortleaf pine
110,2.1,13.1,8.15,shortleaf pine
110,2.0,21.6,7.25,shortleaf pine
110,2.6,22.2,13.63,shortleaf pine
110,2.8,21.0,16.3,shortleaf pine
110,1.6,21.2,4.25,shortleaf pine
110,2.9,14.6,17.75,shortleaf pine
110,3.2,24.0,22.52,shortleaf pine
110,3.4,27.2,26.08,shortleaf pine
110,3.6,31.3,29.95,shortleaf pine
110,3.7,22.7,32.0,shortleaf pine
110,3.9,22.6,36.36,shortleaf pine
110,4.0,28.9,38.66,shortleaf pine
110,4.2,21.1,43.51,shortleaf pine
110,4.5,26.9,51.44,shortleaf pine
110,4.6,31.6,54.26,shortleaf pine
110,1.8,20.3,5.63,shortleaf pine
110,4.9,36.3,63.24,shortleaf pine
110,1.5,16.0,3.64,shortleaf pine
110,2.0,23.2,7.25,shortleaf pine
110,2.3,19.4,10.14,shortleaf pine
110,2.5,22.8,12.4,shortleaf pine
110,2.7,28.4,14.93,shortleaf pine
110,1.1,13.3,1.76,shortleaf pine
110,2.8,26.2,16.3,shortleaf pine
110,3.0,28.2,19.26,shortleaf pine
110,3.3,29.2,24.26,shortleaf pine
110,3.4,31.4,26.08,shortleaf pine
110,3.7,35.2,32.0,shortleaf pine
110,3.9,36.8,36.36,shortleaf pine
110,4.0,32.4,38.66,shortleaf pine
110,4.3,38.6,46.07,shortleaf pine
110,4.5,36.6,51.44,shortleaf pine
110,4.7,34.0,57.16,shortleaf pine
110,1.3,14.6,2.6,shortleaf pine
110,4.9,37.4,63.24,shortleaf pine
110,1.1,9.8,1.76,shortleaf pine
110,1.3,13.3,2.6,shortleaf pine
110,1.5,13.0,3.64,shortleaf pine
110,1.7,17.0,4.91,shortleaf pine
110,1.9,16.4,6.41,shortleaf pine
110,2.0,16.8,7.25,shortleaf pine
110,2.2,19.5,9.11,shortleaf pine
110,2.5,17.5,12.4,shortleaf pine
110,2.7,19.1,14.93,shortleaf pine
110,1.4,16.5,3.09,shortleaf pine
110,2.9,20.0,17.75,shortleaf pine
110,3.1,22.8,20.85,shortleaf pine
110,3.3,25.5,24.26,shortleaf pine
110,3.4,21.2,26.08,shortleaf pine
110,3.6,21.2,29.95,shortleaf pine
110,3.8,20.2,34.14,shortleaf pine
110,4.1,22.2,41.04,shortleaf pine
110,4.3,22.2,46.07,shortleaf pine
110,4.4,30.4,48.71,shortleaf pine
110,4.7,24.0,57.16,shortleaf pine
110,1.8,16.7,5.63,shortleaf pine
110,4.8,34.6,60.16,shortleaf pine
110,1.9,23.0,6.41,shortleaf pine
110,2.3,22.6,10.14,shortleaf pine
110,2.1,26.2,8.15,shortleaf pine
110,2.5,25.0,12.4,shortleaf pine
110,2.6,24.4,13.63,shortleaf pine
110,1.2,12.6,2.15,shortleaf pine
110,2.5,17.8,12.4,shortleaf pine
110,3.0,24.6,19.26,shortleaf pine
110,3.7,24.0,32.0,shortleaf pine
110,3.8,23.0,34.14,shortleaf pine
110,3.1,28.3,20.85,shortleaf pine
110,3.5,29.6,27.97,shortleaf pine
110,4.0,26.8,38.66,shortleaf pine
110,4.4,36.5,48.71,shortleaf pine
110,4.3,31.0,46.07,shortleaf pine
110,4.1,28.3,41.04,shortleaf pine
110,1.4,12.1,3.09,shortleaf pine
110,4.8,27.2,60.16,shortleaf pine
110,1.8,13.3,5.63,shortleaf pine
110,1.9,15.2,6.41,shortleaf pine
110,1.9,17.4,6.41,shortleaf pine
110,2.3,21.1,10.14,shortleaf pine
110,2.3,23.2,10.14,shortleaf pine
110,2.7,22.8,14.93,shortleaf pine
110,2.8,17.1,16.3,shortleaf pine
110,4.6,44.6,54.26,shortleaf pine
110,9.3,70.5,545.9,shortleaf pine
110,11.6,72.8,884.98,shortleaf pine
110,2.9,26.9,17.75,shortleaf pine
110,8.9,67.6,477.96,shortleaf pine
110,10.7,65.6,677.25,shortleaf pine
110,5.7,58.1,155.31,shortleaf pine
110,10.4,69.9,680.61,shortleaf pine
110,7.5,64.0,315.57,shortleaf pine
110,12.3,72.2,988.55,shortleaf pine
110,11.3,71.2,820.9,shortleaf pine
110,13.2,69.9,1104.93,shortleaf pine
110,9.4,73.5,581.92,shortleaf pine
110,8.0,72.5,411.34,shortleaf pine
110,8.6,69.9,460.55,shortleaf pine
110,11.9,73.5,940.85,shortleaf pine
110,6.1,71.2,226.64,shortleaf pine
110,6.1,66.9,211.73,shortleaf pine
110,13.0,80.7,1233.08,shortleaf pine
110,13.7,73.8,1255.99,shortleaf pine
110,7.4,72.2,347.87,shortleaf pine
110,10.4,72.8,708.71,shortleaf pine
110,5.2,59.7,129.33,shortleaf pine
110,13.8,75.8,1308.24,shortleaf pine
110,15.9,76.4,1753.71,shortleaf pine
110,3.7,46.3,32.0,shortleaf pine
110,10.7,71.9,741.78,shortleaf pine
110,11.1,81.0,899.43,shortleaf pine
110,13.2,79.4,1251.55,shortleaf pine
110,10.8,72.8,765.35,shortleaf pine
110,11.8,73.8,928.61,shortleaf pine
110,8.3,75.8,464.77,shortleaf pine
110,13.9,80.4,1405.99,shortleaf pine
110,5.3,51.5,113.55,shortleaf pine
110,7.7,68.9,360.25,shortleaf pine
110,5.4,50.9,117.18,shortleaf pine
110,10.4,54.0,526.54,shortleaf pine
110,8.7,51.0,341.99,shortleaf pine
110,7.8,56.0,298.46,shortleaf pine
110,8.4,53.0,330.2,shortleaf pine
110,9.0,57.0,411.47,shortleaf pine
110,9.2,58.0,438.44,shortleaf pine
110,8.2,53.0,313.67,shortleaf pine
110,11.2,57.0,647.22,shortleaf pine
110,9.3,57.0,440.63,shortleaf pine
110,10.5,58.0,576.57,shortleaf pine
110,7.0,55.0,231.7,shortleaf pine
110,9.2,55.0,415.53,shortleaf pine
110,9.2,52.0,392.63,shortleaf pine
110,7.8,55.0,292.9,shortleaf pine
110,9.9,53.0,466.55,shortleaf pine
110,7.6,48.0,239.99,shortleaf pine
110,11.1,62.0,690.41,shortleaf pine
110,9.2,55.0,415.53,shortleaf pine
110,7.0,57.0,240.72,shortleaf pine
110,8.9,55.0,387.57,shortleaf pine
110,8.4,47.0,291.72,shortleaf pine
110,7.8,57.0,304.02,shortleaf pine
110,9.2,55.0,415.53,shortleaf pine
110,8.0,56.0,315.04,shortleaf pine
110,10.4,60.0,584.68,shortleaf pine
110,9.5,56.0,452.46,shortleaf pine
110,10.7,64.0,660.87,shortleaf pine
110,8.4,56.0,349.44,shortleaf pine
110,7.9,55.0,301.0,shortleaf pine
110,8.4,59.0,368.68,shortleaf pine
110,13.6,55.0,929.93,shortleaf pine
110,9.4,55.0,434.64,shortleaf pine
110,10.9,60.0,643.93,shortleaf pine
110,8.6,55.0,360.54,shortleaf pine
110,10.8,54.0,569.29,shortleaf pine
110,13.6,64.0,1077.19,shortleaf pine
110,1.5,10.2,3.64,shortleaf pine
110,4.0,19.0,38.66,shortleaf pine
110,2.2,16.1,9.11,shortleaf pine
110,2.9,22.0,17.75,shortleaf pine
110,13.9,67.9,1192.52,shortleaf pine
110,10.8,53.1,559.9,shortleaf pine
110,11.9,48.2,622.03,shortleaf pine
110,11.4,60.7,714.06,shortleaf pine
110,16.1,95.1,2224.47,shortleaf pine
110,14.0,88.3,1563.25,shortleaf pine
110,17.6,63.0,1787.58,shortleaf pine
110,13.3,63.3,1018.56,shortleaf pine
110,10.0,70.5,633.53,shortleaf pine
110,13.3,69.6,1117.24,shortleaf pine
110,10.1,61.8,566.93,shortleaf pine
110,23.5,87.3,4370.39,shortleaf pine
110,18.0,82.4,2421.06,shortleaf pine
110,17.5,79.0,2196.64,shortleaf pine
110,18.6,88.5,2770.45,shortleaf pine
110,14.3,75.7,1403.78,shortleaf pine
110,10.2,55.5,519.76,shortleaf pine
110,12.0,54.2,709.72,shortleaf pine
110,12.8,73.0,1083.23,shortleaf pine
110,12.6,71.0,1021.08,shortleaf pine
110,10.2,73.2,684.92,shortleaf pine
110,15.6,81.2,1790.54,shortleaf pine
110,17.2,90.0,2407.02,shortleaf pine
110,14.2,88.7,1615.56,shortleaf pine
110,13.0,86.8,1324.45,shortleaf pine
110,11.0,77.2,842.03,shortleaf pine
110,15.2,75.4,1581.39,shortleaf pine
110,14.4,81.1,1522.47,shortleaf pine
110,10.1,88.3,809.5,shortleaf pine
110,20.7,92.3,3575.27,shortleaf pine
110,13.1,87.1,1349.59,shortleaf pine
110,16.6,89.7,2234.36,shortleaf pine
110,13.6,89.7,1497.71,shortleaf pine
110,16.7,81.0,2048.42,shortleaf pine
110,15.4,79.6,1711.28,shortleaf pine
110,17.3,88.2,2387.92,shortleaf pine
110,16.5,84.4,2080.72,shortleaf pine
110,13.5,72.7,1201.5,shortleaf pine
110,20.6,75.9,2933.65,shortleaf pine
110,21.9,84.2,3664.41,shortleaf pine
110,10.0,53.3,479.11,shortleaf pine
110,13.2,76.2,1202.17,shortleaf pine
110,19.9,85.4,3065.17,shortleaf pine
110,17.0,88.0,2300.52,shortleaf pine
110,12.9,64.1,969.1,shortleaf pine
110,17.8,64.8,1878.81,shortleaf pine
110,11.1,62.4,550.17,shortleaf pine
110,10.9,50.0,524.43,shortleaf pine
110,8.6,50.0,280.39,shortleaf pine
110,11.9,60.5,660.68,shortleaf pine
110,8.9,52.7,307.0,shortleaf pine
110,11.3,57.4,576.66,shortleaf pine
110,11.8,69.1,646.2,shortleaf pine
110,11.2,60.2,563.32,shortleaf pine
110,12.9,62.1,816.2,shortleaf pine
110,11.0,58.1,537.21,shortleaf pine
110,9.2,63.6,335.13,shortleaf pine
110,7.2,61.4,175.33,shortleaf pine
110,8.1,55.7,239.32,shortleaf pine
110,8.8,63.5,297.97,shortleaf pine
110,9.2,64.5,335.13,shortleaf pine
110,8.6,64.3,280.39,shortleaf pine
110,8.6,65.2,280.39,shortleaf pine
110,8.6,64.3,280.39,shortleaf pine
110,10.8,67.8,511.84,shortleaf pine
110,8.4,63.7,263.47,shortleaf pine
110,8.1,64.2,239.32,shortleaf pine
110,11.7,63.2,631.91,shortleaf pine
110,8.0,65.6,231.59,shortleaf pine
110,7.1,72.2,168.97,shortleaf pine
110,7.7,53.8,209.34,shortleaf pine
110,15.2,73.5,1542.73,shortleaf pine
110,8.0,58.5,329.63,shortleaf pine
110,16.0,66.5,1553.16,shortleaf pine
110,10.1,70.5,646.57,shortleaf pine
110,7.3,60.1,278.84,shortleaf pine
110,19.5,77.2,2670.39,shortleaf pine
110,5.0,48.1,90.19,shortleaf pine
110,15.1,78.3,1618.76,shortleaf pine
110,13.2,87.4,1375.02,shortleaf pine
110,16.7,87.2,2200.22,shortleaf pine
110,21.0,86.4,3453.02,shortleaf pine
110,18.0,95.0,2778.59,shortleaf pine
110,21.3,95.5,3912.5,shortleaf pine
110,19.2,93.7,3120.11,shortleaf pine
110,10.5,61.5,611.12,shortleaf pine
110,8.8,51.0,350.39,shortleaf pine
110,12.5,70.0,990.85,shortleaf pine
110,13.1,72.5,1127.59,shortleaf pine
110,11.3,72.5,835.71,shortleaf pine
110,8.5,57.0,364.86,shortleaf pine
110,11.7,69.0,854.2,shortleaf pine
110,10.8,64.0,673.58,shortleaf pine
110,16.8,80.0,2048.36,shortleaf pine
110,12.5,64.5,914.55,shortleaf pine
110,10.5,71.0,704.91,shortleaf pine
110,7.0,41.0,168.53,shortleaf pine
110,18.5,74.8,2330.38,shortleaf pine
110,13.7,73.8,1255.99,shortleaf pine
110,12.5,62.6,888.19,shortleaf pine
110,9.5,53.2,429.71,shortleaf pine
110,10.4,57.7,562.39,shortleaf pine
110,12.0,61.3,800.67,shortleaf pine
110,14.8,77.0,1529.57,shortleaf pine
110,11.9,63.8,818.61,shortleaf pine
110,10.9,62.4,669.42,shortleaf pine
110,1.0,8.0,1.41,shortleaf pine
110,8.2,52.0,307.55,shortleaf pine
110,8.8,62.0,427.59,shortleaf pine
110,9.3,66.0,510.81,shortleaf pine
110,1.1,9.0,1.76,shortleaf pine
110,1.2,9.8,2.15,shortleaf pine
110,3.9,24.5,36.36,shortleaf pine
110,4.5,46.5,51.44,shortleaf pine
110,5.8,42.5,112.53,shortleaf pine
110,5.8,43.5,115.68,shortleaf pine
110,6.5,47.0,165.39,shortleaf pine
110,6.5,31.0,102.77,shortleaf pine
110,4.8,35.7,60.16,shortleaf pine
110,7.7,59.7,209.34,shortleaf pine
110,12.8,98.7,799.77,shortleaf pine
110,5.7,49.5,94.83,shortleaf pine
110,6.3,55.8,123.32,shortleaf pine
110,9.0,70.3,316.21,shortleaf pine
110,12.8,79.0,799.77,shortleaf pine
110,10.3,73.1,451.67,shortleaf pine
110,11.7,72.6,631.91,shortleaf pine
110,8.4,67.0,263.47,shortleaf pine
110,7.4,70.2,188.48,shortleaf pine
110,18.1,66.6,1944.97,shortleaf pine
110,8.3,73.3,255.26,shortleaf pine
110,8.8,59.4,297.97,shortleaf pine
110,6.8,59.8,150.79,shortleaf pine
110,8.1,48.6,239.32,shortleaf pine
110,9.7,65.0,385.46,shortleaf pine
110,8.7,75.2,289.09,shortleaf pine
110,10.5,76.4,475.19,shortleaf pine
110,15.2,110.4,1249.18,shortleaf pine
110,16.6,85.9,1564.51,shortleaf pine
110,7.9,73.4,224.01,shortleaf pine
110,8.4,89.7,263.47,shortleaf pine
110,12.7,88.0,783.53,shortleaf pine
110,10.3,28.3,451.67,shortleaf pine
110,10.6,64.8,487.23,shortleaf pine
110,6.3,47.8,123.32,shortleaf pine
110,7.0,47.7,162.77,shortleaf pine
110,7.0,43.0,162.77,shortleaf pine
110,9.0,50.1,316.21,shortleaf pine
110,7.4,43.1,188.48,shortleaf pine
110,7.4,40.4,188.48,shortleaf pine
110,6.0,44.2,108.48,shortleaf pine
110,9.7,52.8,385.46,shortleaf pine
110,8.8,62.9,297.97,shortleaf pine
110,7.6,35.0,202.23,shortleaf pine
110,7.1,44.9,168.97,shortleaf pine
110,7.8,47.2,216.6,shortleaf pine
110,7.4,56.7,188.48,shortleaf pine
110,6.5,55.5,133.89,shortleaf pine
110,8.9,62.3,307.0,shortleaf pine
110,11.6,43.2,617.81,shortleaf pine
110,8.1,49.9,239.32,shortleaf pine
110,6.6,57.7,139.38,shortleaf pine
110,10.3,68.9,451.67,shortleaf pine
110,6.4,52.6,128.54,shortleaf pine
110,15.3,55.7,1270.41,shortleaf pine
110,8.0,51.4,231.59,shortleaf pine
110,6.2,38.8,118.24,shortleaf pine
110,7.3,47.8,181.83,shortleaf pine
110,7.8,57.8,216.6,shortleaf pine
110,10.9,69.4,524.43,shortleaf pine
110,11.6,50.1,617.81,shortleaf pine
110,7.8,39.7,216.6,shortleaf pine
110,5.4,53.4,82.31,shortleaf pine
110,5.0,38.8,67.33,shortleaf pine
110,11.4,48.7,590.18,shortleaf pine
110,5.6,21.3,90.53,shortleaf pine
110,6.4,56.3,128.54,shortleaf pine
110,8.2,44.7,247.21,shortleaf pine
110,5.0,37.9,67.33,shortleaf pine
110,8.2,45.8,247.21,shortleaf pine
110,8.3,58.7,255.26,shortleaf pine
110,6.6,33.6,139.38,shortleaf pine
110,6.7,44.8,145.02,shortleaf pine
110,5.8,33.8,99.25,shortleaf pine
110,6.5,33.7,133.89,shortleaf pine
110,9.6,40.8,375.04,shortleaf pine
110,10.0,68.9,417.76,shortleaf pine
110,9.5,65.0,364.8,shortleaf pine
110,9.0,60.0,316.21,shortleaf pine
110,5.9,28.4,103.8,shortleaf pine
110,7.1,40.8,168.97,shortleaf pine
110,19.3,65.3,2279.78,shortleaf pine
110,7.3,39.8,181.83,shortleaf pine
110,4.9,34.7,63.24,shortleaf pine
110,8.1,57.9,239.32,shortleaf pine
110,10.6,35.7,447.18,shortleaf pine
110,11.4,64.7,711.21,shortleaf pine
110,10.3,54.8,519.99,shortleaf pine
110,11.6,64.0,719.47,shortleaf pine
110,15.2,88.0,1480.28,shortleaf pine
110,6.4,52.3,185.27,shortleaf pine
110,8.8,49.9,346.42,shortleaf pine
403,4.1,37.3,66.39,pignut hickory
403,14.0,88.1,2302.26,pignut hickory
403,14.1,92.2,2331.1,pignut hickory
403,12.9,71.1,1709.08,pignut hickory
403,5.3,48.1,128.65,pignut hickory
403,13.7,90.6,2231.73,pignut hickory
403,10.1,77.7,1140.96,pignut hickory
403,5.8,55.9,166.99,pignut hickory
403,5.5,50.2,134.9,pignut hickory
403,11.5,85.7,1553.95,pignut hickory
403,9.5,75.5,880.23,pignut hickory
403,5.8,41.9,182.81,pignut hickory
403,8.8,66.5,737.0,pignut hickory
403,7.8,47.0,410.1,pignut hickory
403,8.4,55.7,615.54,pignut hickory
403,11.7,68.4,1414.4,pignut hickory
403,9.3,63.2,741.74,pignut hickory
403,12.5,64.3,1476.8,pignut hickory
762,25.0,96.4,5782.55,black cherry
762,4.3,35.4,55.87,black cherry
762,5.9,57.3,170.41,black cherry
762,8.7,60.0,462.56,black cherry
762,3.5,41.4,33.54,black cherry
762,14.6,74.7,1655.23,black cherry
762,17.3,100.9,2908.48,black cherry
762,6.2,45.5,180.2,black cherry
762,18.6,102.1,3418.3,black cherry
762,13.7,89.8,1632.77,black cherry
762,7.3,53.4,291.1,black cherry
762,9.1,44.1,447.5,black cherry
762,7.3,79.3,318.04,black cherry
762,6.0,59.0,206.07,black cherry
762,3.3,40.1,28.99,black cherry
762,7.9,47.6,307.11,black cherry
762,19.5,97.8,3506.07,black cherry
762,3.7,42.9,38.49,black cherry
762,6.9,53.4,236.47,black cherry
762,5.5,55.1,165.23,black cherry
762,10.7,62.0,753.39,black cherry
762,9.7,62.9,612.88,black cherry
762,4.3,49.6,55.87,black cherry
762,7.2,68.1,331.86,black cherry
762,4.4,40.2,59.15,black cherry
762,3.6,36.3,35.97,black cherry
762,32.2,105.2,9909.74,black cherry
762,6.9,41.0,185.84,black cherry
762,7.7,55.5,397.5,black cherry
762,7.6,55.2,372.89,black cherry
762,11.3,44.5,700.73,black cherry
762,11.3,63.8,1026.86,black cherry
762,11.9,64.9,1005.85,black cherry
762,10.9,62.9,850.07,black cherry
762,13.3,44.3,923.09,black cherry
762,15.1,66.3,1666.4,black cherry
762,22.4,76.2,3932.84,black cherry
762,11.6,72.9,1041.24,black cherry
762,11.8,65.0,1044.31,black cherry
762,5.8,56.2,200.3,black cherry
762,14.8,93.3,2001.82,black cherry
762,20.8,106.6,4352.88,black cherry
762,10.0,57.3,638.36,black cherry
762,25.1,99.1,6073.1,black cherry
762,14.1,64.3,1377.96,black cherry
762,6.3,45.2,188.83,black cherry
762,5.7,35.8,139.4,black cherry
762,9.8,66.1,737.79,black cherry
762,4.7,50.0,69.66,black cherry
762,5.4,53.0,160.1,black cherry
762,6.0,70.0,220.12,black cherry
762,6.1,69.0,228.34,black cherry
762,6.9,57.7,278.92,black cherry
762,7.2,62.5,325.11,black cherry
762,8.0,76.0,470.64,black cherry
762,8.8,81.0,606.35,black cherry
762,9.9,65.0,673.64,black cherry
762,10.3,58.5,681.06,black cherry
762,10.5,73.5,828.77,black cherry
762,11.3,73.0,961.41,black cherry
762,12.2,74.0,1136.85,black cherry
762,12.9,80.5,1350.52,black cherry
762,14.1,85.0,1681.32,black cherry
762,14.4,78.0,1654.55,black cherry
762,15.7,75.0,1919.44,black cherry
762,12.4,51.4,912.48,black cherry
762,12.4,51.8,990.75,black cherry
806,12.8,80.4,1715.3,scarlet oak
806,13.8,83.9,1934.53,scarlet oak
806,6.4,65.1,341.13,scarlet oak
806,13.0,79.6,1615.3,scarlet oak
806,7.7,66.6,542.78,scarlet oak
806,16.0,78.6,2528.59,scarlet oak
806,18.0,74.9,3171.08,scarlet oak
806,19.1,87.8,3947.77,scarlet oak
806,8.5,69.6,670.56,scarlet oak
806,18.6,93.4,3935.0,scarlet oak
806,18.6,87.1,3742.19,scarlet oak
806,16.7,92.8,3138.87,scarlet oak
806,17.5,90.1,3413.11,scarlet oak
806,20.2,90.2,4537.9,scarlet oak
806,17.7,91.5,3453.86,scarlet oak
806,5.9,44.3,204.15,scarlet oak
806,9.4,62.0,681.69,scarlet oak
806,11.3,73.3,1131.77,scarlet oak
806,13.4,73.1,1549.31,scarlet oak
806,17.0,85.8,2839.01,scarlet oak
806,15.8,59.9,1835.08,scarlet oak
806,8.4,48.5,388.15,scarlet oak
806,12.9,70.5,1113.0,scarlet oak
806,14.3,69.6,1435.34,scarlet oak
806,14.4,72.7,1460.23,scarlet oak
806,13.0,79.9,1134.43,scarlet oak
806,8.2,37.9,366.09,scarlet oak
806,16.8,69.8,2133.31,scarlet oak
806,16.4,72.8,2010.95,scarlet oak
806,4.9,52.2,107.18,scarlet oak
806,10.5,64.6,872.7,scarlet oak
806,21.5,85.9,4452.32,scarlet oak
806,16.7,84.0,2688.19,scarlet oak
806,19.8,96.1,4243.6,scarlet oak
806,13.7,71.3,1575.94,scarlet oak
806,14.8,54.8,1409.64,scarlet oak
806,16.5,69.9,2195.0,scarlet oak
806,8.7,81.7,779.17,scarlet oak
806,14.0,74.6,1715.61,scarlet oak
806,15.8,89.4,2573.04,scarlet oak
806,18.9,88.7,3588.9,scarlet oak
806,14.8,84.4,2149.5,scarlet oak
806,11.9,71.8,1220.39,scarlet oak
806,16.8,77.8,2522.08,scarlet oak
806,18.5,89.4,3471.97,scarlet oak
806,25.1,95.2,6637.12,scarlet oak
806,14.0,59.4,1373.22,scarlet oak
806,33.5,83.3,10214.53,scarlet oak
806,21.4,89.2,4578.54,scarlet oak
806,16.8,86.0,2782.29,scarlet oak
806,12.1,67.2,1179.69,scarlet oak
806,13.8,81.4,1819.05,scarlet oak
806,12.1,67.8,1189.99,scarlet oak
806,13.8,87.7,1957.2,scarlet oak
806,13.6,82.0,1782.79,scarlet oak
806,8.6,60.3,562.21,scarlet oak
806,12.6,77.2,1457.08,scarlet oak
806,17.9,90.0,3281.96,scarlet oak
806,14.7,74.6,1880.39,scarlet oak
806,13.0,69.4,1391.43,scarlet oak
806,19.4,84.3,3589.1,scarlet oak
806,16.5,83.1,2599.86,scarlet oak
806,13.8,70.8,1586.61,scarlet oak
806,15.6,79.0,2224.87,scarlet oak
806,17.5,82.3,2879.83,scarlet oak
806,13.9,81.3,1841.61,scarlet oak
806,18.4,97.0,3722.8,scarlet oak
806,21.6,93.7,4891.5,scarlet oak
806,18.0,96.8,3562.87,scarlet oak
806,15.3,88.5,2397.5,scarlet oak
806,20.6,92.8,4423.88,scarlet oak
806,24.6,101.3,6784.64,scarlet oak
806,15.1,80.7,1641.46,scarlet oak
806,18.0,80.1,2524.87,scarlet oak
806,15.8,74.9,1835.08,scarlet oak
806,6.0,54.4,261.14,scarlet oak
806,11.5,67.8,1083.01,scarlet oak
806,9.1,64.2,664.71,scarlet oak
806,5.1,51.7,183.6,scarlet oak
806,2.9,32.9,29.98,scarlet oak
806,27.8,78.0,6659.9,scarlet oak
806,10.9,68.5,992.01,scarlet oak
806,12.0,60.5,1048.32,scarlet oak
806,11.8,28.3,488.1,scarlet oak
806,14.3,90.9,1435.34,scarlet oak
806,14.8,53.1,1562.28,scarlet oak
806,9.4,55.1,510.65,scarlet oak
806,19.9,82.3,4121.32,scarlet oak
806,4.8,33.3,101.94,scarlet oak
806,7.0,47.3,341.17,scarlet oak
806,12.7,66.4,1332.38,scarlet oak
806,11.1,73.7,1126.3,scarlet oak
806,6.9,40.3,288.04,scarlet oak
806,15.6,89.8,2653.12,scarlet oak
806,5.6,51.1,191.58,scarlet oak
806,7.1,42.5,301.66,scarlet oak
806,26.5,103.1,8086.23,scarlet oak
806,21.5,104.3,5524.08,scarlet oak
806,12.6,61.2,1332.1,scarlet oak
806,9.3,50.0,612.93,scarlet oak
806,21.7,88.0,4876.85,scarlet oak
806,13.4,79.0,1769.71,scarlet oak
806,14.2,88.8,2154.59,scarlet oak
806,27.3,94.7,7982.9,scarlet oak
806,6.9,59.2,366.2,scarlet oak
806,6.5,57.3,321.26,scarlet oak
806,11.7,57.9,1053.05,scarlet oak
806,5.7,52.9,201.29,scarlet oak
806,10.0,68.2,929.84,scarlet oak
806,7.7,49.6,389.78,scarlet oak
806,3.1,27.2,35.25,scarlet oak
806,5.3,27.9,106.43,scarlet oak
806,3.7,23.3,54.16,scarlet oak
806,2.1,16.4,13.72,scarlet oak
806,2.2,19.4,15.35,scarlet oak
806,7.5,42.7,341.19,scarlet oak
806,5.4,35.4,131.81,scarlet oak
806,1.3,11.5,4.33,scarlet oak
806,1.1,15.1,2.91,scarlet oak
806,4.4,32.5,82.51,scarlet oak
806,4.6,32.8,91.92,scarlet oak
806,6.3,44.6,233.27,scarlet oak
806,6.6,44.6,261.46,scarlet oak
806,9.1,48.6,568.03,scarlet oak
806,8.1,68.0,553.97,scarlet oak
806,4.8,48.2,101.94,scarlet oak
806,5.0,55.2,131.7,scarlet oak
806,5.5,50.5,174.11,scarlet oak
806,6.6,54.4,297.96,scarlet oak
806,7.5,65.7,455.46,scarlet oak
806,8.9,65.3,662.27,scarlet oak
806,9.4,65.2,743.67,scarlet oak
806,10.1,57.5,794.57,scarlet oak
806,10.7,71.0,1034.95,scarlet oak
806,11.5,67.2,1158.23,scarlet oak
806,12.4,58.4,1229.73,scarlet oak
806,13.9,68.5,1733.34,scarlet oak
806,14.5,69.6,1910.49,scarlet oak
806,15.1,70.9,2101.78,scarlet oak
806,15.9,65.7,2218.37,scarlet oak
806,7.2,58.4,383.75,scarlet oak
806,7.1,58.4,399.68,scarlet oak
806,8.4,68.0,642.7,scarlet oak
835,6.7,42.7,222.83,post oak
835,11.6,53.7,803.44,post oak
835,7.7,45.2,309.92,post oak
835,5.9,42.0,170.24,post oak
835,6.2,44.3,199.19,post oak
835,11.1,45.9,639.91,post oak
835,11.4,59.0,851.5,post oak
835,13.0,53.4,983.59,post oak
835,12.1,50.0,810.55,post oak
835,8.4,54.4,443.17,post oak
835,16.5,76.3,2159.74,post oak
835,13.1,72.0,1328.42,post oak
835,9.0,63.0,586.38,post oak
835,9.8,80.0,875.83,post oak
835,18.4,91.3,3159.22,post oak
835,15.9,87.9,2311.09,post oak
835,7.9,58.9,428.23,post oak
835,5.2,35.5,108.06,post oak
835,9.7,25.0,263.99,post oak
835,5.8,45.9,181.63,post oak
835,17.2,69.2,2036.5,post oak
835,14.9,65.8,1440.6,post oak
835,16.7,52.4,1897.14,post oak
835,14.3,54.3,1304.09,post oak
835,14.6,74.5,1371.37,post oak
835,11.0,73.0,690.16,post oak
835,13.0,63.5,1034.92,post oak
835,10.7,63.3,645.48,post oak
835,12.3,68.1,904.83,post oak
835,14.5,70.1,1348.73,post oak
835,14.6,64.5,1371.37,post oak
835,11.7,59.5,801.46,post oak
835,9.7,61.6,509.3,post oak
835,17.7,67.9,2181.29,post oak
835,6.9,41.5,228.91,post oak
835,16.4,86.1,2400.8,post oak
835,9.0,64.2,597.72,post oak
835,10.6,75.1,952.24,post oak
835,12.1,66.6,1065.44,post oak
835,8.3,54.5,434.05,post oak
835,7.9,51.1,369.79,post oak
835,12.0,36.0,586.73,post oak
835,8.3,57.6,350.4,post oak
835,11.5,67.0,768.64,post oak
835,12.3,67.2,904.83,post oak
835,7.3,44.8,258.3,post oak
835,9.1,61.7,436.78,post oak
835,7.6,57.5,284.13,post oak
835,6.1,47.2,169.61,post oak
835,7.5,60.7,275.35,post oak
835,7.2,53.0,250.02,post oak
835,8.1,51.3,330.6,post oak
835,11.3,49.2,736.64,post oak
835,12.4,52.6,922.79,post oak
835,8.4,48.0,360.57,post oak
835,7.3,40.3,258.3,post oak
835,7.7,42.1,293.08,post oak
835,7.9,33.3,311.49,post oak
835,10.8,51.6,660.17,post oak
835,11.1,48.4,705.45,post oak
835,7.2,47.8,250.02,post oak
835,7.0,31.8,233.96,post oak
835,10.4,48.2,602.58,post oak
835,7.1,30.1,241.91,post oak
835,5.0,34.7,107.55,post oak
835,5.5,40.2,133.6,post oak
835,5.0,42.6,107.55,post oak
835,8.1,47.0,330.6,post oak
835,6.9,42.3,226.18,post oak
835,9.0,43.1,425.35,post oak
835,11.5,40.6,768.64,post oak
835,7.5,53.9,275.35,post oak
835,6.4,40.9,189.65,post oak
835,8.6,55.8,381.44,post oak
835,6.1,39.3,169.61,post oak
835,6.7,46.7,211.09,post oak
835,10.5,56.3,616.68,post oak
835,6.3,33.5,182.82,post oak
835,7.5,52.5,275.35,post oak
835,7.4,55.5,266.74,post oak
835,6.4,54.2,189.65,post oak
835,5.5,31.2,133.6,post oak
835,7.1,44.1,241.91,post oak
835,8.6,45.9,381.44,post oak
837,17.8,66.8,2187.05,black oak
837,23.2,70.5,4125.49,black oak
837,19.9,66.0,2865.55,black oak
837,17.6,70.6,2127.61,black oak
837,21.5,97.7,4204.66,black oak
837,13.6,93.5,1670.15,black oak
837,15.7,80.0,1882.78,black oak
837,17.0,85.6,2345.84,black oak
837,16.0,70.7,1727.89,black oak
837,11.1,65.2,789.42,black oak
837,10.6,68.7,762.1,black oak
837,13.7,75.4,1366.82,black oak
837,9.1,69.9,579.46,black oak
837,28.6,84.8,6376.97,black oak
837,16.8,67.6,1816.28,black oak
837,13.4,95.0,1649.65,black oak
837,18.7,88.1,2899.94,black oak
837,17.9,83.2,2519.17,black oak
837,18.1,82.0,2537.13,black oak
837,13.3,50.9,872.79,black oak
837,10.1,67.2,679.4,black oak
837,13.5,67.0,1181.28,black oak
837,13.4,80.2,1393.22,black oak
837,11.3,65.9,825.78,black oak
837,12.1,75.9,1084.93,black oak
837,17.7,99.9,2953.44,black oak
837,21.1,99.4,4124.05,black oak
837,25.1,104.0,6037.29,black oak
837,17.6,84.3,2470.23,black oak
837,13.5,72.3,1274.39,black oak
837,16.9,87.2,2362.22,black oak
837,11.0,73.0,869.67,black oak
837,11.5,73.2,949.32,black oak
837,15.4,70.8,1607.47,black oak
837,14.0,84.2,1590.22,black oak
837,16.6,84.7,2217.53,black oak
837,19.6,96.3,3466.47,black oak
837,15.7,77.0,1674.81,black oak
837,19.4,79.9,2695.06,black oak
837,15.9,70.3,1659.03,black oak
837,16.0,78.6,1684.78,black oak
837,16.9,70.7,1926.72,black oak
837,17.8,71.2,2187.05,black oak
837,18.7,68.5,2465.73,black oak
837,16.0,63.1,1684.78,black oak
837,15.9,62.9,1659.03,black oak
837,18.0,71.2,2247.4,black oak
837,15.4,83.7,1533.69,black oak
837,14.0,82.6,1212.65,black oak
837,13.0,58.3,1009.95,black oak
837,11.7,52.1,778.71,black oak
837,13.3,78.9,1068.46,black oak
837,13.2,75.4,1048.74,black oak
837,14.8,81.6,1390.73,black oak
837,12.6,79.9,934.96,black oak
837,11.0,64.1,668.87,black oak
837,12.1,77.0,846.04,black oak
837,13.0,72.8,1009.95,black oak
837,20.0,87.8,2900.31,black oak
837,17.0,77.8,1954.73,black oak
837,13.9,80.7,1191.39,black oak
837,14.1,84.5,1234.13,black oak
837,14.5,88.6,1322.28,black oak
837,19.2,81.6,2628.42,black oak
837,16.0,95.8,1684.78,black oak
837,16.4,74.9,1790.04,black oak
837,16.0,83.6,1684.78,black oak
837,17.2,87.1,2011.45,black oak
837,19.0,89.2,2562.67,black oak
837,18.2,84.9,2308.65,black oak
837,14.7,81.2,1367.69,black oak
837,14.9,74.5,1414.0,black oak
837,18.3,61.1,2339.61,black oak
837,17.2,56.8,2011.45,black oak
837,14.6,58.6,1344.87,black oak
837,17.6,70.5,2127.61,black oak
837,17.1,63.5,1982.98,black oak
837,12.6,66.6,934.96,black oak
837,14.1,65.2,1234.13,black oak
837,13.7,65.6,1149.54,black oak
837,15.3,70.3,1509.3,black oak
837,13.8,65.7,1170.35,black oak
837,17.3,57.9,2040.15,black oak
837,10.4,60.3,582.67,black oak
837,13.1,65.9,1029.23,black oak
837,11.5,62.2,746.29,black oak
837,14.5,63.7,1322.28,black oak
837,12.8,76.4,972.02,black oak
837,13.9,69.9,1191.39,black oak
837,17.2,73.7,2011.45,black oak
837,19.9,74.7,2865.55,black oak
837,13.1,70.3,1029.23,black oak
837,13.4,72.4,1088.4,black oak
837,14.7,68.9,1367.69,black oak
837,17.3,70.4,2040.15,black oak
837,12.9,73.2,990.87,black oak
837,14.7,65.8,1367.69,black oak
837,14.7,71.0,1367.69,black oak
837,13.2,70.0,1048.74,black oak
837,12.4,53.8,898.75,black oak
837,13.0,66.0,1009.95,black oak
837,13.8,63.1,1170.35,black oak
837,10.8,71.5,822.41,black oak
837,7.3,62.6,337.81,black oak
837,11.0,79.1,943.05,black oak
837,20.4,103.4,4340.98,black oak
837,17.7,77.7,2586.48,black oak
837,14.0,78.7,1333.62,black oak
837,5.0,48.6,115.97,black oak
837,8.1,57.3,316.5,black oak
837,6.9,63.6,215.18,black oak
837,8.0,51.8,307.12,black oak
837,8.3,58.9,384.62,black oak
837,7.6,56.8,309.96,black oak
837,8.0,52.8,307.12,black oak
837,8.4,66.1,345.69,black oak
837,7.1,58.5,230.4,black oak
837,6.4,33.7,179.9,black oak
837,5.4,32.1,120.73,black oak
837,6.7,40.2,200.59,black oak
837,5.4,36.6,120.73,black oak
837,6.7,42.7,185.33,black oak
837,7.2,37.6,206.07,black oak
837,13.8,91.6,1785.31,black oak
837,18.0,90.7,3174.39,black oak
837,8.5,54.7,446.47,black oak
837,12.6,63.4,1259.1,black oak
837,5.9,48.2,187.28,black oak
837,3.1,40.4,35.25,black oak
837,4.8,41.9,101.94,black oak
837,27.1,92.4,7185.77,black oak
837,11.5,81.5,1118.11,black oak
837,14.2,88.7,2042.61,black oak
837,14.0,76.8,1695.78,black oak
837,19.4,103.6,4035.95,black oak
837,20.3,84.6,3782.96,black oak
837,16.3,81.3,2357.29,black oak
837,16.3,76.6,2322.32,black oak
837,6.9,43.0,205.79,black oak
837,12.1,63.3,1079.46,black oak
837,10.2,72.4,878.79,black oak
837,7.7,56.2,365.64,black oak
837,4.9,49.4,107.18,black oak
837,12.2,66.7,1157.06,black oak
837,15.0,89.3,2163.89,black oak
837,16.3,70.5,2231.1,black oak
837,11.0,92.2,1266.73,black oak
837,18.4,101.8,3436.36,black oak
837,22.4,89.2,4855.38,black oak
837,7.7,62.9,425.1,black oak
837,5.4,45.0,139.98,black oak
837,6.4,55.3,266.56,black oak
837,16.9,90.5,2794.75,black oak
837,9.6,56.2,611.45,black oak
837,11.2,65.6,910.74,black oak
837,16.4,70.6,2020.01,black oak
837,35.2,120.9,14833.25,black oak
837,15.1,83.2,2160.0,black oak
837,15.5,76.8,2227.67,black oak
837,8.9,61.6,548.55,black oak
837,15.0,79.4,1983.63,black oak
837,16.7,68.6,2274.35,black oak
837,5.5,51.0,155.94,black oak
837,5.7,50.1,171.41,black oak
837,5.8,49.9,179.59,black oak
837,6.1,60.8,232.97,black oak
837,6.6,63.3,292.24,black oak
837,7.2,59.3,344.87,black oak
837,9.3,56.1,584.03,black oak
837,9.7,57.9,652.38,black oak
837,9.9,58.3,684.26,black oak
837,11.0,53.1,800.12,black oak
837,11.0,60.9,878.64,black oak
837,11.1,71.5,998.39,black oak
837,12.5,62.9,1170.09,black oak
837,12.6,63.7,1199.71,black oak
837,12.8,67.3,1286.37,black oak
837,14.5,73.9,1769.79,black oak
837,14.5,77.3,1824.4,black oak
837,15.8,68.7,2007.9,black oak
802,19.5,77.9,3062.86,white oak
802,17.1,80.2,2454.24,white oak
802,17.4,69.2,2197.59,white oak
802,12.9,67.5,1223.51,white oak
802,15.8,78.8,2077.69,white oak
802,12.9,85.4,1538.04,white oak
802,13.9,75.9,1575.36,white oak
802,14.1,84.9,1804.6,white oak
802,12.7,78.5,1376.37,white oak
802,14.6,85.8,1946.08,white oak
802,15.6,86.5,2221.47,white oak
802,13.7,81.0,1633.59,white oak
802,16.2,87.1,2401.42,white oak
802,12.7,86.3,1509.52,white oak
802,14.0,84.0,1762.35,white oak
802,12.8,92.5,1638.99,white oak
802,16.8,76.4,2263.79,white oak
802,13.4,82.8,1601.56,white oak
802,12.1,78.1,1252.44,white oak
802,15.6,96.5,2472.17,white oak
802,16.2,84.9,2342.2,white oak
802,13.5,79.7,1564.59,white oak
802,13.0,86.6,1581.62,white oak
802,13.0,82.8,1513.88,white oak
802,12.2,83.2,1352.4,white oak
802,15.7,89.6,2327.02,white oak
802,15.6,85.3,2191.38,white oak
802,15.9,86.2,2294.84,white oak
802,14.3,83.5,1822.93,white oak
802,16.6,85.4,2466.75,white oak
802,21.1,88.4,4028.85,white oak
802,23.4,109.6,6065.02,white oak
802,16.2,65.5,1820.0,white oak
802,17.2,71.5,2219.26,white oak
802,10.7,65.1,880.63,white oak
802,14.2,59.0,1284.28,white oak
802,21.1,74.1,3392.93,white oak
802,16.2,71.3,1976.12,white oak
802,14.9,64.0,1520.37,white oak
802,17.3,57.6,1820.18,white oak
802,19.9,78.8,3219.84,white oak
802,20.4,80.0,3426.45,white oak
802,10.3,57.2,727.76,white oak
802,20.4,64.2,2767.69,white oak
802,20.1,83.4,3468.46,white oak
802,21.4,90.4,4230.83,white oak
802,21.7,95.4,4580.01,white oak
802,19.3,107.3,4106.0,white oak
802,27.0,107.8,7867.97,white oak
802,19.4,98.8,3824.69,white oak
802,19.7,104.0,4141.24,white oak
802,15.7,81.0,2108.8,white oak
802,13.6,81.9,1628.89,white oak
802,9.0,68.8,684.02,white oak
802,15.6,85.2,2188.88,white oak
802,17.2,82.5,2550.84,white oak
802,17.0,69.6,2114.6,white oak
802,20.0,89.2,3668.39,white oak
802,11.6,69.5,1034.76,white oak
802,10.4,57.7,746.45,white oak
802,18.3,82.4,2866.13,white oak
802,19.2,90.0,3422.96,white oak
802,17.4,98.0,3084.92,white oak
802,19.9,80.7,3295.4,white oak
802,14.3,81.7,1784.6,white oak
802,17.6,87.3,2815.65,white oak
802,14.2,77.6,1675.17,white oak
802,17.8,84.8,2796.29,white oak
802,15.8,76.8,2026.33,white oak
802,14.0,75.7,1592.48,white oak
802,16.4,83.3,2353.03,white oak
802,15.1,83.7,2023.45,white oak
802,16.9,98.6,2936.63,white oak
802,15.9,94.5,2510.52,white oak
802,19.8,100.0,4023.94,white oak
802,18.5,67.4,2406.9,white oak
802,20.6,81.3,3546.29,white oak
802,18.8,81.3,2977.83,white oak
802,13.8,80.0,1635.97,white oak
802,16.1,94.0,2557.1,white oak
802,18.3,105.9,3662.83,white oak
802,15.7,80.4,2093.58,white oak
802,9.0,59.5,596.37,white oak
802,12.2,71.6,1168.59,white oak
802,5.4,32.2,155.12,white oak
802,13.4,82.0,1586.47,white oak
802,13.7,80.2,1617.87,white oak
802,7.8,53.9,426.46,white oak
802,17.7,86.3,2814.27,white oak
802,8.0,45.2,378.45,white oak
802,5.9,40.4,212.27,white oak
802,10.0,79.4,943.84,white oak
802,22.2,92.7,4652.54,white oak
802,16.3,84.1,2347.79,white oak
802,17.0,92.0,2775.03,white oak
802,14.8,95.8,2223.44,white oak
802,14.3,89.3,1946.43,white oak
802,18.5,87.9,3116.39,white oak
802,14.4,85.2,1883.52,white oak
802,21.2,70.2,3248.85,white oak
802,16.2,88.5,2439.11,white oak
802,17.5,99.6,3168.47,white oak
802,25.4,83.4,5441.43,white oak
802,17.7,95.7,3113.42,white oak
802,20.7,94.6,4149.55,white oak
802,17.6,94.7,3048.63,white oak
802,17.1,89.9,2743.42,white oak
802,15.9,71.6,1915.45,white oak
802,17.9,81.7,2725.43,white oak
802,17.3,89.8,2801.49,white oak
802,16.7,79.1,2315.33,white oak
802,17.1,86.7,2648.02,white oak
802,13.4,73.6,1428.05,white oak
802,17.7,62.9,2069.58,white oak
802,15.8,76.9,2028.9,white oak
802,14.4,77.3,1713.1,white oak
802,16.6,99.4,2861.35,white oak
802,12.6,82.9,1430.4,white oak
802,13.2,79.6,1498.72,white oak
802,20.4,93.8,4001.82,white oak
802,20.7,91.8,4029.51,white oak
802,14.6,87.2,1977.07,white oak
802,15.1,99.3,2391.31,white oak
802,17.5,108.5,3445.67,white oak
802,14.3,86.6,1888.94,white oak
802,12.5,89.4,1517.21,white oak
802,15.5,92.2,2335.92,white oak
802,19.0,88.7,3307.94,white oak
802,13.8,87.0,1775.43,white oak
802,10.0,73.7,878.85,white oak
802,10.8,56.8,786.51,white oak
802,10.5,69.7,908.78,white oak
802,14.2,80.9,1744.52,white oak
802,4.0,31.1,64.64,white oak
802,19.6,88.5,3502.42,white oak
802,17.0,79.5,2406.48,white oak
802,19.5,85.7,3361.26,white oak
802,17.4,69.0,2191.43,white oak
802,17.5,71.5,2293.26,white oak
802,7.4,57.1,412.18,white oak
802,15.7,58.6,1540.44,white oak
802,5.9,48.5,248.73,white oak
802,6.0,43.5,231.95,white oak
802,9.5,75.5,821.41,white oak
802,7.0,52.9,351.01,white oak
802,7.5,63.7,466.4,white oak
802,9.0,65.5,652.92,white oak
802,6.8,40.0,260.95,white oak
802,6.0,40.5,218.06,white oak
802,9.8,55.1,643.52,white oak
802,18.3,116.3,4015.41,white oak
802,18.4,95.6,3348.17,white oak
802,16.2,112.3,3079.74,white oak
802,17.3,77.0,2411.41,white oak
802,15.2,89.0,2175.23,white oak
802,16.0,80.6,2174.88,white oak
802,18.9,93.5,3447.85,white oak
802,12.4,80.2,1344.62,white oak
802,9.0,63.2,631.24,white oak
802,11.0,66.5,899.69,white oak
802,5.0,40.0,72.28,white oak
802,15.4,89.3,2236.69,white oak
802,15.1,95.1,2292.27,white oak
802,5.4,47.1,212.92,white oak
802,5.0,42.7,176.09,white oak
802,5.4,48.4,217.96,white oak
802,7.4,52.1,378.9,white oak
802,7.0,48.8,326.24,white oak
802,5.4,45.6,207.1,white oak
802,5.2,41.6,181.78,white oak
802,6.1,43.7,238.73,white oak
802,5.2,30.2,140.25,white oak
802,7.2,46.9,329.33,white oak
802,9.0,33.1,347.56,white oak
802,5.1,37.1,161.13,white oak
802,13.6,77.9,1171.99,white oak
802,13.3,79.3,1110.16,white oak
802,16.4,79.3,1841.27,white oak
802,16.6,54.4,1895.39,white oak
802,14.5,80.7,1368.99,white oak
802,14.1,78.9,1279.31,white oak
802,15.0,75.7,1485.88,white oak
802,13.5,73.6,1151.17,white oak
802,15.7,73.9,1658.42,white oak
802,16.0,57.2,1735.53,white oak
802,18.4,67.5,2419.14,white oak
802,20.9,72.5,3249.89,white oak
802,11.0,69.5,699.0,white oak
802,15.5,73.7,1608.06,white oak
802,14.9,69.6,1462.07,white oak
802,16.3,69.6,1814.52,white oak
802,16.3,71.2,1814.52,white oak
802,16.0,92.0,2432.05,white oak
802,13.2,93.8,1759.14,white oak
802,16.0,97.0,2606.11,white oak
802,17.0,89.0,2686.58,white oak
802,7.7,71.0,539.46,white oak
802,9.3,71.0,746.28,white oak
802,15.5,77.0,1959.44,white oak
802,11.0,91.0,1220.51,white oak
802,9.0,51.9,524.75,white oak
802,9.9,74.0,866.69,white oak
802,6.9,66.5,423.08,white oak
802,14.4,79.6,1717.59,white oak
802,7.7,63.8,423.71,white oak
802,19.1,83.2,3212.52,white oak
802,20.8,93.6,4025.14,white oak
802,4.7,41.9,95.65,white oak
802,5.9,51.5,183.33,white oak
802,5.1,42.5,180.18,white oak
802,9.0,54.2,546.42,white oak
802,8.6,63.0,581.87,white oak
802,11.7,61.6,935.32,white oak
802,12.0,55.1,879.96,white oak
802,5.2,47.0,201.45,white oak
802,5.6,41.5,201.34,white oak
802,7.0,46.4,311.75,white oak
802,6.7,47.7,298.11,white oak
802,5.4,43.1,197.4,white oak
802,14.2,41.0,906.0,white oak
802,11.0,62.1,842.08,white oak
802,12.2,69.2,1130.56,white oak
802,12.9,80.4,1450.18,white oak
802,7.3,58.8,414.1,white oak
802,14.4,82.4,1823.12,white oak
802,11.0,75.7,1020.16,white oak
802,11.6,75.7,1124.27,white oak
802,10.4,90.1,1143.21,white oak
802,12.0,89.4,1407.1,white oak
802,6.1,62.9,330.2,white oak
802,5.2,50.2,213.11,white oak
802,8.1,67.7,562.02,white oak
802,5.7,56.0,268.13,white oak
802,6.4,67.8,381.47,white oak
802,9.8,76.9,883.13,white oak
802,7.2,71.3,484.13,white oak
802,7.7,77.8,588.0,white oak
802,8.4,41.2,377.29,white oak
802,9.8,39.5,472.06,white oak
802,11.2,55.1,775.47,white oak
802,10.5,47.6,633.39,white oak
802,11.2,63.3,886.46,white oak
802,10.1,59.2,726.17,white oak
802,9.4,43.9,484.17,white oak
802,10.1,57.0,700.63,white oak
802,15.6,85.7,2131.3,white oak
802,14.3,90.8,1968.64,white oak
802,23.8,108.4,5903.51,white oak
802,19.5,79.6,3224.28,white oak
802,16.5,75.5,1900.36,white oak
802,20.4,88.1,3364.89,white oak
802,19.1,79.2,2646.78,white oak
802,16.5,75.6,1754.67,white oak
802,8.0,55.1,302.61,white oak
802,15.0,71.5,1330.9,white oak
802,8.5,65.3,428.85,white oak
802,6.0,54.2,207.88,white oak
802,14.1,67.7,1158.32,white oak
802,5.5,45.1,124.61,white oak
802,5.2,32.8,95.83,white oak
802,8.6,64.5,475.5,white oak
802,13.2,88.9,1420.89,white oak
802,9.2,76.5,653.96,white oak
802,27.4,90.0,6787.35,white oak
802,34.5,98.5,11610.01,white oak
802,5.5,55.0,250.22,white oak
802,7.0,53.2,352.82,white oak
802,42.0,88.5,15387.78,white oak
802,11.2,71.5,997.45,white oak
802,6.8,54.3,343.08,white oak
802,5.5,32.2,159.03,white oak
802,4.4,27.1,81.49,white oak
802,9.3,63.3,669.29,white oak
802,11.2,67.8,947.37,white oak
802,4.8,28.4,100.67,white oak
802,9.9,70.7,829.75,white oak
802,18.5,59.3,2126.56,white oak
802,15.9,70.8,1905.91,white oak
802,18.4,67.8,2395.88,white oak
802,21.8,77.1,3754.38,white oak
802,8.7,59.2,559.85,white oak
802,8.0,42.8,360.12,white oak
802,15.7,70.5,1842.38,white oak
802,4.9,39.0,105.85,white oak
802,5.5,42.1,198.63,white oak
802,5.5,47.8,221.42,white oak
802,4.7,40.4,95.65,white oak
802,20.8,74.2,3305.35,white oak
802,17.1,79.4,2430.39,white oak
802,16.2,65.0,1806.54,white oak
802,14.2,70.4,1523.86,white oak
802,18.8,69.5,2556.76,white oak
802,8.2,50.1,433.45,white oak
802,6.9,39.5,264.03,white oak
802,19.9,77.4,3164.17,white oak
802,20.7,79.0,3480.74,white oak
802,4.8,37.9,100.67,white oak
802,6.6,46.2,282.96,white oak
802,19.8,78.0,3157.47,white oak
802,5.9,35.4,189.76,white oak
802,5.2,23.7,116.57,white oak
802,8.3,61.9,538.6,white oak
802,10.9,56.1,790.23,white oak
802,6.0,50.4,263.92,white oak
802,29.7,105.5,9269.59,white oak
802,11.1,44.0,615.11,white oak
802,14.2,58.0,1263.27,white oak
802,20.8,90.0,4004.33,white oak
802,21.1,78.0,3765.73,white oak
802,22.3,68.0,3865.33,white oak
802,21.5,86.0,4161.86,white oak
802,8.3,50.0,396.83,white oak
802,7.7,53.3,354.6,white oak
802,7.0,53.3,265.28,white oak
802,5.1,36.5,111.66,white oak
802,6.8,58.4,218.84,white oak
802,6.0,29.0,162.85,white oak
802,5.7,34.4,144.45,white oak
802,8.2,42.4,342.6,white oak
802,10.4,55.2,609.7,white oak
802,5.8,32.3,150.43,white oak
802,6.4,43.0,189.56,white oak
802,8.8,57.2,440.26,white oak
802,8.3,46.6,305.53,white oak
802,15.3,99.9,2413.07,white oak
802,5.1,33.1,87.6,white oak
802,6.1,30.9,138.37,white oak
802,5.3,33.0,87.28,white oak
802,12.9,68.3,1263.24,white oak
802,11.0,69.5,966.59,white oak
802,15.1,87.3,2024.56,white oak
802,29.7,92.9,8745.0,white oak
802,30.6,97.3,9174.04,white oak
802,24.0,117.3,6410.32,white oak
802,15.8,80.0,2094.2,white oak
802,26.5,82.8,6085.78,white oak
802,15.5,63.7,1664.65,white oak
802,9.5,58.3,640.97,white oak
802,25.2,95.0,5948.0,white oak
802,13.7,88.6,1784.67,white oak
802,25.8,86.4,6103.94,white oak
802,15.1,83.1,2087.39,white oak
802,5.1,41.6,105.6,white oak
802,12.0,80.6,1225.52,white oak
802,15.7,87.0,2237.59,white oak
802,4.1,21.6,68.64,white oak
802,14.7,83.8,1878.07,white oak
802,10.8,69.9,862.02,white oak
802,3.6,28.8,50.05,white oak
802,10.7,74.1,937.56,white oak
802,14.4,76.9,1867.83,white oak
802,15.5,80.6,2052.27,white oak
802,26.3,105.0,6319.75,white oak
802,11.4,66.8,999.82,white oak
802,28.7,90.3,7420.21,white oak
802,16.3,94.8,2296.93,white oak
802,25.8,100.0,6415.84,white oak
802,13.5,56.6,1188.92,white oak
802,15.4,87.9,2166.83,white oak
802,3.4,19.4,43.56,white oak
802,2.3,19.7,16.89,white oak
802,2.2,17.1,15.17,white oak
802,5.1,25.9,71.21,white oak
802,3.7,24.6,53.49,white oak
802,5.8,34.8,132.58,white oak
802,7.0,38.1,228.64,white oak
802,4.4,28.5,81.49,white oak
802,4.6,29.2,90.78,white oak
802,1.4,1.4,5.11,white oak
802,3.0,22.0,32.15,white oak
802,3.9,24.3,60.79,white oak
802,6.6,38.1,198.18,white oak
802,5.3,48.0,122.93,white oak
802,5.4,47.4,129.9,white oak
802,6.2,49.1,198.93,white oak
802,6.8,59.0,282.66,white oak
802,7.2,56.5,315.53,white oak
802,8.7,53.9,469.83,white oak
802,8.9,55.1,500.82,white oak
802,9.3,60.6,585.82,white oak
802,11.6,73.0,1055.02,white oak
802,12.0,67.1,1072.63,white oak
802,12.5,67.5,1172.19,white oak
802,13.4,71.5,1404.81,white oak
802,14.7,71.2,1695.89,white oak
802,14.8,72.4,1738.18,white oak
802,15.9,75.1,2061.64,white oak
802,10.1,66.2,740.03,white oak
802,10.9,69.1,893.81,white oak
802,4.8,47.9,100.67,white oak
802,10.7,66.2,922.29,white oak
802,10.9,69.7,848.24,white oak
802,1.5,13.4,6.02,white oak
802,1.7,17.3,8.14,white oak
802,1.6,16.7,7.03,white oak
802,1.3,15.2,4.28,white oak
94,8.2,32.0,179.54,white spruce
94,6.8,38.2,123.36,white spruce
94,7.5,45.5,193.35,white spruce
94,8.8,62.9,318.21,white spruce
94,3.7,33.0,32.91,white spruce
94,8.8,44.8,262.44,white spruce
94,5.6,45.0,76.7,white spruce
94,7.4,50.4,195.05,white spruce
94,5.7,43.2,86.97,white spruce
94,8.0,54.1,225.57,white spruce
94,5.6,29.3,70.32,white spruce
94,7.2,39.5,148.91,white spruce
94,8.7,50.4,314.02,white spruce
94,3.1,20.4,21.89,white spruce
94,4.1,34.2,41.72,white spruce
94,5.6,25.9,77.65,white spruce
94,8.1,41.7,233.82,white spruce
94,8.5,52.8,301.01,white spruce
94,17.5,76.6,1672.38,white spruce
94,19.4,69.7,1888.95,white spruce
94,13.3,51.1,786.07,white spruce
94,9.0,70.9,414.46,white spruce
94,6.9,38.2,152.43,white spruce
94,7.0,49.2,195.34,white spruce
94,3.2,16.3,23.55,white spruce
94,7.5,34.9,191.48,white spruce
94,11.3,54.9,547.28,white spruce
94,14.0,61.3,917.59,white spruce
94,8.0,52.2,264.46,white spruce
94,3.9,20.3,37.17,white spruce
94,3.7,18.3,32.91,white spruce
94,4.5,41.0,51.74,white spruce
94,5.9,44.6,135.99,white spruce
94,8.1,56.7,284.58,white spruce
94,11.9,56.7,688.31,white spruce
94,11.5,49.9,549.8,white spruce
94,13.6,49.4,740.87,white spruce
94,15.4,60.8,1163.05,white spruce
94,15.3,66.5,1143.63,white spruce
94,16.6,59.5,1369.09,white spruce
94,17.4,89.2,1704.14,white spruce
94,11.2,50.4,573.76,white spruce
94,17.8,67.4,1612.27,white spruce
94,4.9,31.2,63.02,white spruce
94,11.0,49.6,496.0,white spruce
94,18.2,66.9,1775.8,white spruce
94,5.7,37.5,97.86,white spruce
94,13.8,61.0,879.08,white spruce
94,12.7,58.2,762.51,white spruce
94,6.7,32.3,137.76,white spruce
94,5.3,22.0,60.26,white spruce
94,7.6,29.5,146.32,white spruce
94,6.9,46.0,194.31,white spruce
94,8.6,58.5,332.07,white spruce
94,9.0,37.4,278.33,white spruce
94,10.1,49.2,435.12,white spruce
94,10.6,55.3,487.78,white spruce
94,15.5,74.6,1343.35,white spruce
95,8.6,48.7,255.16,black spruce
95,8.3,50.4,256.08,black spruce
95,6.0,52.1,125.66,black spruce
95,6.3,46.9,115.09,black spruce
95,9.0,43.5,225.63,black spruce
95,7.0,29.2,109.88,black spruce
95,6.1,39.7,100.09,black spruce
95,5.7,30.9,70.93,black spruce
95,6.4,37.7,108.67,black spruce
95,6.6,33.0,102.64,black spruce
95,6.5,47.5,127.29,black spruce
95,6.3,44.5,126.37,black spruce
95,6.7,44.8,135.3,black spruce
95,9.8,56.4,372.26,black spruce
95,8.4,40.3,197.3,black spruce
95,6.8,45.7,153.32,black spruce
95,7.6,45.5,185.19,black spruce
95,8.7,52.6,274.94,black spruce
95,5.7,34.5,83.67,black spruce
95,6.1,33.7,87.14,black spruce
95,6.0,39.2,101.75,black spruce
95,5.5,35.9,74.35,black spruce
95,7.5,41.2,193.5,black spruce
95,5.8,38.5,103.45,black spruce
95,5.4,38.5,64.45,black spruce
95,9.8,57.4,387.09,black spruce
95,8.7,47.8,307.76,black spruce
95,6.9,43.3,159.7,black spruce
95,5.8,38.1,88.68,black spruce
95,5.2,43.9,82.35,black spruce
95,5.6,37.8,80.99,black spruce
95,8.2,44.2,248.82,black spruce
95,8.0,49.2,228.27,black spruce
95,3.6,17.5,30.9,black spruce
95,3.9,20.9,37.17,black spruce
95,5.6,36.3,106.6,black spruce
95,7.9,48.0,284.25,black spruce
95,7.7,45.0,249.09,black spruce
95,10.1,51.6,486.45,black spruce
95,11.7,51.9,569.32,black spruce
95,15.7,57.4,1171.23,black spruce
95,3.5,22.1,28.95,black spruce
95,4.5,32.6,51.74,black spruce
95,5.9,32.2,113.82,black spruce
95,5.7,34.4,108.82,black spruce
95,8.2,52.7,286.55,black spruce
95,7.5,60.6,253.71,black spruce
95,11.3,63.7,641.88,black spruce
95,4.1,28.7,41.72,black spruce
95,4.4,24.8,49.12,black spruce
95,4.4,36.7,49.12,black spruce
95,7.7,51.6,271.07,black spruce
95,7.8,40.7,239.03,black spruce
95,5.4,34.0,85.85,black spruce
95,8.6,46.8,312.89,black spruce
95,9.9,55.4,465.22,black spruce
95,9.9,49.0,436.75,black spruce
95,11.8,51.7,668.56,black spruce
95,13.3,56.9,886.16,black spruce
95,14.6,56.8,1060.55,black spruce
95,7.0,30.0,149.47,black spruce
95,5.2,32.6,75.97,black spruce
95,4.4,30.8,49.12,black spruce
241,5.9,34.8,82.32,northern white-cedar
241,10.5,41.1,309.97,northern white-cedar
241,8.2,51.8,202.63,northern white-cedar
241,8.0,55.3,199.09,northern white-cedar
241,24.0,69.5,2128.18,northern white-cedar
241,3.5,19.2,26.62,northern white-cedar
241,23.3,70.8,1948.3,northern white-cedar
241,5.0,29.8,43.07,northern white-cedar
241,8.2,48.1,192.66,northern white-cedar
241,7.6,41.4,149.15,northern white-cedar
241,7.8,41.6,159.64,northern white-cedar
241,6.5,38.6,100.39,northern white-cedar
241,16.9,53.9,909.48,northern white-cedar
241,15.7,57.6,801.67,northern white-cedar
241,13.9,58.6,628.81,northern white-cedar
241,12.5,55.6,516.25,northern white-cedar
241,16.8,55.7,884.58,northern white-cedar
241,13.4,65.9,623.25,northern white-cedar
531,5.8,49.2,200.74,American beech
531,7.9,65.8,430.55,American beech
531,7.8,60.7,396.44,American beech
531,8.9,83.7,703.92,American beech
531,8.3,77.3,573.41,American beech
531,6.8,95.7,193.67,American beech
531,8.3,62.9,425.69,American beech
531,7.9,52.3,373.65,American beech
531,5.2,31.6,54.7,American beech
531,15.3,66.1,2016.98,American beech
531,3.4,37.9,36.12,American beech
531,7.6,56.9,366.95,American beech
531,5.7,45.8,169.11,American beech
531,7.3,52.8,320.02,American beech
531,3.8,25.9,47.29,American beech
531,4.0,31.5,53.55,American beech
531,7.3,40.4,285.13,American beech
531,6.8,39.8,264.68,American beech
531,12.7,52.8,1086.63,American beech
531,14.9,58.4,1630.27,American beech
531,3.2,31.1,31.19,American beech
531,8.1,36.0,243.11,American beech
531,12.0,57.7,1163.65,American beech
531,17.8,88.6,3185.86,American beech
531,14.8,82.8,2168.27,American beech
531,24.7,93.2,6789.92,American beech
531,14.4,102.5,2469.38,American beech
531,21.8,87.0,4986.61,American beech
531,11.0,84.9,1127.6,American beech
531,18.0,83.9,3485.8,American beech
531,6.3,42.8,172.53,American beech
531,10.7,48.9,736.73,American beech
531,9.1,45.2,565.32,American beech
531,9.7,71.6,883.18,American beech
531,16.3,67.6,2338.02,American beech
531,23.6,53.3,3861.24,American beech
531,10.1,37.6,451.96,American beech
531,4.9,31.2,87.61,American beech
531,7.5,55.6,359.37,American beech
531,8.6,68.6,663.92,American beech
531,7.4,72.0,466.87,American beech
531,7.0,58.8,352.27,American beech
531,7.8,56.0,447.94,American beech
531,9.1,55.3,673.98,American beech
531,9.4,42.2,404.9,American beech
531,9.4,43.2,533.17,American beech
531,9.5,36.6,478.65,American beech
531,10.3,44.8,627.71,American beech
531,12.6,73.6,1504.79,American beech
531,9.6,71.4,790.9,American beech
531,10.9,60.2,808.1,American beech
531,10.7,56.3,748.06,American beech
531,15.6,39.0,1211.97,American beech
531,15.6,80.2,2366.25,American beech
531,14.9,79.6,2229.98,American beech
531,16.7,48.8,1887.82,American beech
531,16.6,70.1,2374.14,American beech
531,22.9,54.5,3845.98,American beech
531,28.1,78.4,7418.84,American beech
531,23.3,82.2,5318.87,American beech
531,21.0,77.7,3935.05,American beech
531,14.4,67.8,1839.4,American beech
531,13.2,81.4,1444.35,American beech
531,13.9,101.0,2217.09,American beech
531,5.0,44.4,61.06,American beech
531,9.1,77.9,803.96,American beech
531,10.0,70.3,883.15,American beech
531,8.9,72.8,663.77,American beech
531,18.1,67.1,2617.94,American beech
531,14.6,75.5,1831.67,American beech
531,10.0,58.3,732.16,American beech
531,15.9,64.0,2243.62,American beech
531,3.5,34.4,38.75,American beech
531,14.6,60.3,1725.51,American beech
531,15.4,71.6,2061.49,American beech
531,4.8,38.1,83.33,American beech
531,4.3,40.2,63.81,American beech
531,4.9,28.4,87.61,American beech
531,14.3,70.4,1588.52,American beech
531,2.8,35.4,22.58,American beech
531,5.3,42.6,88.97,American beech
531,19.5,70.0,3456.32,American beech
531,3.2,35.6,31.19,American beech
531,15.0,73.0,1854.74,American beech
531,9.7,67.9,680.6,American beech
531,13.7,77.7,1901.94,American beech
531,16.3,63.6,2313.79,American beech
531,13.1,77.9,1634.03,American beech
531,3.3,33.9,33.6,American beech
531,4.1,31.3,56.85,American beech
531,6.1,50.7,183.36,American beech
531,5.6,36.2,110.99,American beech
531,21.2,85.8,4231.11,American beech
531,26.9,106.4,8535.54,American beech
531,30.0,94.7,10357.59,American beech
531,16.6,88.3,2727.66,American beech
531,29.7,83.9,8274.03,American beech
531,5.0,58.4,101.0,American beech
531,7.3,61.6,357.32,American beech
531,35.3,101.5,13559.94,American beech
531,15.0,89.7,2547.63,American beech
531,6.5,54.9,262.1,American beech
531,3.6,28.0,41.48,American beech
531,16.3,60.8,2448.48,American beech
531,4.5,36.0,71.25,American beech
531,6.7,33.9,253.99,American beech
531,6.6,52.2,250.85,American beech
531,7.3,38.7,194.3,American beech
531,9.1,39.5,358.42,American beech
531,6.9,39.2,214.56,American beech
531,6.6,50.9,260.93,American beech
531,7.3,42.1,311.46,American beech
531,10.4,43.2,735.76,American beech
531,9.0,51.6,512.2,American beech
531,10.7,48.7,762.52,American beech
531,11.1,55.7,894.94,American beech
531,9.9,45.0,626.42,American beech
531,14.8,58.4,1755.19,American beech
531,13.1,69.6,1413.15,American beech
531,13.4,59.8,1431.73,American beech
531,17.4,71.9,2752.06,American beech
531,16.1,69.9,2199.94,American beech
531,19.0,64.6,2941.82,American beech
531,16.8,78.8,2763.86,American beech
531,8.1,47.0,398.02,American beech
531,25.2,74.3,6034.96,American beech
531,19.1,88.4,3348.85,American beech
531,12.0,78.9,1396.25,American beech
531,23.1,64.1,4358.81,American beech
531,8.1,37.4,342.34,American beech
531,7.9,61.0,467.86,American beech
531,11.2,66.5,1068.8,American beech
531,14.3,85.6,1880.54,American beech
531,5.3,48.4,101.72,American beech
531,16.2,95.9,2866.45,American beech
531,17.8,84.0,3369.76,American beech
531,13.0,77.6,1534.95,American beech
531,14.3,76.1,1942.61,American beech
531,28.7,106.0,9866.61,American beech
531,24.2,85.8,5993.65,American beech
531,23.8,93.3,6046.35,American beech
531,28.3,110.8,9870.84,American beech
531,12.8,75.4,1463.56,American beech
531,20.2,81.2,3983.79,American beech
531,24.0,86.4,5921.13,American beech
531,15.6,91.1,2527.7,American beech
531,9.5,66.2,746.54,American beech
531,5.2,50.2,120.93,American beech
531,17.3,54.7,2190.2,American beech
531,26.3,60.9,5129.83,American beech
531,5.1,44.3,86.3,American beech
531,2.4,32.0,15.57,American beech
531,11.5,53.1,930.73,American beech
531,16.2,75.1,2462.16,American beech
531,15.2,57.2,1767.6,American beech
531,15.4,55.1,1766.11,American beech
531,19.5,89.6,4086.38,American beech
531,20.4,67.7,3656.59,American beech
531,8.0,62.6,463.84,American beech
531,7.3,68.5,393.97,American beech
531,23.2,46.9,3627.64,American beech
531,11.1,74.8,1110.26,American beech
531,6.6,51.3,242.34,American beech
531,3.8,38.7,47.29,American beech
531,4.1,34.8,56.85,American beech
531,7.7,41.0,305.78,American beech
531,5.4,31.6,82.19,American beech
531,15.0,50.0,1555.08,American beech
407,8.2,68.0,538.62,shagbark hickory
407,5.4,41.1,188.17,shagbark hickory
407,7.4,61.0,439.57,shagbark hickory
407,10.6,73.8,1118.09,shagbark hickory
407,13.8,85.9,2167.54,shagbark hickory
407,12.3,80.6,1621.44,shagbark hickory
407,5.4,47.2,127.23,shagbark hickory
407,9.3,70.2,884.26,shagbark hickory
407,13.7,80.3,2040.18,shagbark hickory
407,6.4,52.1,241.41,shagbark hickory
407,3.5,34.8,45.22,shagbark hickory
407,6.7,47.1,287.69,shagbark hickory
407,5.9,50.8,190.84,shagbark hickory
407,8.7,81.0,839.89,shagbark hickory
407,11.0,75.5,1263.83,shagbark hickory
621,16.5,92.8,1744.56,yellow-poplar
621,11.7,65.4,662.33,yellow-poplar
621,8.7,51.7,293.55,yellow-poplar
621,8.7,53.8,306.03,yellow-poplar
621,18.4,100.9,2323.78,yellow-poplar
621,14.5,95.2,1404.88,yellow-poplar
621,15.4,90.8,1501.24,yellow-poplar
621,16.9,99.1,1944.82,yellow-poplar
621,16.3,92.4,1697.98,yellow-poplar
621,19.6,101.5,2634.99,yellow-poplar
621,18.9,94.7,2299.04,yellow-poplar
621,14.9,84.8,1321.61,yellow-poplar
621,21.0,97.7,2896.09,yellow-poplar
621,15.0,86.2,1359.44,yellow-poplar
621,15.9,90.4,1586.82,yellow-poplar
621,12.4,68.8,771.85,yellow-poplar
621,9.7,69.1,488.81,yellow-poplar
621,16.9,101.5,1990.5,yellow-poplar
621,17.6,95.1,2017.21,yellow-poplar
621,8.5,60.3,329.51,yellow-poplar
621,10.3,59.8,473.26,yellow-poplar
621,19.3,115.2,2894.35,yellow-poplar
621,21.8,107.8,3422.91,yellow-poplar
621,17.0,100.3,1989.63,yellow-poplar
621,23.9,111.5,4220.29,yellow-poplar
621,22.7,93.8,3231.4,yellow-poplar
621,14.7,93.4,1414.73,yellow-poplar
621,16.9,86.7,1708.78,yellow-poplar
621,15.0,77.7,1230.2,yellow-poplar
621,17.4,87.0,1811.25,yellow-poplar
621,16.5,90.4,1700.9,yellow-poplar
621,16.9,81.5,1609.8,yellow-poplar
621,19.1,83.4,2074.14,yellow-poplar
621,18.0,87.7,1945.96,yellow-poplar
621,14.0,80.2,1116.02,yellow-poplar
621,10.5,81.3,670.67,yellow-poplar
621,23.8,98.6,3714.59,yellow-poplar
621,14.4,91.1,1329.21,yellow-poplar
621,14.0,89.3,1237.61,yellow-poplar
621,18.4,102.0,2348.38,yellow-poplar
621,18.7,96.2,2287.71,yellow-poplar
621,16.2,101.3,1834.9,yellow-poplar
621,18.2,97.7,2206.09,yellow-poplar
621,18.8,99.8,2394.84,yellow-poplar
621,19.5,115.6,2961.64,yellow-poplar
621,19.5,113.1,2899.2,yellow-poplar
621,8.0,61.8,300.67,yellow-poplar
621,13.6,98.5,1289.59,yellow-poplar
621,19.9,101.8,2720.07,yellow-poplar
621,13.2,75.2,941.63,yellow-poplar
621,19.7,97.9,2568.95,yellow-poplar
621,18.7,98.6,2343.06,yellow-poplar
621,18.2,94.6,2138.19,yellow-poplar
621,22.9,92.5,3242.13,yellow-poplar
621,23.0,91.0,3218.0,yellow-poplar
621,9.9,59.3,434.73,yellow-poplar
621,17.7,95.2,2040.98,yellow-poplar
621,18.7,93.5,2225.45,yellow-poplar
621,15.7,107.1,1826.33,yellow-poplar
621,19.6,110.3,2856.93,yellow-poplar
621,16.7,114.5,2188.37,yellow-poplar
621,16.1,97.4,1745.98,yellow-poplar
621,15.6,119.5,2007.59,yellow-poplar
621,17.8,84.9,1846.51,yellow-poplar
621,7.7,72.0,328.0,yellow-poplar
621,8.5,75.4,415.6,yellow-poplar
621,10.9,79.3,702.17,yellow-poplar
621,6.3,72.6,224.9,yellow-poplar
621,11.6,81.7,805.83,yellow-poplar
621,6.8,71.6,256.81,yellow-poplar
621,17.5,101.7,2129.84,yellow-poplar
621,23.3,107.2,3867.92,yellow-poplar
621,21.8,108.5,3444.54,yellow-poplar
621,8.1,77.0,387.52,yellow-poplar
621,22.3,126.4,4175.25,yellow-poplar
621,16.8,112.2,2169.8,yellow-poplar
621,14.2,106.2,1502.38,yellow-poplar
621,13.2,80.7,1007.48,yellow-poplar
621,17.0,94.4,1876.07,yellow-poplar
621,19.9,88.7,2379.98,yellow-poplar
621,12.8,84.8,998.65,yellow-poplar
621,19.9,106.6,2844.69,yellow-poplar
621,20.4,111.7,3121.27,yellow-poplar
621,6.8,62.5,221.78,yellow-poplar
621,5.6,47.2,108.49,yellow-poplar
621,22.5,101.1,4405.64,yellow-poplar
621,20.9,115.7,3777.89,yellow-poplar
621,19.5,96.6,2806.8,yellow-poplar
621,9.0,75.9,466.52,yellow-poplar
621,6.1,69.0,199.74,yellow-poplar
621,13.4,69.0,891.62,yellow-poplar
621,17.8,91.7,1989.31,yellow-poplar
621,17.5,79.0,1668.26,yellow-poplar
621,15.7,95.0,1625.89,yellow-poplar
621,16.7,92.5,1778.92,yellow-poplar
621,17.5,109.7,2292.51,yellow-poplar
621,14.5,105.9,1557.55,yellow-poplar
621,19.5,84.4,2182.4,yellow-poplar
621,9.7,63.7,449.76,yellow-poplar
621,14.4,87.0,1271.47,yellow-poplar
621,17.5,96.1,2015.97,yellow-poplar
621,13.1,85.7,1052.56,yellow-poplar
621,14.0,84.6,1174.81,yellow-poplar
621,14.9,96.8,1501.78,yellow-poplar
621,5.2,45.7,88.54,yellow-poplar
621,6.1,50.8,141.62,yellow-poplar
621,16.2,80.2,1464.1,yellow-poplar
621,17.1,114.7,2292.0,yellow-poplar
621,6.5,51.5,163.8,yellow-poplar
621,6.0,38.4,98.37,yellow-poplar
621,6.9,46.6,165.45,yellow-poplar
621,7.1,64.4,249.2,yellow-poplar
621,5.7,50.4,121.81,yellow-poplar
621,7.8,72.7,339.62,yellow-poplar
621,13.7,89.0,1185.24,yellow-poplar
621,15.8,91.7,1821.42,yellow-poplar
621,12.6,83.3,1175.91,yellow-poplar
621,16.8,106.8,2445.11,yellow-poplar
621,17.4,114.9,2654.97,yellow-poplar
621,18.5,98.2,2722.57,yellow-poplar
621,15.0,83.5,1671.94,yellow-poplar
621,14.0,81.2,1394.47,yellow-poplar
621,19.6,92.9,2963.62,yellow-poplar
621,12.6,86.0,1188.6,yellow-poplar
621,21.7,116.1,4265.23,yellow-poplar
621,16.8,95.0,2227.79,yellow-poplar
621,17.2,115.8,2723.74,yellow-poplar
621,25.0,112.6,5478.19,yellow-poplar
621,16.4,121.0,2572.28,yellow-poplar
621,20.3,110.5,3615.03,yellow-poplar
621,23.0,107.2,4404.14,yellow-poplar
621,17.0,100.2,2378.13,yellow-poplar
621,14.9,88.2,1574.69,yellow-poplar
621,13.7,65.1,1096.76,yellow-poplar
621,13.9,66.5,1146.2,yellow-poplar
621,15.6,95.1,1825.49,yellow-poplar
621,30.0,124.0,8091.52,yellow-poplar
621,18.0,93.6,2464.15,yellow-poplar
621,15.4,85.8,1685.44,yellow-poplar
621,13.6,101.8,1487.58,yellow-poplar
621,15.0,85.0,1638.47,yellow-poplar
621,20.4,95.2,3334.32,yellow-poplar
621,10.4,87.1,791.73,yellow-poplar
621,16.4,91.6,1838.54,yellow-poplar
621,17.4,93.6,2263.69,yellow-poplar
621,12.4,94.4,1165.45,yellow-poplar
621,18.0,104.3,2395.66,yellow-poplar
621,21.0,100.0,3562.82,yellow-poplar
621,13.0,104.1,1392.69,yellow-poplar
621,4.0,31.8,50.06,yellow-poplar
621,5.9,32.5,76.95,yellow-poplar
621,2.0,14.6,8.99,yellow-poplar
621,7.1,45.9,172.44,yellow-poplar
621,7.5,43.0,179.42,yellow-poplar
621,8.6,61.4,343.45,yellow-poplar
621,16.1,95.0,1704.29,yellow-poplar
621,14.8,102.5,1799.23,yellow-poplar
621,18.1,107.5,2798.29,yellow-poplar
621,22.3,112.5,4398.66,yellow-poplar
621,21.0,117.0,4001.06,yellow-poplar
621,19.6,114.5,3430.38,yellow-poplar
621,16.3,108.0,2269.47,yellow-poplar
621,16.6,108.0,2355.2,yellow-poplar
621,15.4,98.0,1892.95,yellow-poplar
621,24.6,120.0,5598.88,yellow-poplar
621,23.8,122.6,5314.13,yellow-poplar
621,19.1,122.8,3412.85,yellow-poplar
621,22.2,126.0,4704.41,yellow-poplar
621,25.9,127.0,6451.6,yellow-poplar
621,26.6,129.1,6882.68,yellow-poplar
621,19.6,120.0,3540.53,yellow-poplar
621,15.4,110.0,2046.64,yellow-poplar
621,21.2,118.0,4101.77,yellow-poplar
621,24.4,97.0,4772.16,yellow-poplar
621,13.3,70.0,1113.99,yellow-poplar
621,18.2,79.0,2295.02,yellow-poplar
621,12.3,76.0,1003.02,yellow-poplar
621,14.3,87.0,1500.48,yellow-poplar
621,14.0,70.0,1237.76,yellow-poplar
621,19.0,92.0,2777.95,yellow-poplar
621,22.6,112.0,4505.25,yellow-poplar
621,15.3,90.0,1763.0,yellow-poplar
621,19.0,63.0,1568.66,yellow-poplar
621,15.4,52.0,881.41,yellow-poplar
621,17.2,100.0,2402.89,yellow-poplar
621,19.0,94.0,2818.83,yellow-poplar
621,25.2,102.0,5268.64,yellow-poplar
621,14.8,70.7,1413.13,yellow-poplar
621,7.0,78.1,289.27,yellow-poplar
621,4.9,39.2,82.82,yellow-poplar
621,10.9,70.5,609.28,yellow-poplar
621,15.0,63.4,1241.08,yellow-poplar
621,21.4,91.1,3656.62,yellow-poplar
621,7.5,61.8,304.01,yellow-poplar
621,11.9,96.1,1100.9,yellow-poplar
621,8.1,79.7,438.68,yellow-poplar
621,12.4,106.4,1281.11,yellow-poplar
621,11.4,95.7,1000.39,yellow-poplar
621,27.7,124.6,7273.59,yellow-poplar
621,4.0,27.0,50.06,yellow-poplar
621,10.2,97.4,828.16,yellow-poplar
621,15.7,113.5,2251.68,yellow-poplar
621,15.1,68.9,1429.81,yellow-poplar
621,5.3,37.6,73.2,yellow-poplar
621,18.4,101.8,2736.55,yellow-poplar
621,5.0,38.9,52.1,yellow-poplar
621,3.6,42.8,38.55,yellow-poplar
621,15.0,67.5,1303.56,yellow-poplar
621,17.9,70.7,1923.64,yellow-poplar
621,8.8,78.0,483.03,yellow-poplar
621,9.3,83.3,606.09,yellow-poplar
621,18.2,99.5,2623.19,yellow-poplar
621,7.9,78.8,402.42,yellow-poplar
621,12.3,105.9,1274.13,yellow-poplar
621,6.3,49.7,166.34,yellow-poplar
621,6.9,70.2,259.71,yellow-poplar
621,20.2,82.8,2722.58,yellow-poplar
621,6.6,34.8,124.25,yellow-poplar
621,9.9,62.0,544.48,yellow-poplar
621,21.6,99.2,3567.81,yellow-poplar
621,13.3,72.3,1096.53,yellow-poplar
621,7.8,76.3,381.63,yellow-poplar
621,11.9,96.1,1106.99,yellow-poplar
621,18.4,73.9,2265.28,yellow-poplar
621,8.4,62.7,386.47,yellow-poplar
621,10.8,80.7,781.94,yellow-poplar
621,6.0,40.7,123.98,yellow-poplar
621,26.9,113.7,6171.47,yellow-poplar
621,7.7,58.6,338.76,yellow-poplar
621,11.5,61.7,731.85,yellow-poplar
621,15.3,77.5,1533.86,yellow-poplar
621,21.9,103.7,3810.99,yellow-poplar
621,11.9,96.6,1152.1,yellow-poplar
621,18.0,68.3,2006.15,yellow-poplar
621,4.3,42.5,59.9,yellow-poplar
621,4.2,46.5,56.5,yellow-poplar
621,26.5,120.6,6347.22,yellow-poplar
621,9.9,83.5,694.49,yellow-poplar
621,6.6,50.2,171.95,yellow-poplar
621,6.0,49.5,120.22,yellow-poplar
621,4.5,63.6,67.05,yellow-poplar
621,25.2,126.6,5417.19,yellow-poplar
621,19.1,117.7,3353.74,yellow-poplar
621,3.5,36.2,35.95,yellow-poplar
621,3.5,38.8,35.95,yellow-poplar
621,10.7,79.0,762.9,yellow-poplar
621,7.3,69.2,276.17,yellow-poplar
621,10.1,69.2,628.2,yellow-poplar
621,6.8,56.8,212.1,yellow-poplar
621,16.7,96.9,2217.44,yellow-poplar
621,4.1,36.7,53.22,yellow-poplar
621,15.3,104.9,1767.32,yellow-poplar
621,2.8,31.5,20.67,yellow-poplar
621,5.1,45.5,50.29,yellow-poplar
621,26.9,104.5,5980.9,yellow-poplar
621,6.2,62.1,186.42,yellow-poplar
621,14.4,106.7,1752.58,yellow-poplar
621,15.9,84.1,1765.93,yellow-poplar
621,27.4,121.3,6856.57,yellow-poplar
621,5.7,44.8,120.09,yellow-poplar
621,20.7,98.0,3536.54,yellow-poplar
621,3.6,43.4,38.55,yellow-poplar
621,4.5,42.6,67.05,yellow-poplar
621,9.6,69.5,552.03,yellow-poplar
621,13.1,78.1,1170.5,yellow-poplar
621,4.4,47.0,63.41,yellow-poplar
621,5.7,53.5,120.92,yellow-poplar
621,12.2,88.5,1108.59,yellow-poplar
621,13.5,86.0,1332.02,yellow-poplar
621,3.1,30.6,26.61,yellow-poplar
621,11.9,85.4,1010.43,yellow-poplar
621,16.0,104.4,2235.86,yellow-poplar
621,15.2,102.7,1897.93,yellow-poplar
621,4.3,48.3,59.9,yellow-poplar
621,6.2,49.4,149.75,yellow-poplar
621,3.4,41.1,33.45,yellow-poplar
621,11.8,67.4,815.79,yellow-poplar
621,28.9,119.3,7669.22,yellow-poplar
621,14.8,109.6,1798.2,yellow-poplar
621,6.3,64.5,203.32,yellow-poplar
621,15.5,85.7,1723.58,yellow-poplar
621,14.0,73.3,1245.6,yellow-poplar
621,15.8,85.8,1821.42,yellow-poplar
621,20.8,87.5,3219.18,yellow-poplar
621,3.9,35.2,47.01,yellow-poplar
621,8.8,74.9,512.77,yellow-poplar
621,7.9,55.4,278.57,yellow-poplar
621,16.6,92.1,2149.56,yellow-poplar
621,3.1,34.1,26.61,yellow-poplar
621,7.0,57.2,232.65,yellow-poplar
621,6.1,50.9,142.27,yellow-poplar
621,14.9,87.8,1658.6,yellow-poplar
621,12.7,75.1,1042.84,yellow-poplar
621,9.9,63.5,557.55,yellow-poplar
621,20.4,103.9,3377.25,yellow-poplar
621,12.1,79.6,991.52,yellow-poplar
621,7.5,56.0,265.38,yellow-poplar
621,22.8,113.6,4602.04,yellow-poplar
621,3.2,25.9,28.78,yellow-poplar
621,5.2,37.3,59.07,yellow-poplar
621,10.1,70.7,621.29,yellow-poplar
621,3.6,36.3,38.55,yellow-poplar
621,15.1,90.4,1783.43,yellow-poplar
621,6.7,47.6,184.94,yellow-poplar
621,8.9,88.7,586.82,yellow-poplar
621,22.7,123.5,4677.65,yellow-poplar
621,9.8,66.4,557.15,yellow-poplar
621,14.9,95.2,1692.76,yellow-poplar
621,12.2,77.9,1009.34,yellow-poplar
621,6.2,45.0,132.96,yellow-poplar
621,19.1,125.3,3342.69,yellow-poplar
621,16.0,104.4,2235.86,yellow-poplar
621,15.9,80.5,1800.42,yellow-poplar
621,6.7,41.9,163.03,yellow-poplar
621,24.0,90.8,4248.92,yellow-poplar
621,21.9,109.0,4280.76,yellow-poplar
621,17.2,94.4,2310.55,yellow-poplar
621,13.9,70.9,1152.42,yellow-poplar
621,18.7,87.8,2599.18,yellow-poplar
621,4.2,49.0,56.5,yellow-poplar
621,6.0,57.0,165.74,yellow-poplar
621,6.8,69.0,285.78,yellow-poplar
621,7.2,68.0,285.77,yellow-poplar
621,8.1,71.0,388.71,yellow-poplar
621,8.3,72.0,414.87,yellow-poplar
621,8.8,68.0,454.98,yellow-poplar
621,10.3,72.0,665.85,yellow-poplar
621,11.0,77.0,801.32,yellow-poplar
621,11.3,75.0,832.84,yellow-poplar
621,12.5,74.0,1018.31,yellow-poplar
621,13.9,74.0,1267.29,yellow-poplar
621,14.0,87.0,1436.66,yellow-poplar
621,15.2,78.0,1577.58,yellow-poplar
621,15.3,88.0,1736.23,yellow-poplar
621,12.0,79.0,978.42,yellow-poplar
621,5.1,50.0,80.75,yellow-poplar
621,5.3,50.0,96.02,yellow-poplar
621,12.0,79.0,1000.38,yellow-poplar
731,37.0,86.6,11099.85,American sycamore
731,16.2,84.9,1610.71,American sycamore
731,24.2,80.8,4296.9,American sycamore
731,23.5,89.2,4005.64,American sycamore
731,16.3,82.2,1635.48,American sycamore
731,9.3,79.8,593.89,American sycamore
731,10.4,83.1,754.61,American sycamore
731,5.2,56.4,162.37,American sycamore
731,4.2,44.2,52.7,American sycamore
731,4.4,47.2,59.15,American sycamore
731,3.4,43.2,31.22,American sycamore
731,3.3,43.2,28.99,American sycamore
731,15.1,95.8,1585.14,American sycamore
731,1.9,25.5,7.4,American sycamore
731,14.2,86.3,1293.93,American sycamore
731,17.9,87.2,1970.66,American sycamore
731,13.2,76.6,1026.47,American sycamore
731,17.7,62.1,1414.81,American sycamore
731,17.4,91.2,1951.81,American sycamore
731,11.6,74.7,811.63,American sycamore
731,16.2,96.7,1812.12,American sycamore
731,17.0,116.7,2357.33,American sycamore
731,15.3,115.8,1934.86,American sycamore
731,5.6,49.9,162.74,American sycamore
731,15.9,72.6,1347.87,American sycamore
731,15.1,68.6,1170.71,American sycamore
731,20.7,81.8,2946.55,American sycamore
731,20.0,100.5,3172.53,American sycamore
731,15.0,91.6,1771.2,American sycamore
731,10.5,65.7,589.67,American sycamore
731,15.8,99.1,1871.97,American sycamore
731,3.9,45.3,43.86,American sycamore
731,12.7,67.1,878.58,American sycamore
731,10.3,57.5,519.72,American sycamore
731,9.3,91.4,551.08,American sycamore
731,28.4,99.0,6187.35,American sycamore
731,31.6,119.3,8938.88,American sycamore
731,24.7,96.3,4595.36,American sycamore
731,27.2,106.7,6236.85,American sycamore
731,9.2,79.6,564.63,American sycamore
731,13.5,84.8,1245.99,American sycamore
731,15.1,91.8,1579.78,American sycamore
731,15.0,71.3,1253.66,American sycamore
544,6.5,27.0,166.16,green ash
544,11.8,67.5,749.37,green ash
544,8.1,49.6,288.72,green ash
544,13.8,46.3,1110.27,green ash
544,6.0,39.7,136.23,green ash
544,8.3,36.2,307.09,green ash
544,11.9,80.4,887.15,green ash
544,6.5,59.8,223.03,green ash
544,7.8,48.9,297.91,green ash
544,8.8,73.6,504.87,green ash
544,5.9,47.9,191.83,green ash
544,6.9,48.9,187.1,green ash
544,11.6,80.0,1064.45,green ash
544,4.2,33.6,61.91,green ash
544,5.3,39.4,97.87,green ash
544,15.2,86.7,2176.52,green ash
544,3.5,37.3,39.38,green ash
544,8.2,42.5,402.69,green ash
544,2.6,28.1,18.83,green ash
544,2.1,25.5,11.09,green ash
544,1.9,24.6,8.65,green ash
544,1.7,25.6,6.57,green ash
544,2.0,21.9,9.82,green ash
544,1.6,17.4,5.65,green ash
544,1.8,20.8,7.57,green ash
544,1.8,26.6,7.57,green ash
544,1.7,23.5,6.57,green ash
544,1.8,23.6,7.57,green ash
544,2.0,24.5,9.82,green ash
832,14.8,102.1,2292.93,chestnut oak
832,16.3,102.3,2757.58,chestnut oak
832,12.7,79.6,1346.79,chestnut oak
832,12.4,80.9,1308.64,chestnut oak
832,8.7,67.1,547.03,chestnut oak
832,15.5,75.6,1971.2,chestnut oak
832,16.7,84.0,2482.29,chestnut oak
832,14.5,56.7,1442.54,chestnut oak
832,14.9,78.8,1929.85,chestnut oak
832,14.0,75.0,1666.83,chestnut oak
832,18.0,94.0,2853.85,chestnut oak
832,7.9,68.1,480.83,chestnut oak
832,7.5,64.2,418.95,chestnut oak
832,9.0,67.5,621.15,chestnut oak
832,22.4,83.7,4313.16,chestnut oak
832,19.0,76.5,2937.2,chestnut oak
832,9.4,51.3,601.96,chestnut oak
832,12.3,92.4,1424.07,chestnut oak
832,9.0,84.4,758.04,chestnut oak
832,15.2,100.4,2375.43,chestnut oak
832,10.5,90.1,1033.28,chestnut oak
832,12.8,93.5,1591.5,chestnut oak
832,16.2,74.3,1995.64,chestnut oak
832,23.1,99.3,5116.2,chestnut oak
832,19.8,104.6,3963.94,chestnut oak
832,16.6,91.5,2614.6,chestnut oak
832,16.6,84.0,2405.39,chestnut oak
832,22.0,86.7,4418.68,chestnut oak
832,25.2,64.7,4070.73,chestnut oak
832,20.2,88.0,3582.58,chestnut oak
832,6.7,43.8,218.15,chestnut oak
832,26.0,84.5,5605.73,chestnut oak
832,4.6,41.7,85.39,chestnut oak
832,26.3,80.0,5434.53,chestnut oak
832,26.5,84.0,5783.4,chestnut oak
832,19.0,68.0,2799.04,chestnut oak
832,15.5,76.0,1989.43,chestnut oak
832,12.8,54.0,1076.87,chestnut oak
832,19.0,64.0,2692.16,chestnut oak
832,15.3,74.0,1904.26,chestnut oak
832,13.3,50.0,932.47,chestnut oak
832,12.4,57.0,928.72,chestnut oak
832,11.6,29.0,426.46,chestnut oak
832,11.1,40.0,535.14,chestnut oak
832,13.4,38.0,725.41,chestnut oak
832,12.9,53.0,931.72,chestnut oak
832,22.2,68.0,3839.06,chestnut oak
832,19.2,68.0,2859.18,chestnut oak
832,24.6,71.0,4859.7,chestnut oak
832,23.8,62.0,4169.85,chestnut oak
832,17.1,63.0,2151.08,chestnut oak
832,17.6,91.2,2099.01,chestnut oak
832,8.1,73.4,322.51,chestnut oak
832,13.1,87.4,1028.45,chestnut oak
832,13.1,85.2,1028.45,chestnut oak
832,10.4,55.4,744.5,chestnut oak
832,16.5,78.9,2520.5,chestnut oak
832,10.6,94.8,1112.79,chestnut oak
832,12.1,92.0,1424.64,chestnut oak
832,21.8,106.5,4988.37,chestnut oak
832,15.7,67.2,1712.16,chestnut oak
832,7.9,72.3,462.44,chestnut oak
832,11.6,72.6,1072.1,chestnut oak
832,16.6,88.9,2515.76,chestnut oak
832,14.4,80.9,1853.55,chestnut oak
832,6.0,30.2,131.66,chestnut oak
832,10.6,69.3,928.36,chestnut oak
832,13.6,64.1,1364.39,chestnut oak
832,18.3,67.2,2724.41,chestnut oak
832,12.9,89.6,1585.63,chestnut oak
832,9.0,57.4,557.81,chestnut oak
832,16.8,70.5,2388.92,chestnut oak
832,13.3,82.5,1581.29,chestnut oak
832,14.9,76.2,1998.17,chestnut oak
832,14.3,99.1,1994.9,chestnut oak
832,11.6,87.6,1283.0,chestnut oak
832,12.7,81.7,1419.8,chestnut oak
832,8.9,72.0,671.1,chestnut oak
832,14.7,82.0,1901.5,chestnut oak
832,11.5,81.5,1117.02,chestnut oak
832,20.8,81.5,3735.09,chestnut oak
832,7.7,73.2,476.49,chestnut oak
832,5.2,28.0,102.81,chestnut oak
832,9.5,48.2,528.54,chestnut oak
832,18.6,93.5,3182.91,chestnut oak
832,8.7,37.8,356.77,chestnut oak
832,8.0,52.5,412.73,chestnut oak
832,7.8,53.8,407.43,chestnut oak
832,13.7,67.5,1417.54,chestnut oak
832,11.1,48.2,677.98,chestnut oak
832,19.9,64.0,2924.73,chestnut oak
832,14.2,64.0,1331.61,chestnut oak
832,13.2,64.2,1284.39,chestnut oak
832,14.0,62.4,1351.45,chestnut oak
832,7.0,59.1,341.71,chestnut oak
832,10.1,57.2,728.58,chestnut oak
832,17.2,81.0,2440.1,chestnut oak
832,10.6,68.1,908.92,chestnut oak
832,10.5,66.2,848.59,chestnut oak
832,8.6,45.4,425.12,chestnut oak
832,7.3,44.0,300.61,chestnut oak
832,4.2,41.5,68.46,chestnut oak
832,14.7,111.6,2335.2,chestnut oak
832,19.4,87.4,3489.79,chestnut oak
832,27.8,98.0,6953.52,chestnut oak
832,26.5,109.6,7276.53,chestnut oak
832,3.8,35.5,53.69,chestnut oak
832,6.0,33.7,139.76,chestnut oak
832,12.4,58.0,1025.19,chestnut oak
832,4.6,31.5,85.39,chestnut oak
832,4.0,26.2,60.81,chestnut oak
832,3.9,23.4,57.19,chestnut oak
832,9.3,55.3,577.63,chestnut oak
832,14.2,69.7,1616.35,chestnut oak
832,27.6,83.6,6562.8,chestnut oak
832,15.7,63.4,1757.27,chestnut oak
832,3.6,37.5,47.09,chestnut oak
832,5.0,43.9,99.02,chestnut oak
832,4.5,34.1,80.95,chestnut oak
832,4.0,29.5,60.81,chestnut oak
832,4.0,29.1,60.81,chestnut oak
832,8.2,63.2,492.45,chestnut oak
832,15.1,62.2,1576.21,chestnut oak
832,22.5,92.9,4912.96,chestnut oak
832,9.3,58.3,614.53,chestnut oak
832,11.2,72.7,1134.08,chestnut oak
832,4.3,35.5,72.49,chestnut oak
832,15.1,73.4,1895.79,chestnut oak
832,3.6,29.2,47.09,chestnut oak
832,5.7,43.9,170.45,chestnut oak
832,13.1,83.3,1535.26,chestnut oak
832,10.6,66.3,881.53,chestnut oak
832,17.4,86.2,2821.24,chestnut oak
832,14.8,83.5,1991.32,chestnut oak
832,3.3,25.4,38.13,chestnut oak
832,4.1,29.9,64.57,chestnut oak
832,14.4,42.7,1210.82,chestnut oak
832,13.6,45.2,1092.03,chestnut oak
832,13.7,76.4,1576.52,chestnut oak
832,26.2,94.1,6387.97,chestnut oak
832,25.4,112.1,6845.99,chestnut oak
832,11.2,66.9,921.27,chestnut oak
832,18.5,68.9,2637.54,chestnut oak
832,33.6,83.9,10288.11,chestnut oak
832,5.4,43.9,128.92,chestnut oak
832,20.2,82.0,3553.97,chestnut oak
832,26.5,105.0,7576.76,chestnut oak
832,28.6,67.4,6107.4,chestnut oak
832,7.8,56.3,387.22,chestnut oak
832,30.9,91.2,8908.34,chestnut oak
832,31.5,101.9,9756.55,chestnut oak
832,10.6,66.0,816.06,chestnut oak
832,13.2,70.9,1378.75,chestnut oak
832,4.1,34.1,64.57,chestnut oak
832,9.4,67.0,670.62,chestnut oak
832,8.4,55.2,460.15,chestnut oak
832,7.9,48.2,306.04,chestnut oak
832,15.3,70.5,1811.22,chestnut oak
832,20.8,102.0,4544.53,chestnut oak
832,12.0,66.7,1050.24,chestnut oak
832,26.8,91.6,5983.59,chestnut oak
832,25.6,84.7,6172.41,chestnut oak
832,23.6,63.4,3991.25,chestnut oak
832,27.4,80.1,6689.97,chestnut oak
832,6.1,41.9,166.82,chestnut oak
832,8.6,58.7,487.55,chestnut oak
832,13.5,71.3,1493.83,chestnut oak
832,14.2,100.8,2070.8,chestnut oak
832,21.6,85.2,4119.45,chestnut oak
832,32.4,94.6,9573.95,chestnut oak
832,12.9,80.8,1494.31,chestnut oak
832,13.5,80.3,1657.88,chestnut oak
832,15.2,73.2,1913.6,chestnut oak
832,16.2,67.8,2050.59,chestnut oak
832,3.6,33.3,47.09,chestnut oak
832,23.7,81.5,4860.38,chestnut oak
832,3.7,45.0,50.33,chestnut oak
832,6.0,55.7,201.8,chestnut oak
832,26.3,100.9,6790.5,chestnut oak
832,22.2,90.2,3867.21,chestnut oak
832,9.1,76.8,691.89,chestnut oak
832,7.6,46.2,366.18,chestnut oak
832,11.1,54.8,839.93,chestnut oak
832,10.3,66.4,806.95,chestnut oak
832,14.9,73.7,1748.68,chestnut oak
832,4.7,47.3,89.97,chestnut oak
832,4.7,54.1,89.97,chestnut oak
832,5.7,61.1,187.14,chestnut oak
832,5.8,60.2,194.9,chestnut oak
832,6.7,60.5,284.62,chestnut oak
832,7.9,59.9,414.89,chestnut oak
832,8.2,66.6,482.58,chestnut oak
832,9.8,59.7,660.22,chestnut oak
832,9.9,60.2,678.2,chestnut oak
832,10.3,71.6,825.41,chestnut oak
832,10.7,63.5,826.59,chestnut oak
832,11.0,59.3,837.22,chestnut oak
832,12.3,64.0,1108.74,chestnut oak
832,13.2,60.7,1238.16,chestnut oak
832,13.8,66.6,1440.7,chestnut oak
832,14.0,62.9,1429.42,chestnut oak
832,15.2,63.3,1697.62,chestnut oak
832,15.3,64.0,1732.79,chestnut oak
97,3.9,31.5,37.17,red spruce
97,1.8,21.7,6.34,red spruce
97,2.7,23.6,15.94,red spruce
97,3.1,27.6,21.89,red spruce
97,4.3,32.2,46.58,red spruce
97,2.3,24.6,11.05,red spruce
97,2.2,24.6,9.98,red spruce
97,2.2,20.7,9.98,red spruce
97,2.0,19.4,8.04,red spruce
97,4.6,28.5,54.44,red spruce
97,15.6,71.9,1279.34,red spruce
97,10.4,69.6,536.1,red spruce
97,18.5,64.3,1725.77,red spruce
97,4.5,28.9,51.74,red spruce
97,14.2,65.6,1005.5,red spruce
97,15.1,65.6,1143.13,red spruce
97,11.4,67.3,641.37,red spruce
97,10.9,55.4,529.32,red spruce
97,12.6,67.9,795.85,red spruce
97,6.0,55.1,136.52,red spruce
97,10.4,56.1,481.9,red spruce
97,17.0,75.5,1565.96,red spruce
97,19.7,76.1,2132.7,red spruce
97,7.2,48.6,199.35,red spruce
97,5.1,36.1,70.93,red spruce
97,7.8,54.8,253.99,red spruce
97,10.2,31.1,251.12,red spruce
97,10.6,46.4,369.19,red spruce
97,10.3,43.6,333.07,red spruce
97,8.1,48.9,233.95,red spruce
97,12.0,55.1,536.55,red spruce
97,12.5,50.1,533.97,red spruce
97,4.6,32.7,54.44,red spruce
97,4.6,18.0,54.44,red spruce
97,9.4,30.5,214.88,red spruce
97,3.3,18.7,25.28,red spruce
97,4.5,23.1,51.74,red spruce
97,8.3,39.0,199.54,red spruce
97,8.0,35.2,169.04,red spruce
97,8.9,42.0,245.16,red spruce
97,5.8,43.3,107.97,red spruce
97,13.2,57.6,667.21,red spruce
97,2.8,16.4,17.33,red spruce
97,2.5,11.9,13.36,red spruce
97,2.3,15.1,11.05,red spruce
97,12.0,74.2,696.31,red spruce
97,6.3,36.6,108.88,red spruce
97,7.6,41.6,177.69,red spruce
97,7.6,40.7,174.17,red spruce
97,13.1,45.6,538.52,red spruce
97,9.4,40.8,268.42,red spruce
97,7.0,34.5,127.24,red spruce
97,10.4,37.9,302.86,red spruce
97,12.5,43.3,472.37,red spruce
97,8.7,30.8,177.4,red spruce
97,10.6,64.8,490.01,red spruce
97,16.5,78.1,1343.66,red spruce
97,14.2,71.2,924.88,red spruce
97,12.1,67.7,652.07,red spruce
97,7.2,44.7,170.58,red spruce
97,8.3,45.6,230.18,red spruce
97,7.3,42.5,167.33,red spruce
97,7.5,28.2,121.94,red spruce
97,10.0,32.3,249.61,red spruce
97,12.3,39.6,425.92,red spruce
97,6.7,33.7,114.15,red spruce
97,7.2,33.6,131.41,red spruce
97,9.4,38.3,255.43,red spruce
97,6.0,35.2,95.32,red spruce
97,2.8,16.2,17.33,red spruce
97,15.6,54.9,880.68,red spruce
97,2.9,14.1,18.78,red spruce
97,7.6,43.6,185.53,red spruce
97,9.8,43.3,302.98,red spruce
97,8.3,54.1,289.9,red spruce
97,17.0,69.6,1505.54,red spruce
97,9.4,57.1,391.13,red spruce
97,5.4,45.6,94.01,red spruce
97,13.2,63.3,847.84,red spruce
97,14.3,66.3,1025.69,red spruce
97,10.8,57.1,527.0,red spruce
97,11.2,58.9,578.31,red spruce
97,8.5,52.5,300.96,red spruce
97,7.3,55.6,220.04,red spruce
97,5.1,53.3,84.89,red spruce
97,7.6,53.8,237.33,red spruce
97,15.9,69.7,1311.13,red spruce
97,12.7,64.5,789.04,red spruce
97,5.8,46.3,115.07,red spruce
97,4.0,40.4,39.41,red spruce
97,7.4,45.9,206.15,red spruce
97,7.0,55.1,198.77,red spruce
97,14.6,67.6,1081.38,red spruce
97,14.9,66.3,1117.59,red spruce
97,28.2,107.6,5188.58,red spruce
97,2.3,16.5,11.05,red spruce
97,2.7,19.7,15.94,red spruce
97,3.4,20.3,27.08,red spruce
97,17.6,88.6,1709.78,red spruce
97,2.8,17.8,17.33,red spruce
97,4.8,27.0,60.08,red spruce
97,3.8,25.7,35.0,red spruce
97,3.9,21.0,37.17,red spruce
97,13.3,78.7,892.64,red spruce
97,28.2,99.4,4819.88,red spruce
97,7.8,52.8,233.2,red spruce
97,7.4,52.5,209.1,red spruce
97,7.2,49.5,187.52,red spruce
97,9.8,66.3,432.62,red spruce
97,13.3,71.0,914.15,red spruce
97,16.0,71.4,1343.09,red spruce
97,19.5,79.5,2030.6,red spruce
97,4.7,32.3,57.22,red spruce
97,4.7,31.5,57.22,red spruce
97,5.9,35.0,114.23,red spruce
97,11.1,73.8,645.4,red spruce
97,14.5,84.0,1178.14,red spruce
97,7.5,57.0,265.69,red spruce
97,15.1,76.0,1222.21,red spruce
97,9.1,65.0,413.27,red spruce
97,6.6,38.0,147.52,red spruce
97,16.1,77.6,1425.1,red spruce
97,18.5,81.0,1923.03,red spruce
97,13.1,66.0,872.29,red spruce
97,16.4,77.5,1455.75,red spruce
97,10.5,68.5,510.66,red spruce
97,17.5,63.2,1524.68,red spruce
97,2.8,16.5,17.33,red spruce
97,4.4,29.5,49.12,red spruce
97,5.7,41.0,115.1,red spruce
97,10.4,58.5,512.62,red spruce
97,12.8,57.6,786.8,red spruce
97,12.9,58.7,798.93,red spruce
97,13.4,64.9,859.26,red spruce
97,14.9,60.0,1041.04,red spruce
97,18.0,74.1,1721.0,red spruce
97,17.6,69.7,1608.28,red spruce
97,4.2,20.0,44.11,red spruce
97,5.8,35.3,117.72,red spruce
97,6.4,38.5,143.26,red spruce
97,4.6,35.5,54.44,red spruce
97,4.3,32.7,46.58,red spruce
97,8.5,51.4,322.15,red spruce
97,10.3,51.3,462.17,red spruce
97,11.8,53.7,642.71,red spruce
97,11.4,56.7,592.84,red spruce
97,6.8,53.6,199.11,red spruce
97,3.6,23.1,30.9,red spruce
97,7.3,42.1,189.13,red spruce
97,15.9,56.8,1187.44,red spruce
97,17.4,58.5,1412.43,red spruce
97,16.9,54.0,1301.84,red spruce
97,4.6,36.4,54.44,red spruce
97,6.4,33.4,147.97,red spruce
97,10.5,56.8,517.32,red spruce
97,3.3,21.0,25.28,red spruce
97,4.0,35.7,39.41,red spruce
97,6.7,32.5,150.23,red spruce
97,6.2,45.2,151.89,red spruce
97,11.1,57.2,559.58,red spruce
97,12.1,73.8,776.58,red spruce
97,4.0,21.1,39.41,red spruce
97,5.0,36.1,77.58,red spruce
97,6.4,26.9,133.25,red spruce
97,6.2,31.7,113.18,red spruce
97,7.8,54.6,245.84,red spruce
97,7.8,58.3,274.0,red spruce
97,8.9,42.0,295.67,red spruce
97,9.4,55.5,337.25,red spruce
97,12.2,56.2,630.6,red spruce
97,12.8,72.8,879.54,red spruce
97,12.0,67.9,734.25,red spruce
97,12.9,94.6,897.2,red spruce
97,13.6,64.2,961.57,red spruce
97,14.2,76.6,1132.81,red spruce
97,19.2,75.6,1943.07,red spruce
97,3.4,30.5,27.08,red spruce
97,13.6,79.1,999.36,red spruce
97,5.2,37.6,60.31,red spruce
97,5.5,28.2,80.53,red spruce
97,6.8,22.9,141.77,red spruce
97,5.6,38.8,99.49,red spruce
97,7.1,51.9,221.27,red spruce
97,10.5,53.0,494.65,red spruce
97,11.8,63.1,677.37,red spruce
97,10.5,44.8,443.42,red spruce
97,13.4,52.0,785.67,red spruce
97,14.3,72.3,1078.94,red spruce
97,16.1,71.5,1402.39,red spruce
97,13.5,68.2,970.72,red spruce
97,17.7,72.2,1697.54,red spruce
97,18.1,76.5,1730.58,red spruce
97,7.1,51.8,219.23,red spruce
97,10.6,71.1,571.09,red spruce
97,12.2,65.3,731.46,red spruce
97,14.2,68.0,1058.17,red spruce
97,22.8,79.3,2989.47,red spruce
97,20.1,59.2,2047.82,red spruce
97,18.7,89.4,2106.73,red spruce
97,3.5,20.5,28.95,red spruce
97,1.2,9.3,2.59,red spruce
97,5.0,33.8,64.51,red spruce
97,6.2,41.4,128.89,red spruce
97,1.3,10.1,3.08,red spruce
97,7.4,35.0,178.49,red spruce
97,9.7,43.5,363.97,red spruce
97,9.4,37.9,315.91,red spruce
97,14.8,54.0,994.94,red spruce
97,7.9,38.2,216.77,red spruce
97,2.8,20.7,17.33,red spruce
97,7.2,42.7,186.55,red spruce
97,4.3,25.8,46.58,red spruce
97,3.7,24.8,32.91,red spruce
97,1.1,8.3,2.15,red spruce
651,13.0,71.2,1035.48,cucumbertree
651,13.2,77.6,1141.4,cucumbertree
651,19.4,103.0,2989.93,cucumbertree
651,10.7,71.3,658.78,cucumbertree
651,15.6,96.3,1755.65,cucumbertree
651,10.5,68.9,632.49,cucumbertree
651,14.6,88.7,1604.91,cucumbertree
651,14.2,83.0,1417.09,cucumbertree
651,13.3,68.7,1037.0,cucumbertree
651,16.4,100.8,1959.12,cucumbertree
651,10.2,71.6,655.31,cucumbertree
651,9.2,68.6,476.67,cucumbertree
651,9.2,93.0,621.5,cucumbertree
651,12.0,93.0,1060.75,cucumbertree
651,6.2,61.0,203.2,cucumbertree
651,4.8,53.0,73.39,cucumbertree
372,9.5,57.6,658.68,sweet birch
372,10.5,64.8,908.19,sweet birch
372,6.5,52.9,255.83,sweet birch
372,5.8,49.5,177.47,sweet birch
372,15.6,78.8,2197.14,sweet birch
372,26.1,77.4,6132.09,sweet birch
372,7.5,50.2,375.02,sweet birch
372,9.4,61.8,636.67,sweet birch
372,5.8,47.0,164.6,sweet birch
372,5.4,48.1,117.49,sweet birch
372,14.5,80.3,2065.05,sweet birch
372,13.8,69.4,1563.49,sweet birch
372,6.2,65.0,285.9,sweet birch
372,11.5,69.0,1090.07,sweet birch
122,17.2,92.5,1839.23,ponderosa pine
122,8.4,43.3,210.51,ponderosa pine
122,11.9,74.8,732.4,ponderosa pine
122,8.1,36.7,165.78,ponderosa pine
122,14.5,88.6,1272.73,ponderosa pine
122,9.6,71.5,458.88,ponderosa pine
122,17.2,91.9,1826.94,ponderosa pine
122,18.1,95.1,2084.14,ponderosa pine
122,18.3,86.9,1939.57,ponderosa pine
122,16.7,73.5,1374.58,ponderosa pine
122,18.1,86.3,1886.21,ponderosa pine
122,8.3,47.2,227.3,ponderosa pine
122,4.7,39.4,34.87,ponderosa pine
122,5.7,47.9,74.31,ponderosa pine
122,1.3,8.5,1.75,ponderosa pine
122,11.0,49.2,440.41,ponderosa pine
122,7.0,48.6,151.37,ponderosa pine
122,11.7,55.1,558.46,ponderosa pine
122,9.1,44.0,262.8,ponderosa pine
122,7.4,39.4,144.71,ponderosa pine
122,7.9,46.6,199.43,ponderosa pine
122,7.0,42.7,134.3,ponderosa pine
122,6.9,45.3,136.2,ponderosa pine
122,7.8,47.2,195.6,ponderosa pine
122,8.7,44.0,237.37,ponderosa pine
122,5.9,36.7,67.82,ponderosa pine
122,5.0,30.2,24.78,ponderosa pine
122,4.1,34.1,25.13,ponderosa pine
122,2.6,22.3,8.51,ponderosa pine
122,4.1,34.1,25.13,ponderosa pine
122,4.5,30.5,31.41,ponderosa pine
122,4.5,45.3,31.41,ponderosa pine
122,7.3,40.0,141.63,ponderosa pine
122,3.5,28.5,17.22,ponderosa pine
122,4.5,44.0,31.41,ponderosa pine
122,6.1,38.1,79.15,ponderosa pine
122,3.3,35.4,14.97,ponderosa pine
122,4.7,35.4,34.87,ponderosa pine
122,6.4,40.7,98.56,ponderosa pine
122,1.9,14.8,4.1,ponderosa pine
122,5.7,40.7,64.52,ponderosa pine
122,3.6,25.6,18.42,ponderosa pine
122,3.4,36.7,16.07,ponderosa pine
122,5.0,33.5,26.55,ponderosa pine
122,1.0,9.2,1.02,ponderosa pine
122,5.9,38.7,71.01,ponderosa pine
122,10.3,45.9,358.56,ponderosa pine
122,8.8,47.2,260.33,ponderosa pine
122,10.4,41.3,331.21,ponderosa pine
122,8.2,39.4,186.48,ponderosa pine
122,5.3,38.1,42.81,ponderosa pine
122,4.1,34.1,25.13,ponderosa pine
122,2.9,19.0,11.01,ponderosa pine
122,5.2,32.8,34.13,ponderosa pine
122,7.5,43.3,163.48,ponderosa pine
122,6.3,39.4,90.97,ponderosa pine
122,2.6,14.8,8.51,ponderosa pine
122,4.4,41.3,29.76,ponderosa pine
122,9.8,48.6,340.03,ponderosa pine
122,8.8,55.8,305.19,ponderosa pine
122,1.2,8.2,1.48,ponderosa pine
122,13.7,53.1,746.03,ponderosa pine
122,9.5,40.7,268.62,ponderosa pine
122,8.2,47.9,223.94,ponderosa pine
122,8.1,38.1,175.56,ponderosa pine
122,11.4,49.2,474.7,ponderosa pine
122,5.0,34.1,26.87,ponderosa pine
122,11.5,49.2,483.44,ponderosa pine
122,7.4,40.7,149.11,ponderosa pine
122,4.8,38.7,36.68,ponderosa pine
122,9.5,47.2,308.97,ponderosa pine
122,15.1,59.1,1007.61,ponderosa pine
122,7.4,49.2,177.88,ponderosa pine
122,9.3,50.5,314.32,ponderosa pine
122,4.8,29.5,36.68,ponderosa pine
122,9.5,49.9,325.74,ponderosa pine
122,7.8,49.2,203.38,ponderosa pine
122,7.6,44.0,171.63,ponderosa pine
122,3.9,28.9,22.3,ponderosa pine
122,9.8,51.2,357.33,ponderosa pine
122,8.4,47.2,233.8,ponderosa pine
122,12.2,49.2,546.59,ponderosa pine
122,7.3,46.6,163.15,ponderosa pine
122,11.7,51.8,526.4,ponderosa pine
122,8.1,38.1,175.56,ponderosa pine
122,8.8,45.9,253.55,ponderosa pine
122,23.2,122.7,4794.75,ponderosa pine
122,26.4,136.2,6941.42,ponderosa pine
122,11.7,64.6,604.63,ponderosa pine
122,6.0,24.0,62.38,ponderosa pine
122,17.9,70.8,1648.19,ponderosa pine
122,13.5,57.3,739.11,ponderosa pine
122,12.2,48.4,507.73,ponderosa pine
122,10.7,46.6,367.39,ponderosa pine
122,14.2,60.3,864.41,ponderosa pine
122,15.0,67.8,1084.84,ponderosa pine
122,9.8,38.5,254.28,ponderosa pine
122,16.1,57.8,1088.95,ponderosa pine
122,20.2,79.3,2367.91,ponderosa pine
122,11.5,49.1,451.86,ponderosa pine
122,7.6,38.3,148.96,ponderosa pine
122,19.6,68.1,1926.93,ponderosa pine
122,13.9,57.4,788.64,ponderosa pine
122,10.1,45.3,314.92,ponderosa pine
122,15.5,61.3,1059.85,ponderosa pine
122,19.5,77.2,2143.13,ponderosa pine
122,5.8,29.8,70.45,ponderosa pine
122,17.3,65.0,1415.49,ponderosa pine
122,15.0,61.0,983.26,ponderosa pine
122,8.8,33.5,176.42,ponderosa pine
122,4.7,17.6,34.87,ponderosa pine
122,12.7,67.5,753.67,ponderosa pine
122,15.6,80.0,1378.3,ponderosa pine
122,6.9,42.7,136.09,ponderosa pine
122,17.4,78.5,1709.47,ponderosa pine
122,6.7,34.4,105.82,ponderosa pine
122,18.5,78.6,1949.59,ponderosa pine
122,18.5,76.4,1898.31,ponderosa pine
122,4.9,33.8,38.54,ponderosa pine
122,6.9,37.0,119.59,ponderosa pine
122,18.3,71.7,1747.95,ponderosa pine
122,9.8,40.6,266.66,ponderosa pine
122,17.3,63.4,1383.12,ponderosa pine
122,5.9,36.1,86.33,ponderosa pine
122,15.2,66.1,1090.04,ponderosa pine
122,9.3,53.6,305.2,ponderosa pine
122,13.9,56.2,773.41,ponderosa pine
122,15.0,57.1,925.01,ponderosa pine
122,18.1,74.5,1769.95,ponderosa pine
122,14.0,62.5,866.67,ponderosa pine
122,18.9,69.8,1825.46,ponderosa pine
122,17.5,67.3,1498.26,ponderosa pine
122,19.3,96.4,2586.13,ponderosa pine
122,8.6,49.5,239.42,ponderosa pine
122,12.9,56.9,665.28,ponderosa pine
122,16.3,86.3,1626.34,ponderosa pine
122,10.9,60.5,486.63,ponderosa pine
122,17.8,76.4,1749.01,ponderosa pine
122,20.6,86.3,2672.5,ponderosa pine
122,14.7,48.7,765.46,ponderosa pine
122,11.1,36.8,322.27,ponderosa pine
122,13.8,48.9,670.24,ponderosa pine
122,18.5,64.2,1613.93,ponderosa pine
122,16.2,66.0,1247.81,ponderosa pine
122,7.7,34.8,140.3,ponderosa pine
122,16.5,61.9,1222.71,ponderosa pine
122,12.4,51.7,558.81,ponderosa pine
122,8.8,46.2,235.2,ponderosa pine
122,5.4,25.2,53.04,ponderosa pine
122,16.1,63.5,1187.96,ponderosa pine
122,15.6,62.9,1100.56,ponderosa pine
122,11.3,52.5,462.23,ponderosa pine
122,17.1,72.4,1526.9,ponderosa pine
122,12.8,61.2,699.76,ponderosa pine
122,7.8,39.1,159.66,ponderosa pine
122,14.5,64.6,964.04,ponderosa pine
122,6.0,29.1,73.68,ponderosa pine
122,10.0,45.2,307.38,ponderosa pine
122,14.4,62.8,925.13,ponderosa pine
122,13.7,44.4,604.42,ponderosa pine
122,20.4,77.1,2354.71,ponderosa pine
122,4.6,27.1,33.11,ponderosa pine
122,3.8,12.7,20.95,ponderosa pine
122,2.8,11.5,10.14,ponderosa pine
122,2.1,9.0,5.16,ponderosa pine
122,3.4,13.2,16.07,ponderosa pine
122,2.9,11.0,11.01,ponderosa pine
122,4.4,15.7,29.76,ponderosa pine
122,2.7,9.4,9.3,ponderosa pine
122,2.4,12.1,7.05,ponderosa pine
122,3.4,21.6,16.07,ponderosa pine
122,3.4,22.0,16.07,ponderosa pine
122,2.9,15.7,11.01,ponderosa pine
122,2.9,14.8,11.01,ponderosa pine
122,11.5,65.3,588.04,ponderosa pine
122,11.1,56.8,477.81,ponderosa pine
122,10.7,68.9,527.32,ponderosa pine
122,12.6,67.2,737.72,ponderosa pine
122,11.3,60.5,526.94,ponderosa pine
122,11.0,45.0,378.4,ponderosa pine
122,11.6,62.1,571.92,ponderosa pine
122,11.8,66.1,629.37,ponderosa pine
122,10.8,59.5,469.49,ponderosa pine
122,7.8,45.8,184.22,ponderosa pine
122,9.3,50.0,286.32,ponderosa pine
122,11.4,57.6,513.35,ponderosa pine
122,12.1,60.8,615.16,ponderosa pine
122,12.0,57.5,573.63,ponderosa pine
122,11.5,71.1,636.79,ponderosa pine
122,11.1,66.2,550.91,ponderosa pine
122,10.5,66.2,487.13,ponderosa pine
122,10.1,56.7,386.84,ponderosa pine
122,6.6,28.9,88.15,ponderosa pine
122,2.8,13.1,10.14,ponderosa pine
122,8.2,31.8,146.64,ponderosa pine
122,8.4,32.8,158.0,ponderosa pine
122,5.9,33.9,81.61,ponderosa pine
122,6.7,34.5,106.1,ponderosa pine
122,7.5,31.2,121.02,ponderosa pine
122,8.2,31.0,143.41,ponderosa pine
122,6.2,35.1,92.67,ponderosa pine
122,6.5,26.6,79.63,ponderosa pine
122,6.9,29.5,97.88,ponderosa pine
122,2.7,13.2,9.3,ponderosa pine
122,7.9,32.8,140.03,ponderosa pine
122,7.3,38.5,138.33,ponderosa pine
122,7.3,38.0,136.71,ponderosa pine
122,8.3,31.0,146.87,ponderosa pine
122,8.3,41.7,191.1,ponderosa pine
122,7.0,29.4,100.37,ponderosa pine
122,8.9,36.2,193.71,ponderosa pine
122,8.4,40.0,188.45,ponderosa pine
122,8.2,33.9,155.12,ponderosa pine
122,9.5,46.5,281.13,ponderosa pine
122,5.6,26.8,60.0,ponderosa pine
122,8.0,35.9,155.47,ponderosa pine
122,4.6,21.8,33.11,ponderosa pine
122,6.9,33.5,109.46,ponderosa pine
122,6.2,25.2,69.33,ponderosa pine
122,11.7,65.6,613.36,ponderosa pine
122,9.6,63.4,383.0,ponderosa pine
122,9.3,42.4,246.48,ponderosa pine
122,4.4,35.3,29.76,ponderosa pine
122,12.2,79.8,808.07,ponderosa pine
122,12.4,67.2,712.41,ponderosa pine
122,4.0,22.0,23.69,ponderosa pine
122,2.6,22.4,8.51,ponderosa pine
122,4.4,22.7,29.76,ponderosa pine
122,2.8,15.8,10.14,ponderosa pine
122,4.4,21.7,29.76,ponderosa pine
122,1.4,9.6,2.06,ponderosa pine
122,3.5,16.1,17.22,ponderosa pine
122,2.9,13.6,11.01,ponderosa pine
122,4.6,25.6,33.11,ponderosa pine
122,2.1,13.2,5.16,ponderosa pine
122,4.8,21.3,36.68,ponderosa pine
122,3.6,15.3,18.42,ponderosa pine
122,9.0,38.3,215.22,ponderosa pine
122,20.3,92.0,2501.96,ponderosa pine
122,9.5,41.3,258.6,ponderosa pine
122,5.0,18.1,24.78,ponderosa pine
122,15.0,58.7,893.01,ponderosa pine
122,22.8,90.0,3047.1,ponderosa pine
122,37.0,124.0,10570.77,ponderosa pine
122,4.2,25.8,26.62,ponderosa pine
122,3.0,13.7,11.93,ponderosa pine
122,1.0,6.8,1.02,ponderosa pine
122,1.5,8.9,2.4,ponderosa pine
122,4.4,19.5,29.76,ponderosa pine
122,1.0,6.7,1.02,ponderosa pine
122,3.8,13.9,20.95,ponderosa pine
122,1.9,10.1,4.1,ponderosa pine
122,2.6,12.5,8.51,ponderosa pine
122,2.0,10.5,4.61,ponderosa pine
122,2.3,10.8,6.38,ponderosa pine
122,3.6,13.8,18.42,ponderosa pine
122,2.6,16.0,8.51,ponderosa pine
122,2.1,11.0,5.16,ponderosa pine
122,4.6,17.7,33.11,ponderosa pine
122,3.0,13.6,11.93,ponderosa pine
122,3.3,16.7,14.97,ponderosa pine
122,2.2,8.9,5.75,ponderosa pine
122,2.7,16.2,9.3,ponderosa pine
122,1.3,9.9,1.75,ponderosa pine
122,13.4,58.6,742.53,ponderosa pine
122,18.0,67.8,1601.83,ponderosa pine
122,13.2,62.6,764.07,ponderosa pine
122,16.7,58.6,1192.65,ponderosa pine
122,17.1,49.5,1074.86,ponderosa pine
122,12.5,34.9,399.28,ponderosa pine
122,20.2,55.7,1706.16,ponderosa pine
122,13.9,50.9,706.17,ponderosa pine
122,21.7,64.1,2258.84,ponderosa pine
122,26.2,90.3,4619.61,ponderosa pine
122,31.0,80.6,5897.05,ponderosa pine
122,19.9,68.6,2003.47,ponderosa pine
122,29.9,72.9,4982.05,ponderosa pine
122,12.5,36.1,411.38,ponderosa pine
122,24.6,79.9,3609.4,ponderosa pine
122,10.3,37.5,277.59,ponderosa pine
122,17.4,100.1,2151.84,ponderosa pine
122,17.7,120.6,2666.71,ponderosa pine
122,11.6,37.0,356.88,ponderosa pine
122,14.2,48.0,701.04,ponderosa pine
122,11.6,36.7,354.31,ponderosa pine
122,28.7,106.4,6523.97,ponderosa pine
122,23.2,109.1,4285.46,ponderosa pine
122,17.4,46.1,1045.91,ponderosa pine
122,18.6,77.4,1943.72,ponderosa pine
122,15.9,95.6,1699.54,ponderosa pine
122,13.4,78.5,975.82,ponderosa pine
122,5.7,18.0,39.12,ponderosa pine
122,6.5,19.3,60.05,ponderosa pine
122,16.0,60.4,1253.56,ponderosa pine
122,3.9,15.5,22.3,ponderosa pine
122,23.3,91.0,3933.0,ponderosa pine
122,2.4,11.4,7.05,ponderosa pine
122,13.2,54.0,764.56,ponderosa pine
122,8.2,36.5,173.7,ponderosa pine
122,11.3,58.0,545.52,ponderosa pine
122,12.0,34.3,375.59,ponderosa pine
122,11.0,37.4,339.71,ponderosa pine
122,14.0,47.5,701.06,ponderosa pine
122,8.5,29.8,156.72,ponderosa pine
122,4.2,16.1,26.62,ponderosa pine
122,5.1,21.2,22.55,ponderosa pine
122,16.4,123.0,2310.73,ponderosa pine
122,21.3,140.0,4550.04,ponderosa pine
122,16.0,99.5,1789.32,ponderosa pine
122,17.2,122.3,2543.26,ponderosa pine
122,11.6,105.0,939.45,ponderosa pine
122,19.5,110.4,2960.6,ponderosa pine
122,7.9,57.3,242.39,ponderosa pine
122,5.9,45.4,89.68,ponderosa pine
122,13.3,101.4,1277.67,ponderosa pine
122,12.2,81.7,871.47,ponderosa pine
122,18.0,100.0,2301.68,ponderosa pine
122,5.7,56.1,98.51,ponderosa pine
122,14.6,84.1,1286.05,ponderosa pine
122,8.0,42.5,186.45,ponderosa pine
122,10.8,47.1,395.24,ponderosa pine
122,6.1,33.4,74.64,ponderosa pine
122,8.9,54.9,304.07,ponderosa pine
122,14.9,71.5,1143.36,ponderosa pine
122,4.9,40.5,38.54,ponderosa pine
122,7.7,42.6,170.94,ponderosa pine
122,5.3,33.7,47.4,ponderosa pine
122,5.8,38.2,72.3,ponderosa pine
122,6.6,40.4,110.62,ponderosa pine
122,1.3,15.3,1.75,ponderosa pine
122,15.3,118.6,1958.91,ponderosa pine
122,14.9,121.5,1900.77,ponderosa pine
122,16.3,66.9,1281.37,ponderosa pine
122,5.3,39.7,54.84,ponderosa pine
122,24.3,128.9,5279.04,ponderosa pine
122,23.3,134.8,5061.24,ponderosa pine
122,11.1,82.9,728.7,ponderosa pine
122,10.9,59.9,509.95,ponderosa pine
122,5.3,38.1,52.83,ponderosa pine
122,10.7,76.0,620.39,ponderosa pine
122,2.0,21.2,4.61,ponderosa pine
122,27.3,129.1,6654.23,ponderosa pine
122,23.9,127.0,5039.69,ponderosa pine
122,20.5,118.3,3485.93,ponderosa pine
122,6.7,46.3,131.13,ponderosa pine
122,27.5,132.5,6912.88,ponderosa pine
122,10.5,74.1,581.86,ponderosa pine
122,15.3,87.2,1462.19,ponderosa pine
122,6.9,53.7,163.55,ponderosa pine
122,20.0,107.3,3030.29,ponderosa pine
122,10.2,55.7,413.28,ponderosa pine
122,22.6,138.2,4874.59,ponderosa pine
122,12.6,104.9,1183.6,ponderosa pine
122,35.6,192.8,16025.4,ponderosa pine
122,14.0,75.4,1063.26,ponderosa pine
122,13.3,80.9,1027.51,ponderosa pine
122,18.3,119.6,2814.15,ponderosa pine
122,35.0,127.4,10753.82,ponderosa pine
122,19.0,106.6,2721.27,ponderosa pine
122,25.0,113.5,4964.9,ponderosa pine
122,28.7,142.7,8043.9,ponderosa pine
122,4.1,23.7,25.13,ponderosa pine
122,32.0,128.2,9054.98,ponderosa pine
122,24.8,119.6,5129.9,ponderosa pine
122,20.4,129.2,3745.24,ponderosa pine
122,6.5,65.6,170.02,ponderosa pine
122,19.6,94.7,2586.41,ponderosa pine
122,32.1,161.3,11192.64,ponderosa pine
122,16.2,86.0,1616.36,ponderosa pine
122,7.1,41.4,136.65,ponderosa pine
122,10.1,64.3,466.4,ponderosa pine
122,16.0,81.4,1495.19,ponderosa pine
122,5.9,39.2,78.1,ponderosa pine
122,18.9,105.0,2654.86,ponderosa pine
122,6.4,38.6,97.52,ponderosa pine
122,6.2,45.1,103.31,ponderosa pine
122,22.2,111.7,3867.53,ponderosa pine
122,14.9,90.6,1439.21,ponderosa pine
122,11.2,73.5,659.8,ponderosa pine
122,5.4,55.6,80.84,ponderosa pine
122,6.5,57.1,148.34,ponderosa pine
122,12.3,69.2,753.03,ponderosa pine
122,22.4,121.6,4260.09,ponderosa pine
122,15.2,67.5,1124.57,ponderosa pine
122,16.2,66.9,1265.76,ponderosa pine
122,11.1,74.6,657.24,ponderosa pine
122,5.3,41.0,56.48,ponderosa pine
122,23.3,94.4,3631.05,ponderosa pine
122,19.5,88.1,2389.19,ponderosa pine
122,5.6,35.8,60.8,ponderosa pine
122,10.6,54.3,436.87,ponderosa pine
122,13.6,50.4,676.03,ponderosa pine
122,8.7,40.5,215.24,ponderosa pine
122,14.9,61.0,978.58,ponderosa pine
122,17.4,93.0,2008.18,ponderosa pine
122,12.2,78.9,842.31,ponderosa pine
122,18.0,82.6,1915.96,ponderosa pine
122,27.0,151.4,7517.45,ponderosa pine
122,7.6,48.7,188.63,ponderosa pine
122,5.2,29.9,39.85,ponderosa pine
122,20.5,77.1,2319.6,ponderosa pine
122,29.6,129.4,7825.7,ponderosa pine
122,13.2,76.5,958.28,ponderosa pine
122,18.2,102.1,2399.44,ponderosa pine
122,10.5,92.7,723.84,ponderosa pine
122,27.4,132.3,6853.83,ponderosa pine
122,19.7,122.7,3333.39,ponderosa pine
122,18.7,97.7,2427.82,ponderosa pine
122,6.0,33.4,71.09,ponderosa pine
122,9.3,53.7,327.43,ponderosa pine
122,11.8,75.5,753.86,ponderosa pine
122,16.2,68.7,1299.05,ponderosa pine
122,17.2,75.3,1600.36,ponderosa pine
122,29.3,118.9,7096.65,ponderosa pine
122,13.5,83.6,1093.14,ponderosa pine
122,14.0,89.7,1258.75,ponderosa pine
122,23.4,114.3,4384.81,ponderosa pine
122,24.6,108.2,4598.94,ponderosa pine
122,17.4,99.9,2150.23,ponderosa pine
122,5.4,52.2,76.08,ponderosa pine
122,6.0,32.7,69.78,ponderosa pine
122,26.8,128.5,6388.13,ponderosa pine
122,17.4,111.3,2381.54,ponderosa pine
122,22.2,91.7,3209.43,ponderosa pine
122,13.8,63.3,870.21,ponderosa pine
122,21.4,90.1,2934.65,ponderosa pine
122,5.6,21.6,41.02,ponderosa pine
122,7.0,23.0,80.13,ponderosa pine
122,14.0,85.1,1196.25,ponderosa pine
122,22.3,122.1,4238.66,ponderosa pine
122,10.3,66.3,500.94,ponderosa pine
122,3.7,37.1,19.66,ponderosa pine
122,10.9,80.9,685.33,ponderosa pine
122,19.2,92.8,2435.36,ponderosa pine
122,5.4,36.0,53.82,ponderosa pine
122,3.2,25.3,13.91,ponderosa pine
122,17.4,115.3,2461.65,ponderosa pine
122,9.9,90.6,625.71,ponderosa pine
122,17.4,98.2,2115.37,ponderosa pine
122,10.9,76.9,652.16,ponderosa pine
122,8.8,82.4,442.51,ponderosa pine
122,14.8,98.4,1537.15,ponderosa pine
122,15.0,68.5,1111.11,ponderosa pine
122,21.2,120.7,3794.97,ponderosa pine
122,22.0,122.4,4136.15,ponderosa pine
122,20.6,121.3,3602.31,ponderosa pine
122,3.8,44.2,20.95,ponderosa pine
122,11.7,55.3,545.39,ponderosa pine
122,9.6,89.6,579.82,ponderosa pine
122,16.5,107.3,2071.2,ponderosa pine
122,12.8,91.2,1068.48,ponderosa pine
122,14.7,35.6,647.78,ponderosa pine
122,12.8,54.7,741.68,ponderosa pine
122,8.5,42.7,241.4,ponderosa pine
122,7.2,43.0,165.11,ponderosa pine
122,6.9,35.3,117.57,ponderosa pine
122,22.3,58.3,2555.62,ponderosa pine
122,9.2,56.0,382.6,ponderosa pine
122,15.4,63.5,1284.98,ponderosa pine
122,9.5,49.5,360.93,ponderosa pine
122,11.7,65.7,737.97,ponderosa pine
122,8.0,55.7,280.31,ponderosa pine
122,8.2,42.7,222.38,ponderosa pine
122,7.4,24.8,91.69,ponderosa pine
122,6.4,23.0,52.92,ponderosa pine
122,8.4,27.5,144.73,ponderosa pine
122,9.9,66.7,535.07,ponderosa pine
122,13.1,53.6,764.07,ponderosa pine
122,7.4,24.9,92.16,ponderosa pine
122,9.6,52.2,389.99,ponderosa pine
122,17.1,66.5,1675.64,ponderosa pine
122,8.1,55.1,284.81,ponderosa pine
122,9.3,47.3,328.69,ponderosa pine
122,8.6,43.4,252.24,ponderosa pine
122,6.5,36.7,105.41,ponderosa pine
122,7.2,42.3,162.02,ponderosa pine
122,7.5,50.7,218.75,ponderosa pine
122,7.3,38.4,149.84,ponderosa pine
122,7.8,50.1,236.13,ponderosa pine
122,7.4,49.3,205.59,ponderosa pine
122,6.4,55.0,165.48,ponderosa pine
122,8.2,36.2,185.54,ponderosa pine
122,11.7,50.4,556.68,ponderosa pine
122,7.8,32.1,143.51,ponderosa pine
122,5.3,24.0,26.74,ponderosa pine
122,6.3,27.5,65.47,ponderosa pine
122,7.6,40.1,173.61,ponderosa pine
122,15.6,63.2,1314.17,ponderosa pine
122,9.8,65.2,511.77,ponderosa pine
122,13.3,74.6,1109.54,ponderosa pine
122,7.9,50.2,243.57,ponderosa pine
122,7.8,46.6,218.12,ponderosa pine
122,7.8,41.5,191.88,ponderosa pine
122,7.7,27.6,116.37,ponderosa pine
122,10.1,46.7,388.2,ponderosa pine
122,22.4,77.1,3377.32,ponderosa pine
122,14.1,58.0,971.94,ponderosa pine
122,18.7,74.5,2255.59,ponderosa pine
122,7.7,29.6,126.41,ponderosa pine
122,11.5,54.2,578.81,ponderosa pine
122,11.6,58.0,634.49,ponderosa pine
122,7.3,34.4,131.72,ponderosa pine
122,11.3,50.1,529.71,ponderosa pine
122,9.5,47.7,347.36,ponderosa pine
122,5.8,28.4,52.42,ponderosa pine
122,6.3,30.4,75.36,ponderosa pine
122,23.5,75.2,3635.83,ponderosa pine
122,17.1,54.6,1378.96,ponderosa pine
122,18.4,65.1,1910.94,ponderosa pine
122,12.0,65.1,772.47,ponderosa pine
122,9.0,62.1,406.26,ponderosa pine
122,6.7,47.0,153.77,ponderosa pine
122,7.0,49.1,179.69,ponderosa pine
122,11.3,56.1,577.35,ponderosa pine
122,12.2,62.6,768.66,ponderosa pine
122,6.8,41.2,136.48,ponderosa pine
122,5.4,35.0,57.2,ponderosa pine
122,12.3,57.9,721.07,ponderosa pine
122,15.5,57.1,1171.1,ponderosa pine
122,11.0,69.9,688.23,ponderosa pine
122,8.8,48.8,300.73,ponderosa pine
122,10.0,57.8,472.37,ponderosa pine
122,15.7,71.5,1506.92,ponderosa pine
122,8.8,46.5,285.79,ponderosa pine
122,8.7,48.3,290.05,ponderosa pine
122,12.7,58.5,781.85,ponderosa pine
122,9.9,45.9,365.22,ponderosa pine
122,14.6,60.0,1083.85,ponderosa pine
122,16.6,57.4,1361.04,ponderosa pine
122,12.5,64.7,838.77,ponderosa pine
122,12.3,71.4,897.45,ponderosa pine
122,12.5,55.6,716.07,ponderosa pine
122,12.7,59.1,790.2,ponderosa pine
122,7.5,30.3,121.43,ponderosa pine
122,6.5,21.8,51.42,ponderosa pine
122,8.1,29.1,140.91,ponderosa pine
122,5.6,23.0,31.6,ponderosa pine
122,6.4,26.9,66.63,ponderosa pine
122,9.6,54.5,407.68,ponderosa pine
122,7.8,34.9,157.92,ponderosa pine
122,12.4,54.5,688.89,ponderosa pine
122,9.3,44.4,307.72,ponderosa pine
122,8.6,43.0,249.76,ponderosa pine
122,7.7,34.3,150.0,ponderosa pine
122,9.5,42.5,308.17,ponderosa pine
122,11.9,52.2,600.49,ponderosa pine
122,7.8,57.7,275.24,ponderosa pine
122,12.2,58.6,717.22,ponderosa pine
122,12.7,66.7,895.9,ponderosa pine
122,10.9,72.8,704.43,ponderosa pine
122,7.8,66.8,322.06,ponderosa pine
122,9.5,71.6,527.5,ponderosa pine
122,7.3,64.5,268.04,ponderosa pine
122,9.7,73.6,549.91,ponderosa pine
122,10.7,77.0,718.11,ponderosa pine
122,8.6,54.3,319.98,ponderosa pine
122,9.1,43.8,289.09,ponderosa pine
122,7.2,35.7,132.91,ponderosa pine
122,5.4,24.8,31.26,ponderosa pine
122,5.7,25.8,42.01,ponderosa pine
122,12.5,54.5,701.24,ponderosa pine
202,9.5,82.0,676.89,Douglas-fir
202,9.8,76.5,670.97,Douglas-fir
202,10.3,85.5,826.86,Douglas-fir
202,10.4,89.5,881.88,Douglas-fir
202,10.8,103.0,1089.96,Douglas-fir
202,10.9,74.5,801.69,Douglas-fir
202,11.5,93.0,1108.35,Douglas-fir
202,11.7,86.0,1058.31,Douglas-fir
202,11.9,88.5,1123.94,Douglas-fir
202,12.3,90.0,1214.87,Douglas-fir
202,13.1,95.5,1446.13,Douglas-fir
202,14.2,94.0,1646.34,Douglas-fir
202,14.5,93.0,1691.01,Douglas-fir
202,15.1,97.0,1895.51,Douglas-fir
202,15.2,90.5,1789.97,Douglas-fir
202,16.3,93.0,2081.41,Douglas-fir
202,17.4,107.0,2681.9,Douglas-fir
202,16.0,111.0,2399.12,Douglas-fir
202,18.9,129.5,3731.72,Douglas-fir
202,21.2,151.0,5274.56,Douglas-fir
202,22.6,155.0,6035.71,Douglas-fir
202,22.8,150.0,5939.67,Douglas-fir
202,24.2,142.0,6242.85,Douglas-fir
202,26.7,143.0,7431.99,Douglas-fir
202,27.2,154.0,8229.89,Douglas-fir
202,27.4,162.5,8766.82,Douglas-fir
202,27.5,156.0,8487.61,Douglas-fir
202,27.7,149.5,8252.9,Douglas-fir
202,29.0,154.5,9202.43,Douglas-fir
202,29.2,167.0,10018.54,Douglas-fir
202,29.7,175.0,10772.23,Douglas-fir
202,30.2,179.5,11345.83,Douglas-fir
202,30.3,176.0,11201.52,Douglas-fir
202,30.5,172.5,11115.76,Douglas-fir
202,31.0,168.5,11176.32,Douglas-fir
202,32.2,187.0,13129.77,Douglas-fir
202,32.7,176.0,12735.05,Douglas-fir
202,33.5,184.5,13857.56,Douglas-fir
202,12.7,122.5,1746.36,Douglas-fir
202,14.2,118.5,2068.78,Douglas-fir
202,14.6,107.5,1976.08,Douglas-fir
202,16.0,128.0,2756.69,Douglas-fir
202,16.4,136.5,3063.66,Douglas-fir
202,17.0,138.5,3309.21,Douglas-fir
202,18.0,138.0,3644.39,Douglas-fir
202,18.7,136.5,3854.07,Douglas-fir
202,21.0,158.0,5417.22,Douglas-fir
202,21.2,149.0,5208.01,Douglas-fir
202,23.7,163.5,6886.91,Douglas-fir
202,25.1,158.5,7376.58,Douglas-fir
202,25.7,176.5,8497.15,Douglas-fir
202,27.4,153.0,8281.61,Douglas-fir
202,27.5,157.0,8539.06,Douglas-fir
202,28.1,178.5,9992.46,Douglas-fir
202,32.5,178.0,12738.0,Douglas-fir
202,33.0,177.5,13034.64,Douglas-fir
202,33.5,187.5,14066.52,Douglas-fir
202,34.2,174.5,13621.21,Douglas-fir
202,34.7,175.5,14031.08,Douglas-fir
202,37.5,188.0,17027.68,Douglas-fir
202,11.1,117.0,1301.13,Douglas-fir
202,16.4,142.0,3182.14,Douglas-fir
202,17.1,147.5,3551.22,Douglas-fir
202,17.5,157.5,3936.04,Douglas-fir
202,17.8,153.0,3944.58,Douglas-fir
202,18.0,137.0,3619.0,Douglas-fir
202,18.7,157.5,4418.47,Douglas-fir
202,19.0,152.5,4405.3,Douglas-fir
202,19.6,144.0,4401.86,Douglas-fir
202,20.3,152.5,4940.39,Douglas-fir
202,20.5,160.0,5258.88,Douglas-fir
202,20.9,167.5,5677.44,Douglas-fir
202,21.0,148.0,5090.83,Douglas-fir
202,21.4,162.5,5746.85,Douglas-fir
202,21.7,162.5,5886.18,Douglas-fir
202,22.2,158.0,5960.8,Douglas-fir
202,22.8,168.0,6612.1,Douglas-fir
202,23.5,170.5,7060.99,Douglas-fir
202,25.5,182.5,8650.77,Douglas-fir
202,26.0,182.5,8941.39,Douglas-fir
202,26.8,187.5,9653.68,Douglas-fir
202,27.0,196.0,10186.45,Douglas-fir
202,30.5,192.5,12310.79,Douglas-fir
202,8.3,95.5,597.67,Douglas-fir
202,9.7,117.5,1007.89,Douglas-fir
202,15.7,142.5,2956.46,Douglas-fir
202,16.0,136.0,2922.9,Douglas-fir
202,17.4,150.0,3720.18,Douglas-fir
202,17.8,157.5,4054.67,Douglas-fir
202,17.9,147.5,3846.78,Douglas-fir
202,18.0,133.5,3529.93,Douglas-fir
202,18.8,168.0,4740.01,Douglas-fir
202,19.2,142.5,4204.91,Douglas-fir
202,19.6,152.5,4649.36,Douglas-fir
202,19.7,162.5,4981.6,Douglas-fir
202,20.5,157.5,5181.04,Douglas-fir
202,21.0,159.0,5449.69,Douglas-fir
202,21.5,165.5,5894.02,Douglas-fir
202,22.2,166.0,6245.51,Douglas-fir
202,22.6,162.5,6311.77,Douglas-fir
202,23.5,177.5,7332.38,Douglas-fir
202,23.7,188.0,7849.01,Douglas-fir
202,25.7,182.5,8766.58,Douglas-fir
202,26.2,177.5,8826.79,Douglas-fir
202,27.2,193.0,10168.56,Douglas-fir
202,27.4,188.0,10048.02,Douglas-fir
202,13.2,128.0,1955.03,Douglas-fir
202,14.9,143.0,2703.65,Douglas-fir
202,16.5,127.5,2899.23,Douglas-fir
202,16.9,150.5,3546.18,Douglas-fir
202,17.4,140.5,3494.55,Douglas-fir
202,19.2,155.5,4569.91,Douglas-fir
202,19.2,134.5,3977.96,Douglas-fir
202,20.4,144.5,4733.0,Douglas-fir
202,21.1,160.0,5527.19,Douglas-fir
202,22.4,167.0,6378.41,Douglas-fir
202,22.5,157.0,6063.2,Douglas-fir
202,23.2,153.0,6235.72,Douglas-fir
202,23.9,165.0,7047.01,Douglas-fir
202,24.9,176.5,8051.49,Douglas-fir
202,26.5,180.0,9117.58,Douglas-fir
202,27.2,167.5,8909.02,Douglas-fir
202,27.7,168.5,9240.11,Douglas-fir
202,28.0,184.5,10243.14,Douglas-fir
202,29.3,173.5,10443.87,Douglas-fir
202,29.7,187.0,11458.96,Douglas-fir
202,30.0,173.0,10839.39,Douglas-fir
202,32.0,178.5,12442.82,Douglas-fir
202,33.5,184.5,13857.56,Douglas-fir
202,36.2,203.0,17232.22,Douglas-fir
202,38.7,212.5,20083.98,Douglas-fir
202,14.4,144.0,2561.01,Douglas-fir
202,14.5,129.0,2332.35,Douglas-fir
202,15.6,153.0,3128.54,Douglas-fir
202,16.2,140.0,3072.04,Douglas-fir
202,17.1,137.5,3320.2,Douglas-fir
202,18.0,152.5,4009.73,Douglas-fir
202,19.2,147.5,4345.85,Douglas-fir
202,19.7,165.0,5053.93,Douglas-fir
202,21.5,165.5,5894.02,Douglas-fir
202,22.2,161.0,6067.83,Douglas-fir
202,23.8,178.0,7512.94,Douglas-fir
202,23.9,155.5,6662.91,Douglas-fir
202,24.2,170.5,7424.38,Douglas-fir
202,25.9,158.5,7781.63,Douglas-fir
202,26.6,181.5,9247.42,Douglas-fir
202,27.1,173.0,9126.03,Douglas-fir
202,27.7,183.5,10007.17,Douglas-fir
202,28.7,194.5,11216.29,Douglas-fir
202,28.8,163.5,9594.51,Douglas-fir
202,29.7,181.0,11116.55,Douglas-fir
202,30.3,177.0,11260.94,Douglas-fir
202,30.4,175.0,11204.13,Douglas-fir
202,31.6,174.0,11895.38,Douglas-fir
202,32.4,190.5,13497.09,Douglas-fir
202,33.1,167.5,12409.82,Douglas-fir
202,6.8,72.5,287.37,Douglas-fir
202,7.7,85.5,454.53,Douglas-fir
202,8.5,92.0,605.57,Douglas-fir
202,8.6,93.0,627.28,Douglas-fir
202,8.9,82.5,597.17,Douglas-fir
202,9.4,101.0,816.14,Douglas-fir
202,10.0,95.0,867.61,Douglas-fir
202,11.4,92.5,1084.57,Douglas-fir
202,11.7,98.0,1205.76,Douglas-fir
202,13.0,113.0,1684.05,Douglas-fir
202,13.2,106.0,1625.84,Douglas-fir
202,14.5,114.5,2076.71,Douglas-fir
202,14.5,117.5,2129.9,Douglas-fir
202,15.0,119.0,2290.72,Douglas-fir
202,15.8,116.5,2460.19,Douglas-fir
202,16.5,120.5,2744.5,Douglas-fir
202,16.6,113.0,2605.08,Douglas-fir
202,17.5,133.0,3348.31,Douglas-fir
202,18.0,118.0,3131.83,Douglas-fir
202,18.5,133.0,3689.19,Douglas-fir
202,20.5,132.5,4392.03,Douglas-fir
202,20.7,132.5,4466.31,Douglas-fir
202,21.0,127.0,4395.04,Douglas-fir
202,21.7,131.5,4809.59,Douglas-fir
202,21.7,128.0,4686.02,Douglas-fir
202,24.5,123.0,5553.21,Douglas-fir
202,25.0,130.0,6063.73,Douglas-fir
202,9.4,88.2,713.13,Douglas-fir
202,9.8,84.0,737.39,Douglas-fir
202,10.5,100.0,1003.16,Douglas-fir
202,10.5,106.1,1063.64,Douglas-fir
202,11.0,104.5,1144.73,Douglas-fir
202,11.2,97.5,1105.65,Douglas-fir
202,12.1,113.7,1485.8,Douglas-fir
202,12.4,103.5,1416.91,Douglas-fir
202,13.3,116.4,1806.89,Douglas-fir
202,13.5,113.3,1807.89,Douglas-fir
202,14.2,100.2,1754.16,Douglas-fir
202,14.2,110.4,1930.2,Douglas-fir
202,14.5,112.0,2032.26,Douglas-fir
202,14.9,117.0,2226.48,Douglas-fir
202,15.3,112.6,2247.86,Douglas-fir
202,15.6,112.2,2318.44,Douglas-fir
202,15.7,121.7,2538.56,Douglas-fir
202,16.3,121.8,2714.42,Douglas-fir
202,16.9,107.8,2566.94,Douglas-fir
202,17.0,115.8,2782.17,Douglas-fir
202,17.4,122.3,3056.31,Douglas-fir
202,18.6,114.5,3220.05,Douglas-fir
202,18.7,118.5,3360.98,Douglas-fir
202,18.9,116.0,3353.32,Douglas-fir
202,19.0,128.2,3729.54,Douglas-fir
202,17.0,148.5,3537.64,Douglas-fir
202,19.2,164.0,4806.04,Douglas-fir
202,20.2,152.5,4898.4,Douglas-fir
202,21.2,149.0,5208.01,Douglas-fir
202,21.3,163.0,5717.25,Douglas-fir
202,21.8,165.0,6019.01,Douglas-fir
202,22.9,177.5,7014.72,Douglas-fir
202,25.6,168.0,8059.15,Douglas-fir
202,26.1,181.0,8930.95,Douglas-fir
202,26.3,190.0,9465.49,Douglas-fir
202,28.8,193.0,11201.88,Douglas-fir
202,31.0,201.0,13167.71,Douglas-fir
202,31.5,191.0,12904.14,Douglas-fir
202,32.4,207.0,14571.63,Douglas-fir
202,33.0,201.0,14626.3,Douglas-fir
202,35.3,203.0,16522.72,Douglas-fir
202,37.8,187.0,17170.36,Douglas-fir
202,38.6,211.0,19868.7,Douglas-fir
202,39.0,211.0,20212.1,Douglas-fir
202,17.6,140.7,3569.96,Douglas-fir
202,18.4,131.8,3622.73,Douglas-fir
202,18.5,143.2,3960.64,Douglas-fir
202,18.6,139.0,3885.47,Douglas-fir
202,19.1,128.5,3772.22,Douglas-fir
202,20.0,139.4,4418.98,Douglas-fir
202,20.1,141.8,4530.81,Douglas-fir
202,20.4,145.3,4758.04,Douglas-fir
202,21.0,140.5,4843.95,Douglas-fir
202,21.3,145.3,5125.96,Douglas-fir
202,21.5,139.0,4992.78,Douglas-fir
202,21.9,152.0,5613.01,Douglas-fir
202,22.3,145.8,5565.16,Douglas-fir
202,22.8,145.8,5781.09,Douglas-fir
202,22.9,141.3,5652.75,Douglas-fir
202,23.5,153.9,6410.05,Douglas-fir
202,24.5,151.7,6790.04,Douglas-fir
202,24.7,152.5,6919.44,Douglas-fir
202,25.2,143.5,6757.37,Douglas-fir
202,26.2,165.8,8279.92,Douglas-fir
202,27.5,162.8,8836.52,Douglas-fir
202,9.2,110.5,854.08,Douglas-fir
202,9.3,101.0,798.86,Douglas-fir
202,10.3,111.0,1071.6,Douglas-fir
202,10.5,103.0,1032.95,Douglas-fir
202,10.7,116.5,1208.68,Douglas-fir
202,12.1,126.5,1648.65,Douglas-fir
202,12.3,126.5,1699.16,Douglas-fir
202,12.7,112.5,1606.94,Douglas-fir
202,13.9,114.5,1925.29,Douglas-fir
202,14.2,125.0,2179.17,Douglas-fir
202,14.7,125.0,2318.17,Douglas-fir
202,15.4,125.0,2517.97,Douglas-fir
202,16.2,122.5,2700.16,Douglas-fir
202,16.6,141.0,3228.73,Douglas-fir
202,16.8,126.5,2969.74,Douglas-fir
202,17.0,137.0,3274.75,Douglas-fir
202,18.4,131.5,3614.77,Douglas-fir
202,19.1,138.0,4040.68,Douglas-fir
202,20.7,137.5,4628.33,Douglas-fir
202,21.0,141.0,4860.46,Douglas-fir
202,21.0,154.5,5303.35,Douglas-fir
202,1.9,21.0,6.52,Douglas-fir
202,2.9,25.0,17.79,Douglas-fir
202,3.0,22.0,19.3,Douglas-fir
202,3.0,23.0,19.3,Douglas-fir
202,3.0,25.0,19.3,Douglas-fir
202,4.0,36.0,38.57,Douglas-fir
202,4.1,24.5,40.94,Douglas-fir
202,4.3,37.0,45.93,Douglas-fir
202,4.4,37.5,48.55,Douglas-fir
202,4.6,32.5,54.06,Douglas-fir
202,4.8,37.5,59.93,Douglas-fir
202,4.9,34.0,62.99,Douglas-fir
202,5.0,30.0,44.68,Douglas-fir
202,5.7,35.0,83.8,Douglas-fir
202,5.9,37.0,98.49,Douglas-fir
202,6.1,36.5,106.93,Douglas-fir
202,6.4,39.5,132.14,Douglas-fir
202,6.5,38.0,132.23,Douglas-fir
202,7.2,40.0,179.19,Douglas-fir
202,7.3,39.0,180.24,Douglas-fir
202,8.0,39.0,221.11,Douglas-fir
202,5.2,64.5,111.94,Douglas-fir
202,5.3,67.0,125.29,Douglas-fir
202,6.3,65.0,210.87,Douglas-fir
202,7.3,71.0,333.73,Douglas-fir
202,7.6,77.5,399.88,Douglas-fir
202,9.0,77.0,569.84,Douglas-fir
202,9.6,77.5,652.8,Douglas-fir
202,9.9,87.0,779.18,Douglas-fir
202,11.2,90.5,1026.51,Douglas-fir
202,11.6,92.5,1120.35,Douglas-fir
202,11.6,87.0,1053.7,Douglas-fir
202,13.5,92.5,1479.29,Douglas-fir
202,13.7,99.5,1633.35,Douglas-fir
202,13.8,95.5,1588.81,Douglas-fir
202,14.8,100.5,1894.4,Douglas-fir
202,15.7,99.5,2083.05,Douglas-fir
202,15.8,102.5,2169.39,Douglas-fir
202,16.6,104.5,2412.41,Douglas-fir
202,18.4,107.5,2970.58,Douglas-fir
202,19.0,107.5,3141.32,Douglas-fir
202,14.8,121.3,2278.78,Douglas-fir
202,21.0,175.0,5964.81,Douglas-fir
202,21.6,173.0,6194.15,Douglas-fir
202,22.1,154.0,5772.67,Douglas-fir
202,23.2,181.0,7304.97,Douglas-fir
202,24.0,170.0,7299.68,Douglas-fir
202,25.4,148.0,7053.63,Douglas-fir
202,26.0,173.0,8505.6,Douglas-fir
202,26.2,160.7,8039.64,Douglas-fir
202,26.4,145.7,7421.64,Douglas-fir
202,27.6,175.0,9515.31,Douglas-fir
202,28.6,183.0,10537.03,Douglas-fir
202,30.5,188.0,12043.83,Douglas-fir
202,30.6,188.8,12158.25,Douglas-fir
202,31.5,161.0,11000.89,Douglas-fir
202,32.1,173.5,12180.93,Douglas-fir
202,32.8,194.0,14012.07,Douglas-fir
202,32.9,185.0,13477.49,Douglas-fir
202,33.7,203.0,15288.81,Douglas-fir
202,33.9,183.4,14057.8,Douglas-fir
202,36.5,196.0,16915.9,Douglas-fir
202,42.0,195.5,21311.6,Douglas-fir
202,42.0,211.0,22855.4,Douglas-fir
202,14.0,111.0,1891.76,Douglas-fir
202,21.0,153.2,5260.95,Douglas-fir
202,23.2,167.9,6808.3,Douglas-fir
202,23.8,145.7,6218.23,Douglas-fir
202,25.2,183.0,8499.8,Douglas-fir
202,25.5,155.7,7451.32,Douglas-fir
202,26.0,168.0,8274.65,Douglas-fir
202,26.0,181.0,8872.84,Douglas-fir
202,27.0,175.6,9196.49,Douglas-fir
202,27.8,193.0,10551.64,Douglas-fir
202,28.0,160.3,8978.7,Douglas-fir
202,28.4,183.0,10412.66,Douglas-fir
202,29.4,178.0,10758.58,Douglas-fir
202,30.0,193.0,12001.25,Douglas-fir
202,30.8,183.0,11941.25,Douglas-fir
202,31.2,177.7,11874.01,Douglas-fir
202,31.7,179.7,12323.96,Douglas-fir
202,32.8,184.0,13341.46,Douglas-fir
202,34.5,184.0,14521.1,Douglas-fir
202,34.6,192.5,15215.03,Douglas-fir
202,36.6,208.5,17986.9,Douglas-fir
202,37.2,185.3,16577.61,Douglas-fir
202,44.6,200.5,24089.48,Douglas-fir
202,17.8,165.0,4237.05,Douglas-fir
202,19.7,167.0,5111.65,Douglas-fir
202,20.8,168.0,5646.5,Douglas-fir
202,21.6,174.0,6227.73,Douglas-fir
202,21.7,183.7,6604.0,Douglas-fir
202,23.4,187.3,7653.23,Douglas-fir
202,24.1,173.0,7473.44,Douglas-fir
202,24.5,182.5,8080.51,Douglas-fir
202,24.7,192.0,8589.26,Douglas-fir
202,25.5,182.0,8628.67,Douglas-fir
202,27.4,178.0,9549.24,Douglas-fir
202,27.5,200.2,10716.21,Douglas-fir
202,28.0,188.5,10449.4,Douglas-fir
202,30.2,180.0,11375.29,Douglas-fir
202,30.2,210.5,13146.88,Douglas-fir
202,32.5,216.6,15268.22,Douglas-fir
202,32.5,185.8,13256.49,Douglas-fir
202,32.7,210.0,14995.44,Douglas-fir
202,33.5,210.0,15615.65,Douglas-fir
202,34.0,217.6,16537.08,Douglas-fir
202,34.2,200.6,15500.05,Douglas-fir
202,36.0,218.7,18278.61,Douglas-fir
202,36.1,197.6,16732.54,Douglas-fir
202,38.5,211.5,19826.04,Douglas-fir
202,41.0,204.5,21341.28,Douglas-fir
202,44.0,214.0,25002.33,Douglas-fir
202,17.4,138.0,3434.82,Douglas-fir
202,18.7,148.4,4175.34,Douglas-fir
202,21.2,158.0,5506.44,Douglas-fir
202,21.6,176.6,6314.88,Douglas-fir
202,22.1,155.2,5815.35,Douglas-fir
202,22.8,178.6,7002.65,Douglas-fir
202,23.5,190.0,7812.5,Douglas-fir
202,24.3,210.2,9081.29,Douglas-fir
202,24.3,174.0,7620.76,Douglas-fir
202,25.0,191.3,8738.24,Douglas-fir
202,26.5,200.6,10082.07,Douglas-fir
202,27.0,183.5,9582.11,Douglas-fir
202,27.6,207.8,11158.63,Douglas-fir
202,29.0,179.0,10567.49,Douglas-fir
202,29.6,205.0,12404.08,Douglas-fir
202,30.0,201.5,12488.58,Douglas-fir
202,31.5,199.5,13433.94,Douglas-fir
202,32.5,203.5,14419.45,Douglas-fir
202,33.4,207.0,15333.9,Douglas-fir
202,33.6,193.0,14520.49,Douglas-fir
202,33.9,207.0,15720.41,Douglas-fir
202,36.2,204.5,17349.15,Douglas-fir
202,36.9,207.0,18113.11,Douglas-fir
202,38.2,209.9,19434.29,Douglas-fir
202,41.6,200.0,21419.7,Douglas-fir
202,13.4,122.0,1917.46,Douglas-fir
202,13.8,127.9,2116.8,Douglas-fir
202,14.4,127.1,2270.81,Douglas-fir
202,16.5,130.7,2969.61,Douglas-fir
202,17.2,136.2,3323.77,Douglas-fir
202,17.8,148.7,3838.92,Douglas-fir
202,18.6,141.3,3947.13,Douglas-fir
202,19.8,140.5,4375.63,Douglas-fir
202,21.3,147.0,5183.2,Douglas-fir
202,21.3,150.7,5307.44,Douglas-fir
202,26.0,163.2,8051.92,Douglas-fir
202,31.0,168.4,11170.1,Douglas-fir
202,34.5,154.9,12360.56,Douglas-fir
202,18.1,154.5,4099.11,Douglas-fir
202,18.1,146.5,3896.66,Douglas-fir
202,19.3,170.5,5030.39,Douglas-fir
202,19.6,173.9,5263.35,Douglas-fir
202,20.1,161.2,5118.9,Douglas-fir
202,21.9,170.0,6239.47,Douglas-fir
202,22.0,167.0,6184.05,Douglas-fir
202,22.6,171.4,6636.77,Douglas-fir
202,24.2,164.5,7178.31,Douglas-fir
202,24.5,174.8,7761.44,Douglas-fir
202,24.6,177.8,7941.04,Douglas-fir
202,29.1,178.6,10607.0,Douglas-fir
202,29.6,171.0,10481.74,Douglas-fir
202,12.0,117.6,1512.31,Douglas-fir
202,14.7,131.6,2436.62,Douglas-fir
202,15.4,137.2,2755.11,Douglas-fir
202,15.5,119.6,2439.89,Douglas-fir
202,17.5,138.2,3474.26,Douglas-fir
202,18.1,141.6,3771.85,Douglas-fir
202,18.4,133.9,3678.38,Douglas-fir
202,18.5,158.6,4365.3,Douglas-fir
202,19.2,143.4,4230.33,Douglas-fir
202,20.2,152.4,4895.35,Douglas-fir
202,20.2,130.5,4219.16,Douglas-fir
202,20.9,142.4,4866.43,Douglas-fir
202,23.7,155.3,6559.81,Douglas-fir
202,2.7,21.8,15.0,Douglas-fir
202,2.9,37.0,17.79,Douglas-fir
202,3.8,29.6,34.08,Douglas-fir
202,3.8,38.0,34.08,Douglas-fir
202,3.8,31.0,34.08,Douglas-fir
202,3.8,30.2,34.08,Douglas-fir
202,4.0,37.0,38.57,Douglas-fir
202,4.6,36.5,54.06,Douglas-fir
202,4.8,35.3,59.93,Douglas-fir
202,4.9,39.1,62.99,Douglas-fir
202,5.1,41.3,66.37,Douglas-fir
202,5.3,40.9,76.48,Douglas-fir
202,6.0,49.0,137.83,Douglas-fir
202,6.9,48.2,196.28,Douglas-fir
202,1.8,20.0,5.75,Douglas-fir
202,1.9,21.0,6.52,Douglas-fir
202,1.9,23.0,6.52,Douglas-fir
202,2.0,22.0,7.36,Douglas-fir
202,2.1,20.0,8.25,Douglas-fir
202,2.2,21.0,9.21,Douglas-fir
202,2.3,24.0,10.24,Douglas-fir
202,2.3,22.0,10.24,Douglas-fir
202,2.6,22.0,13.71,Douglas-fir
202,2.9,24.0,17.79,Douglas-fir
202,3.0,24.0,19.3,Douglas-fir
202,3.1,26.0,20.88,Douglas-fir
202,3.3,28.0,24.26,Douglas-fir
202,3.4,31.0,26.07,Douglas-fir
202,3.4,30.0,26.07,Douglas-fir
202,3.9,29.0,36.28,Douglas-fir
202,4.0,30.0,38.57,Douglas-fir
202,3.7,39.8,31.96,Douglas-fir
202,3.9,29.5,36.28,Douglas-fir
202,3.9,39.3,36.28,Douglas-fir
202,5.1,40.5,65.1,Douglas-fir
202,5.5,34.0,72.46,Douglas-fir
202,5.6,44.5,100.95,Douglas-fir
202,6.3,49.7,160.39,Douglas-fir
202,6.5,40.0,139.4,Douglas-fir
202,6.8,39.5,154.22,Douglas-fir
202,7.3,45.0,209.01,Douglas-fir
202,7.5,39.0,191.72,Douglas-fir
202,7.8,50.0,270.65,Douglas-fir
202,8.8,49.4,345.32,Douglas-fir
202,8.5,47.2,306.57,Douglas-fir
202,8.6,48.1,320.34,Douglas-fir
202,8.8,51.5,360.52,Douglas-fir
202,9.8,47.0,407.0,Douglas-fir
202,10.3,48.5,463.21,Douglas-fir
202,11.8,64.0,796.9,Douglas-fir
202,12.3,62.5,839.86,Douglas-fir
202,9.6,97.6,822.61,Douglas-fir
202,9.7,107.2,921.23,Douglas-fir
202,9.8,107.2,940.0,Douglas-fir
202,10.4,111.5,1096.55,Douglas-fir
202,11.4,120.1,1403.28,Douglas-fir
202,11.6,122.1,1473.09,Douglas-fir
202,12.1,106.6,1394.55,Douglas-fir
202,12.9,127.4,1866.56,Douglas-fir
202,13.1,108.1,1634.87,Douglas-fir
202,13.4,135.8,2127.09,Douglas-fir
202,13.9,116.8,1963.12,Douglas-fir
202,14.1,130.2,2238.44,Douglas-fir
202,14.5,137.2,2475.27,Douglas-fir
202,15.2,147.9,2892.84,Douglas-fir
202,15.6,136.9,2812.84,Douglas-fir
202,15.6,136.3,2800.98,Douglas-fir
202,16.0,136.8,2939.44,Douglas-fir
202,16.3,126.2,2809.62,Douglas-fir
202,18.0,135.0,3568.14,Douglas-fir
202,20.0,149.1,4712.58,Douglas-fir
202,8.4,77.7,498.55,Douglas-fir
202,8.5,67.0,439.69,Douglas-fir
202,9.1,78.0,590.42,Douglas-fir
202,9.5,93.6,772.86,Douglas-fir
202,9.7,90.6,779.61,Douglas-fir
202,10.3,81.0,783.06,Douglas-fir
202,10.3,101.0,976.35,Douglas-fir
202,11.2,87.4,991.3,Douglas-fir
202,11.2,109.0,1234.51,Douglas-fir
202,11.4,88.4,1036.5,Douglas-fir
202,12.3,99.0,1335.88,Douglas-fir
202,12.6,95.5,1347.15,Douglas-fir
202,12.9,90.5,1332.82,Douglas-fir
202,13.7,103.0,1690.22,Douglas-fir
202,13.7,112.6,1845.23,Douglas-fir
202,13.8,114.0,1892.33,Douglas-fir
202,15.2,115.0,2268.22,Douglas-fir
202,15.5,122.2,2491.54,Douglas-fir
202,16.8,126.0,2958.36,Douglas-fir
202,17.0,123.0,2950.6,Douglas-fir
202,17.0,114.2,2744.58,Douglas-fir
202,18.6,120.0,3370.79,Douglas-fir
202,26.4,138.0,7046.72,Douglas-fir
202,6.9,72.5,297.94,Douglas-fir
202,9.7,88.5,761.53,Douglas-fir
202,9.7,87.5,752.91,Douglas-fir
202,10.2,78.5,744.51,Douglas-fir
202,10.4,91.5,901.59,Douglas-fir
202,11.1,89.5,998.18,Douglas-fir
202,11.4,86.0,1008.28,Douglas-fir
202,11.5,100.0,1191.31,Douglas-fir
202,11.9,99.5,1263.17,Douglas-fir
202,11.9,90.0,1143.01,Douglas-fir
202,12.3,106.5,1435.95,Douglas-fir
202,12.6,88.0,1241.51,Douglas-fir
202,12.6,110.0,1549.33,Douglas-fir
202,12.8,111.5,1615.87,Douglas-fir
202,13.4,97.5,1538.06,Douglas-fir
202,13.7,93.0,1527.26,Douglas-fir
202,14.1,110.0,1899.12,Douglas-fir
202,14.2,102.5,1794.0,Douglas-fir
202,15.7,117.5,2453.12,Douglas-fir
202,15.7,122.0,2544.65,Douglas-fir
202,15.8,110.0,2325.65,Douglas-fir
202,3.0,26.6,19.3,Douglas-fir
202,3.3,32.0,24.26,Douglas-fir
202,3.4,29.0,26.07,Douglas-fir
202,3.8,27.3,34.08,Douglas-fir
202,4.2,36.3,43.39,Douglas-fir
202,4.3,36.7,45.93,Douglas-fir
202,4.4,42.0,48.55,Douglas-fir
202,5.0,34.5,51.13,Douglas-fir
202,5.2,39.0,67.82,Douglas-fir
202,5.3,41.0,76.67,Douglas-fir
202,5.7,37.6,90.1,Douglas-fir
202,5.9,42.3,112.89,Douglas-fir
202,6.3,42.4,136.26,Douglas-fir
202,6.5,47.4,166.0,Douglas-fir
202,6.6,44.5,161.8,Douglas-fir
202,6.8,43.9,171.98,Douglas-fir
202,6.9,45.2,183.69,Douglas-fir
202,7.3,48.5,225.83,Douglas-fir
202,7.7,48.8,256.51,Douglas-fir
202,7.8,58.5,318.18,Douglas-fir
202,8.0,56.0,321.52,Douglas-fir
202,8.1,56.0,330.27,Douglas-fir
202,4.2,52.0,43.39,Douglas-fir
202,4.4,61.5,48.55,Douglas-fir
202,4.6,49.0,54.06,Douglas-fir
202,5.4,52.0,104.23,Douglas-fir
202,5.8,74.9,191.08,Douglas-fir
202,6.2,66.5,206.47,Douglas-fir
202,6.8,73.0,289.37,Douglas-fir
202,7.3,77.0,362.26,Douglas-fir
202,8.0,86.0,497.38,Douglas-fir
202,8.0,71.0,409.91,Douglas-fir
202,8.5,79.5,523.06,Douglas-fir
202,8.9,79.0,571.63,Douglas-fir
202,9.0,87.0,644.41,Douglas-fir
202,9.5,75.0,618.51,Douglas-fir
202,10.0,90.0,822.04,Douglas-fir
202,10.0,89.5,817.48,Douglas-fir
202,10.6,89.3,912.6,Douglas-fir
202,11.0,78.5,860.02,Douglas-fir
202,11.5,89.7,1069.06,Douglas-fir
202,12.0,80.0,1031.3,Douglas-fir
202,12.1,89.0,1165.65,Douglas-fir
202,12.7,88.0,1259.58,Douglas-fir
202,13.0,90.0,1344.21,Douglas-fir
202,13.5,98.0,1566.8,Douglas-fir
202,15.4,93.6,1894.52,Douglas-fir
202,2.6,30.3,13.71,Douglas-fir
202,4.1,44.0,40.94,Douglas-fir
202,4.1,33.5,40.94,Douglas-fir
202,4.3,31.0,45.93,Douglas-fir
202,4.4,39.8,48.55,Douglas-fir
202,5.0,47.8,70.39,Douglas-fir
202,5.4,40.5,81.06,Douglas-fir
202,5.4,41.8,83.68,Douglas-fir
202,5.5,36.2,77.17,Douglas-fir
202,5.6,53.0,120.49,Douglas-fir
202,6.2,42.0,129.18,Douglas-fir
202,7.0,53.0,224.12,Douglas-fir
202,7.0,62.2,264.07,Douglas-fir
202,7.6,59.2,303.99,Douglas-fir
202,9.4,63.2,508.64,Douglas-fir
202,10.0,61.5,558.72,Douglas-fir
202,10.5,54.1,538.09,Douglas-fir
202,10.6,61.3,623.07,Douglas-fir
202,11.1,56.0,619.72,Douglas-fir
202,11.5,59.9,709.77,Douglas-fir
202,12.6,71.0,999.73,Douglas-fir
202,13.4,60.5,950.1,Douglas-fir
202,17.1,70.9,1725.44,Douglas-fir
202,2.4,29.5,11.33,Douglas-fir
202,3.5,31.0,27.95,Douglas-fir
202,3.5,33.0,27.95,Douglas-fir
202,4.0,29.0,38.57,Douglas-fir
202,4.1,38.0,40.94,Douglas-fir
202,4.1,46.0,40.94,Douglas-fir
202,4.4,35.0,48.55,Douglas-fir
202,4.6,43.5,54.06,Douglas-fir
202,4.6,39.0,54.06,Douglas-fir
202,4.9,48.5,62.99,Douglas-fir
202,5.6,44.5,100.95,Douglas-fir
202,5.6,48.0,109.0,Douglas-fir
202,5.7,39.0,93.5,Douglas-fir
202,6.6,59.0,216.13,Douglas-fir
202,6.7,51.0,193.41,Douglas-fir
202,7.1,51.0,222.85,Douglas-fir
202,7.8,63.5,346.08,Douglas-fir
202,8.0,58.0,333.34,Douglas-fir
202,8.4,61.0,389.63,Douglas-fir
202,8.9,66.5,479.87,Douglas-fir
202,9.4,56.5,453.31,Douglas-fir
202,9.4,54.5,436.78,Douglas-fir
202,10.0,67.5,614.57,Douglas-fir
202,10.0,56.5,512.08,Douglas-fir
202,10.5,66.0,659.95,Douglas-fir
202,11.0,59.0,642.79,Douglas-fir
202,11.0,64.0,698.69,Douglas-fir
202,11.8,62.0,771.43,Douglas-fir
202,12.7,66.5,948.92,Douglas-fir
202,2.2,26.8,9.21,Douglas-fir
202,3.1,27.4,20.88,Douglas-fir
202,3.5,27.5,27.95,Douglas-fir
202,4.3,30.7,45.93,Douglas-fir
202,4.5,31.3,51.26,Douglas-fir
202,4.6,33.0,54.06,Douglas-fir
202,5.7,36.7,87.92,Douglas-fir
202,5.9,39.0,103.91,Douglas-fir
202,6.6,39.3,142.36,Douglas-fir
202,9.1,47.5,355.02,Douglas-fir
202,11.5,113.5,1349.72,Douglas-fir
202,12.6,100.3,1414.39,Douglas-fir
202,13.8,118.3,1962.1,Douglas-fir
202,14.5,112.0,2032.26,Douglas-fir
202,14.6,128.8,2357.59,Douglas-fir
202,15.0,119.5,2300.11,Douglas-fir
202,16.0,128.6,2769.2,Douglas-fir
202,17.3,126.1,3116.86,Douglas-fir
202,17.3,133.0,3281.64,Douglas-fir
202,18.3,137.5,3737.86,Douglas-fir
202,19.3,134.1,4002.49,Douglas-fir
202,20.2,134.0,4328.19,Douglas-fir
202,20.6,131.7,4403.33,Douglas-fir
202,20.7,137.9,4641.25,Douglas-fir
202,22.0,146.5,5462.03,Douglas-fir
202,22.9,137.9,5522.38,Douglas-fir
202,24.0,145.2,6287.25,Douglas-fir
202,24.6,146.5,6614.27,Douglas-fir
202,24.8,151.3,6915.25,Douglas-fir
202,25.6,138.0,6686.79,Douglas-fir
202,26.0,146.9,7287.95,Douglas-fir
202,27.0,140.9,7468.35,Douglas-fir
202,28.2,154.2,8760.49,Douglas-fir
202,28.5,151.9,8792.93,Douglas-fir
202,29.3,142.9,8695.44,Douglas-fir
202,6.0,68.5,193.65,Douglas-fir
202,6.1,60.7,179.78,Douglas-fir
202,6.3,69.9,226.96,Douglas-fir
202,6.6,68.5,251.57,Douglas-fir
202,7.2,72.4,329.58,Douglas-fir
202,7.6,76.3,393.63,Douglas-fir
202,8.1,82.7,491.27,Douglas-fir
202,8.1,72.0,427.1,Douglas-fir
202,8.2,78.5,478.6,Douglas-fir
202,9.0,74.4,550.36,Douglas-fir
202,9.1,77.0,582.76,Douglas-fir
202,9.6,80.8,680.89,Douglas-fir
202,9.6,85.6,721.6,Douglas-fir
202,9.9,72.6,649.05,Douglas-fir
202,10.4,86.5,852.26,Douglas-fir
202,10.8,76.2,806.03,Douglas-fir
202,11.0,76.3,835.64,Douglas-fir
202,11.1,92.1,1027.16,Douglas-fir
202,12.2,77.8,1033.71,Douglas-fir
202,12.7,94.4,1351.08,Douglas-fir
202,13.1,94.6,1432.56,Douglas-fir
202,13.7,89.0,1461.67,Douglas-fir
202,13.8,100.5,1671.36,Douglas-fir
202,13.9,87.7,1478.39,Douglas-fir
202,14.6,95.5,1757.7,Douglas-fir
202,14.6,100.9,1856.27,Douglas-fir
202,15.1,90.6,1771.03,Douglas-fir
202,15.2,92.9,1837.27,Douglas-fir
202,15.3,96.7,1934.38,Douglas-fir
202,16.5,95.6,2185.71,Douglas-fir
202,18.5,101.5,2833.96,Douglas-fir
202,18.5,104.7,2921.97,Douglas-fir
202,18.6,93.9,2648.78,Douglas-fir
202,19.3,93.9,2824.88,Douglas-fir
202,20.6,100.9,3396.16,Douglas-fir
202,21.3,104.5,3724.41,Douglas-fir
202,22.9,96.3,3894.12,Douglas-fir
202,23.3,106.6,4432.81,Douglas-fir
117,13.4,58.4,657.96,sugar pine
117,21.0,106.0,2911.38,sugar pine
117,5.7,36.7,75.7,sugar pine
117,8.6,37.5,173.07,sugar pine
117,14.0,60.4,743.62,sugar pine
117,4.8,19.1,45.47,sugar pine
117,11.0,33.6,265.23,sugar pine
117,6.5,18.1,53.71,sugar pine
117,23.6,75.1,2683.2,sugar pine
117,21.0,86.9,2415.28,sugar pine
117,28.5,111.1,5699.04,sugar pine
117,15.3,88.2,1272.02,sugar pine
117,6.6,46.0,123.19,sugar pine
117,18.5,88.3,1887.15,sugar pine
117,19.1,90.1,2054.33,sugar pine
117,14.9,79.7,1094.73,sugar pine
117,16.7,77.4,1349.85,sugar pine
117,19.0,86.2,1949.62,sugar pine
117,13.7,70.5,819.8,sugar pine
117,22.0,102.2,3095.41,sugar pine
117,25.1,103.5,4107.73,sugar pine
117,25.0,109.3,4289.13,sugar pine
117,22.5,115.6,3642.6,sugar pine
117,14.9,98.0,1329.8,sugar pine
117,6.8,37.8,109.43,sugar pine
117,25.2,117.1,4653.67,sugar pine
117,14.1,94.3,1143.3,sugar pine
117,23.8,105.6,3752.91,sugar pine
117,15.3,73.8,1076.66,sugar pine
117,11.0,45.0,361.06,sugar pine
117,17.5,52.0,952.39,sugar pine
117,17.0,82.0,1478.12,sugar pine
117,13.7,52.3,623.25,sugar pine
117,21.3,81.4,2339.92,sugar pine
117,14.8,76.9,1044.04,sugar pine
131,5.0,27.5,34.15,loblolly pine
131,5.4,44.2,89.64,loblolly pine
131,2.2,16.7,9.11,loblolly pine
131,3.0,23.3,19.26,loblolly pine
131,7.2,63.1,269.5,loblolly pine
131,4.8,54.8,60.16,loblolly pine
131,5.3,26.7,40.48,loblolly pine
131,2.6,18.1,13.63,loblolly pine
131,4.6,33.0,54.26,loblolly pine
131,4.1,30.0,41.04,loblolly pine
131,3.8,37.6,34.14,loblolly pine
131,6.5,41.9,134.84,loblolly pine
131,5.3,27.5,42.53,loblolly pine
131,6.6,36.0,117.03,loblolly pine
131,9.4,58.2,438.53,loblolly pine
131,8.9,58.2,390.89,loblolly pine
131,5.1,41.9,71.1,loblolly pine
131,2.9,24.8,17.75,loblolly pine
131,10.7,56.2,553.86,loblolly pine
131,5.1,48.2,86.07,loblolly pine
131,8.1,48.3,262.44,loblolly pine
131,4.0,37.8,38.66,loblolly pine
131,4.9,22.5,63.24,loblolly pine
131,5.9,27.5,60.62,loblolly pine
131,5.7,41.6,95.77,loblolly pine
131,5.9,45.2,116.1,loblolly pine
131,5.7,41.6,95.77,loblolly pine
131,6.3,46.2,140.13,loblolly pine
131,7.0,57.8,230.28,loblolly pine
131,4.8,45.8,60.16,loblolly pine
131,5.7,37.1,82.56,loblolly pine
131,4.5,34.9,51.44,loblolly pine
131,3.6,32.4,29.95,loblolly pine
131,5.5,34.7,68.1,loblolly pine
131,5.4,33.3,60.78,loblolly pine
131,5.5,45.2,96.89,loblolly pine
131,3.7,35.9,32.0,loblolly pine
131,6.2,42.9,123.41,loblolly pine
131,3.2,29.5,22.52,loblolly pine
131,5.2,42.8,77.4,loblolly pine
131,7.7,44.9,216.75,loblolly pine
131,6.7,38.7,132.33,loblolly pine
131,4.4,32.9,48.71,loblolly pine
131,3.0,23.6,19.26,loblolly pine
131,6.2,33.6,91.36,loblolly pine
131,4.0,31.5,38.66,loblolly pine
131,6.1,39.6,107.47,loblolly pine
131,6.1,41.3,113.15,loblolly pine
131,4.1,34.6,41.04,loblolly pine
131,8.8,58.7,384.99,loblolly pine
131,7.3,51.7,224.0,loblolly pine
131,7.3,42.5,180.62,loblolly pine
131,6.2,50.7,150.29,loblolly pine
131,7.7,55.1,270.05,loblolly pine
131,4.5,33.8,51.44,loblolly pine
131,3.5,30.1,27.97,loblolly pine
131,7.0,41.9,161.12,loblolly pine
131,4.0,24.5,38.66,loblolly pine
131,2.9,17.0,17.75,loblolly pine
131,4.1,26.5,41.04,loblolly pine
131,4.0,25.7,38.66,loblolly pine
131,2.8,24.5,16.3,loblolly pine
131,5.4,35.6,66.87,loblolly pine
131,5.0,38.8,60.0,loblolly pine
131,1.8,12.9,5.63,loblolly pine
131,3.7,18.6,32.0,loblolly pine
131,7.0,44.5,172.43,loblolly pine
131,2.6,34.6,13.63,loblolly pine
131,3.6,29.4,29.95,loblolly pine
131,3.7,27.8,32.0,loblolly pine
131,5.5,32.2,61.25,loblolly pine
131,3.7,28.4,32.0,loblolly pine
131,6.0,31.6,77.08,loblolly pine
131,5.0,28.3,35.98,loblolly pine
131,5.0,29.4,38.5,loblolly pine
131,5.1,35.0,54.71,loblolly pine
131,5.8,41.6,100.26,loblolly pine
131,4.6,31.9,54.26,loblolly pine
131,10.6,59.8,577.65,loblolly pine
131,6.6,51.0,175.3,loblolly pine
131,3.1,32.6,20.85,loblolly pine
131,6.7,45.2,158.32,loblolly pine
131,5.5,34.4,67.28,loblolly pine
131,5.1,43.3,74.43,loblolly pine
131,3.0,35.3,19.26,loblolly pine
131,4.4,41.4,48.71,loblolly pine
131,5.4,40.6,80.11,loblolly pine
131,6.6,50.5,173.35,loblolly pine
131,3.7,36.8,32.0,loblolly pine
131,6.9,61.9,240.33,loblolly pine
131,5.0,50.0,85.63,loblolly pine
131,4.5,27.6,51.44,loblolly pine
131,4.4,28.4,48.71,loblolly pine
131,6.5,48.7,160.49,loblolly pine
131,4.5,38.9,51.44,loblolly pine
131,4.8,30.4,60.16,loblolly pine
131,5.2,33.2,53.73,loblolly pine
131,4.7,29.3,57.16,loblolly pine
131,5.5,41.6,87.02,loblolly pine
131,6.0,56.3,157.03,loblolly pine
131,3.4,36.4,26.08,loblolly pine
131,3.4,24.5,26.08,loblolly pine
131,5.8,33.2,74.77,loblolly pine
131,4.7,31.8,57.16,loblolly pine
131,6.4,36.2,108.93,loblolly pine
131,6.4,52.8,169.72,loblolly pine
131,3.5,38.8,27.97,loblolly pine
131,4.5,27.4,51.44,loblolly pine
131,3.6,21.5,29.95,loblolly pine
131,6.0,33.9,84.52,loblolly pine
131,2.0,20.9,7.25,loblolly pine
131,5.6,30.8,60.71,loblolly pine
131,3.4,25.2,26.08,loblolly pine
131,4.8,33.6,60.16,loblolly pine
131,3.9,26.5,36.36,loblolly pine
131,6.1,47.5,133.86,loblolly pine
131,3.7,28.5,32.0,loblolly pine
131,5.5,47.5,103.2,loblolly pine
131,7.5,51.8,238.46,loblolly pine
131,6.0,38.0,97.79,loblolly pine
131,6.3,38.9,114.19,loblolly pine
131,4.9,34.4,63.24,loblolly pine
131,4.7,37.2,57.16,loblolly pine
131,7.7,51.9,253.33,loblolly pine
131,6.9,49.3,187.02,loblolly pine
131,5.2,39.4,69.02,loblolly pine
131,3.7,35.8,32.0,loblolly pine
131,3.4,20.2,26.08,loblolly pine
131,3.4,23.2,26.08,loblolly pine
131,4.5,31.3,51.44,loblolly pine
131,4.9,33.0,63.24,loblolly pine
131,4.4,30.2,48.71,loblolly pine
131,3.3,22.5,24.26,loblolly pine
131,4.4,26.2,48.71,loblolly pine
131,2.5,17.9,12.4,loblolly pine
131,3.6,22.0,29.95,loblolly pine
131,4.2,25.4,43.51,loblolly pine
131,8.5,56.5,343.61,loblolly pine
131,6.9,53.8,206.06,loblolly pine
131,4.2,39.7,43.51,loblolly pine
131,3.9,37.5,36.36,loblolly pine
131,5.9,37.6,92.28,loblolly pine
131,3.6,30.2,29.95,loblolly pine
131,6.5,46.0,150.31,loblolly pine
131,4.3,44.9,46.07,loblolly pine
131,7.5,43.2,195.74,loblolly pine
131,7.3,45.7,195.71,loblolly pine
131,5.6,49.8,114.63,loblolly pine
131,4.1,46.9,41.04,loblolly pine
131,5.1,30.4,43.78,loblolly pine
131,3.3,25.3,24.26,loblolly pine
131,3.8,28.9,34.14,loblolly pine
131,2.9,23.3,17.75,loblolly pine
131,7.9,43.2,220.31,loblolly pine
131,5.3,42.5,80.86,loblolly pine
131,5.9,37.4,91.65,loblolly pine
131,3.9,27.6,36.36,loblolly pine
131,5.9,36.3,88.2,loblolly pine
131,3.4,32.5,26.08,loblolly pine
131,5.5,31.9,60.42,loblolly pine
131,2.8,27.0,16.3,loblolly pine
131,5.7,32.9,70.24,loblolly pine
131,5.0,29.2,38.04,loblolly pine
131,4.6,27.5,54.26,loblolly pine
131,3.7,19.3,32.0,loblolly pine
131,6.9,33.4,119.76,loblolly pine
131,4.6,30.1,54.26,loblolly pine
131,22.9,96.4,4349.14,loblolly pine
131,23.3,89.2,4179.59,loblolly pine
131,19.8,88.2,2982.69,loblolly pine
131,20.6,86.3,3162.5,loblolly pine
131,22.1,91.2,3839.75,loblolly pine
131,18.8,86.9,2649.95,loblolly pine
131,19.0,87.9,2736.83,loblolly pine
131,19.9,92.8,3164.21,loblolly pine
131,21.0,90.2,3429.52,loblolly pine
131,19.2,91.8,2914.41,loblolly pine
131,19.2,93.5,2966.49,loblolly pine
131,16.8,91.5,2222.83,loblolly pine
131,18.3,90.2,2602.39,loblolly pine
131,17.7,87.9,2374.07,loblolly pine
131,19.3,95.8,3068.72,loblolly pine
131,20.4,94.1,3370.47,loblolly pine
131,17.8,92.8,2530.37,loblolly pine
131,20.8,87.9,3281.82,loblolly pine
131,20.3,89.9,3193.84,loblolly pine
131,17.9,86.9,2401.51,loblolly pine
131,17.0,86.6,2158.08,loblolly pine
131,17.3,80.0,2070.52,loblolly pine
131,20.1,90.2,3141.1,loblolly pine
131,20.4,82.3,2963.09,loblolly pine
131,25.2,87.6,4807.84,loblolly pine
131,17.9,92.2,2542.93,loblolly pine
131,13.9,85.6,1424.01,loblolly pine
131,19.0,87.6,2727.83,loblolly pine
131,12.6,80.0,1093.6,loblolly pine
131,18.3,88.6,2557.8,loblolly pine
131,17.8,83.0,2271.74,loblolly pine
131,25.1,88.6,4821.6,loblolly pine
131,18.8,95.8,2911.52,loblolly pine
131,17.6,87.2,2329.16,loblolly pine
131,16.5,89.0,2087.11,loblolly pine
131,16.9,92.5,2273.27,loblolly pine
131,19.4,89.5,2903.68,loblolly pine
131,16.8,86.6,2107.41,loblolly pine
131,26.6,88.6,5417.55,loblolly pine
131,24.1,78.4,3954.38,loblolly pine
131,24.6,89.9,4695.69,loblolly pine
131,22.8,91.8,4113.37,loblolly pine
131,21.4,90.5,3573.17,loblolly pine
131,24.0,95.1,4716.13,loblolly pine
131,17.3,90.9,2342.49,loblolly pine
131,18.2,78.7,2256.88,loblolly pine
131,19.5,84.3,2769.53,loblolly pine
131,20.3,97.7,3460.53,loblolly pine
131,25.0,92.2,4968.83,loblolly pine
131,24.4,93.8,4811.14,loblolly pine
131,22.3,91.2,3909.76,loblolly pine
131,20.8,93.8,3493.47,loblolly pine
131,23.6,94.1,4513.83,loblolly pine
131,21.2,84.6,3286.77,loblolly pine
131,18.0,81.3,2277.44,loblolly pine
131,20.9,86.6,3266.48,loblolly pine
131,17.8,90.2,2461.75,loblolly pine
131,26.4,93.8,5634.83,loblolly pine
131,23.0,88.6,4046.06,loblolly pine
131,23.4,94.5,4455.56,loblolly pine
131,17.5,86.3,2279.71,loblolly pine
131,17.5,88.2,2328.2,loblolly pine
131,17.4,81.0,2119.88,loblolly pine
131,19.4,89.2,2894.3,loblolly pine
131,16.9,85.0,2094.54,loblolly pine
131,17.6,85.6,2287.87,loblolly pine
131,19.9,91.8,3131.34,loblolly pine
131,20.0,91.8,3162.96,loblolly pine
131,18.8,87.9,2679.34,loblolly pine
131,19.2,86.6,2755.11,loblolly pine
131,18.4,87.9,2566.19,loblolly pine
131,18.8,87.9,2679.34,loblolly pine
131,21.2,99.1,3826.83,loblolly pine
131,19.2,90.5,2874.59,loblolly pine
131,19.5,77.1,2542.12,loblolly pine
131,21.3,91.5,3577.36,loblolly pine
131,21.7,81.0,3303.85,loblolly pine
131,24.2,79.7,4050.33,loblolly pine
131,23.4,82.3,3903.35,loblolly pine
131,22.9,86.3,3911.08,loblolly pine
131,22.5,94.5,4118.64,loblolly pine
131,24.4,87.2,4486.65,loblolly pine
131,20.7,93.2,3438.56,loblolly pine
131,19.4,90.2,2925.57,loblolly pine
131,20.7,93.2,3438.56,loblolly pine
131,21.0,92.8,3524.56,loblolly pine
131,18.7,94.5,2842.77,loblolly pine
131,19.6,81.7,2715.17,loblolly pine
131,19.7,88.9,2975.1,loblolly pine
131,16.8,95.4,2314.68,loblolly pine
131,17.9,90.5,2497.57,loblolly pine
131,16.3,84.0,1925.68,loblolly pine
131,16.7,92.8,2226.63,loblolly pine
131,14.8,78.4,1483.25,loblolly pine
131,14.3,82.3,1450.97,loblolly pine
131,16.6,85.6,2034.35,loblolly pine
131,16.3,87.9,2012.24,loblolly pine
131,17.6,89.9,2398.85,loblolly pine
131,17.7,88.2,2381.9,loblolly pine
131,18.3,86.3,2493.7,loblolly pine
131,18.5,89.2,2631.27,loblolly pine
131,17.4,81.7,2137.55,loblolly pine
131,18.0,88.2,2463.58,loblolly pine
131,14.3,77.7,1372.01,loblolly pine
131,18.3,88.6,2557.8,loblolly pine
131,12.9,77.1,1106.1,loblolly pine
131,19.4,90.5,2934.95,loblolly pine
131,16.4,88.6,2052.82,loblolly pine
131,19.2,93.5,2966.49,loblolly pine
131,13.6,67.6,1082.83,loblolly pine
131,18.2,87.2,2491.24,loblolly pine
131,21.1,83.0,3196.67,loblolly pine
131,18.6,87.6,2613.83,loblolly pine
131,20.4,95.4,3415.35,loblolly pine
131,17.9,93.5,2577.62,loblolly pine
131,14.0,84.0,1418.34,loblolly pine
131,10.5,69.5,657.53,loblolly pine
131,10.4,85.6,793.12,loblolly pine
131,7.4,61.0,275.95,loblolly pine
131,16.0,90.2,1987.81,loblolly pine
131,8.7,76.8,495.49,loblolly pine
131,8.9,75.4,509.82,loblolly pine
131,15.7,86.3,1833.32,loblolly pine
131,17.6,92.8,2473.7,loblolly pine
131,14.5,88.9,1608.52,loblolly pine
131,15.1,83.0,1632.27,loblolly pine
131,17.0,86.9,2165.31,loblolly pine
131,16.3,87.6,2005.58,loblolly pine
131,15.9,88.2,1920.69,loblolly pine
131,14.5,80.4,1458.58,loblolly pine
131,13.8,77.7,1277.01,loblolly pine
131,5.6,40.0,86.82,loblolly pine
131,14.9,85.0,1626.3,loblolly pine
131,13.7,77.1,1248.95,loblolly pine
131,17.7,78.7,2133.95,loblolly pine
131,15.6,86.9,1822.16,loblolly pine
131,15.1,87.6,1720.13,loblolly pine
131,10.1,75.4,658.66,loblolly pine
131,15.0,79.4,1542.74,loblolly pine
131,11.0,76.1,790.85,loblolly pine
131,18.3,88.9,2566.16,loblolly pine
131,16.6,90.5,2147.07,loblolly pine
131,14.4,79.7,1426.22,loblolly pine
131,12.2,76.8,984.36,loblolly pine
131,11.5,76.1,865.51,loblolly pine
131,14.4,83.6,1494.09,loblolly pine
131,14.9,85.0,1626.3,loblolly pine
131,12.8,76.1,1075.03,loblolly pine
131,14.2,81.3,1413.69,loblolly pine
131,9.8,60.7,498.68,loblolly pine
131,17.9,88.2,2436.2,loblolly pine
131,15.6,79.0,1661.31,loblolly pine
131,8.4,61.7,367.13,loblolly pine
131,9.9,56.7,475.78,loblolly pine
131,11.5,78.7,894.65,loblolly pine
131,9.2,74.5,537.65,loblolly pine
131,16.0,90.2,1987.81,loblolly pine
131,12.9,69.5,999.49,loblolly pine
131,16.0,74.1,1643.28,loblolly pine
131,13.5,81.7,1282.97,loblolly pine
131,16.5,89.9,2107.57,loblolly pine
131,15.1,77.4,1525.32,loblolly pine
131,16.7,87.2,2096.28,loblolly pine
131,11.9,65.6,801.8,loblolly pine
131,7.2,59.4,252.51,loblolly pine
131,17.1,85.0,2144.61,loblolly pine
131,14.1,79.7,1367.0,loblolly pine
131,9.9,80.0,670.81,loblolly pine
131,17.1,82.3,2078.77,loblolly pine
131,16.2,91.5,2066.48,loblolly pine
131,9.3,72.2,532.66,loblolly pine
131,14.5,81.3,1474.46,loblolly pine
131,14.5,87.9,1590.88,loblolly pine
131,15.4,82.0,1678.28,loblolly pine
131,13.0,77.1,1123.49,loblolly pine
131,13.4,81.0,1253.31,loblolly pine
131,11.1,74.1,784.6,loblolly pine
131,5.5,61.0,140.22,loblolly pine
131,6.5,62.3,211.8,loblolly pine
131,11.7,78.7,926.43,loblolly pine
131,13.1,80.4,1188.72,loblolly pine
131,14.1,80.4,1378.69,loblolly pine
131,7.6,67.2,324.05,loblolly pine
131,18.4,95.4,2777.47,loblolly pine
131,22.6,86.6,3821.58,loblolly pine
131,25.1,87.6,4769.61,loblolly pine
131,24.0,96.2,4768.48,loblolly pine
131,23.2,95.1,4406.24,loblolly pine
131,20.2,91.8,3226.69,loblolly pine
131,17.9,89.2,2462.88,loblolly pine
131,21.5,89.2,3556.96,loblolly pine
131,20.2,88.6,3118.34,loblolly pine
131,19.5,87.9,2883.24,loblolly pine
131,16.8,88.2,2145.1,loblolly pine
131,18.2,90.2,2573.95,loblolly pine
131,17.1,93.5,2351.91,loblolly pine
131,15.6,90.5,1895.46,loblolly pine
131,15.3,87.6,1766.19,loblolly pine
131,7.9,57.1,296.62,loblolly pine
131,8.4,64.8,386.29,loblolly pine
131,6.8,47.4,173.01,loblolly pine
131,6.2,43.8,126.51,loblolly pine
131,6.5,50.0,165.4,loblolly pine
131,8.4,50.9,300.37,loblolly pine
131,7.8,51.8,260.12,loblolly pine
131,7.4,49.5,220.29,loblolly pine
131,8.2,52.0,291.47,loblolly pine
131,6.2,49.6,146.5,loblolly pine
131,7.0,48.7,190.7,loblolly pine
131,7.7,50.2,244.45,loblolly pine
131,6.1,34.2,89.43,loblolly pine
131,6.5,36.6,114.84,loblolly pine
131,6.6,35.0,113.14,loblolly pine
131,6.5,39.0,123.9,loblolly pine
131,8.2,50.2,280.85,loblolly pine
131,8.3,51.3,295.04,loblolly pine
131,6.7,45.5,159.52,loblolly pine
131,6.9,41.9,155.72,loblolly pine
131,5.9,40.5,101.37,loblolly pine
131,7.2,44.6,184.56,loblolly pine
131,6.0,43.0,113.98,loblolly pine
131,7.3,46.7,200.43,loblolly pine
131,5.5,38.0,77.15,loblolly pine
131,6.2,46.6,136.16,loblolly pine
131,7.0,47.4,185.04,loblolly pine
131,6.7,44.5,155.52,loblolly pine
131,5.6,44.0,98.17,loblolly pine
131,5.3,40.8,76.52,loblolly pine
131,7.0,44.7,173.3,loblolly pine
131,7.0,45.1,175.04,loblolly pine
131,5.4,39.5,77.19,loblolly pine
131,5.9,37.3,91.34,loblolly pine
131,7.1,44.4,177.78,loblolly pine
131,7.2,54.0,227.72,loblolly pine
131,6.6,57.0,198.6,loblolly pine
131,6.2,54.5,163.39,loblolly pine
131,7.1,50.0,202.81,loblolly pine
131,5.4,38.0,73.22,loblolly pine
131,4.8,41.0,60.16,loblolly pine
131,6.7,47.0,165.52,loblolly pine
131,6.2,57.0,172.0,loblolly pine
131,7.8,51.3,257.44,loblolly pine
131,8.9,53.4,357.7,loblolly pine
131,6.4,38.0,115.52,loblolly pine
131,5.6,41.5,91.08,loblolly pine
131,6.4,44.9,140.79,loblolly pine
131,7.2,39.4,160.68,loblolly pine
131,7.6,48.0,226.22,loblolly pine
131,7.8,45.5,226.37,loblolly pine
131,6.2,41.3,117.9,loblolly pine
131,7.9,42.0,213.72,loblolly pine
131,7.0,43.0,165.91,loblolly pine
131,6.5,44.0,142.76,loblolly pine
131,6.8,42.0,150.8,loblolly pine
131,6.4,40.0,122.85,loblolly pine
131,7.0,49.0,192.0,loblolly pine
131,6.2,48.0,140.99,loblolly pine
131,6.1,40.6,110.81,loblolly pine
131,6.2,41.0,116.86,loblolly pine
131,6.4,46.0,144.82,loblolly pine
131,8.2,47.0,261.97,loblolly pine
131,6.9,49.5,187.87,loblolly pine
131,6.8,48.6,177.95,loblolly pine
131,6.6,43.5,146.16,loblolly pine
131,6.5,45.3,147.67,loblolly pine
131,7.1,58.2,239.46,loblolly pine
131,7.2,62.2,265.37,loblolly pine
131,6.7,51.6,183.91,loblolly pine
131,6.7,51.1,181.91,loblolly pine
131,7.1,50.3,204.15,loblolly pine
131,5.7,42.2,97.53,loblolly pine
131,7.3,49.9,215.51,loblolly pine
131,5.3,44.2,85.2,loblolly pine
131,6.3,37.2,108.15,loblolly pine
131,7.2,40.1,163.9,loblolly pine
131,6.9,44.2,165.45,loblolly pine
131,5.7,40.2,91.66,loblolly pine
131,5.6,42.2,93.06,loblolly pine
131,7.0,45.8,178.09,loblolly pine
131,5.2,41.4,73.95,loblolly pine
131,7.7,45.8,221.45,loblolly pine
131,7.6,43.8,204.82,loblolly pine
131,5.5,41.8,87.57,loblolly pine
131,4.6,40.7,54.26,loblolly pine
131,8.6,47.8,296.06,loblolly pine
131,6.8,40.7,145.45,loblolly pine
131,6.7,42.6,147.93,loblolly pine
131,8.3,52.1,299.88,loblolly pine
131,6.3,43.7,131.24,loblolly pine
131,6.6,41.6,138.78,loblolly pine
131,7.9,44.1,225.25,loblolly pine
131,5.8,49.4,123.92,loblolly pine
131,8.5,49.9,301.87,loblolly pine
131,7.2,48.6,202.92,loblolly pine
131,6.2,45.7,133.06,loblolly pine
131,6.2,49.7,146.84,loblolly pine
131,6.1,45.5,127.18,loblolly pine
131,5.5,42.5,89.49,loblolly pine
131,6.3,44.5,134.09,loblolly pine
131,6.3,41.0,121.65,loblolly pine
131,6.5,43.0,138.99,loblolly pine
131,6.0,34.0,84.85,loblolly pine
131,6.4,38.0,115.52,loblolly pine
131,7.0,37.0,139.81,loblolly pine
131,6.2,41.0,116.86,loblolly pine
131,4.5,35.2,51.44,loblolly pine
131,3.7,34.0,32.0,loblolly pine
131,4.9,36.5,63.24,loblolly pine
131,2.4,28.0,11.24,loblolly pine
131,3.5,29.8,27.97,loblolly pine
131,4.0,27.8,38.66,loblolly pine
131,5.6,34.2,70.36,loblolly pine
131,5.5,39.7,81.81,loblolly pine
131,6.0,41.5,109.12,loblolly pine
131,5.3,36.7,66.04,loblolly pine
131,6.5,38.9,123.52,loblolly pine
131,4.6,33.9,54.26,loblolly pine
131,4.3,32.0,46.07,loblolly pine
131,5.5,39.5,81.26,loblolly pine
131,5.4,38.8,75.34,loblolly pine
131,8.0,49.2,260.39,loblolly pine
131,5.3,38.6,70.89,loblolly pine
131,5.7,44.8,105.16,loblolly pine
131,5.0,39.6,61.83,loblolly pine
131,6.5,48.6,160.12,loblolly pine
131,6.9,52.4,200.14,loblolly pine
131,7.8,54.1,272.44,loblolly pine
131,8.0,52.6,279.52,loblolly pine
131,6.3,44.1,132.67,loblolly pine
131,4.7,37.8,57.16,loblolly pine
131,5.7,42.5,98.41,loblolly pine
131,6.4,41.7,129.07,loblolly pine
131,6.3,44.6,134.44,loblolly pine
131,8.8,46.4,301.78,loblolly pine
131,5.8,44.1,107.84,loblolly pine
131,5.7,43.2,100.47,loblolly pine
131,9.4,49.5,372.68,loblolly pine
131,6.8,43.4,156.56,loblolly pine
131,6.9,46.4,174.76,loblolly pine
131,8.1,46.5,252.07,loblolly pine
131,6.0,35.4,89.38,loblolly pine
131,9.3,42.9,315.44,loblolly pine
131,7.8,49.1,245.66,loblolly pine
131,6.6,45.0,151.99,loblolly pine
131,7.1,43.0,171.52,loblolly pine
131,7.4,46.8,207.22,loblolly pine
131,6.8,45.0,163.14,loblolly pine
131,5.6,47.1,106.97,loblolly pine
131,7.3,46.5,199.48,loblolly pine
131,5.6,40.0,86.82,loblolly pine
131,5.0,36.8,55.43,loblolly pine
131,5.1,37.0,59.46,loblolly pine
131,7.5,44.0,199.71,loblolly pine
131,6.0,41.7,109.77,loblolly pine
131,5.5,38.5,78.52,loblolly pine
131,7.8,43.9,217.8,loblolly pine
131,6.3,37.7,109.92,loblolly pine
131,4.3,38.6,46.07,loblolly pine
131,6.9,35.0,126.53,loblolly pine
131,6.4,53.8,173.39,loblolly pine
131,8.6,37.2,227.47,loblolly pine
131,4.5,33.6,51.44,loblolly pine
131,7.6,47.5,223.68,loblolly pine
131,9.5,56.7,436.69,loblolly pine
131,8.8,58.2,381.61,loblolly pine
131,8.0,53.9,286.84,loblolly pine
131,9.0,51.2,351.82,loblolly pine
131,4.5,44.8,51.44,loblolly pine
131,5.5,42.6,89.76,loblolly pine
131,6.4,31.5,91.72,loblolly pine
131,4.1,36.4,41.04,loblolly pine
131,4.7,29.2,57.16,loblolly pine
131,13.5,72.8,1146.5,loblolly pine
131,12.2,78.9,1010.78,loblolly pine
131,8.5,66.8,408.76,loblolly pine
131,11.4,72.4,809.55,loblolly pine
131,12.2,70.2,901.35,loblolly pine
131,10.2,68.1,607.27,loblolly pine
131,7.8,55.2,278.33,loblolly pine
131,7.1,48.1,194.32,loblolly pine
131,4.8,43.2,60.16,loblolly pine
131,7.1,46.5,187.17,loblolly pine
131,6.0,44.0,117.21,loblolly pine
131,7.7,51.2,249.67,loblolly pine
131,5.0,41.8,66.87,loblolly pine
131,6.7,47.4,167.12,loblolly pine
131,4.6,39.4,54.26,loblolly pine
131,7.2,42.8,176.29,loblolly pine
131,6.4,42.6,132.37,loblolly pine
131,6.1,51.8,148.23,loblolly pine
131,8.3,45.2,258.2,loblolly pine
131,9.3,58.3,429.61,loblolly pine
131,10.3,58.4,531.82,loblolly pine
131,6.5,61.2,207.65,loblolly pine
131,10.0,51.2,438.85,loblolly pine
131,5.6,47.2,107.25,loblolly pine
131,7.7,48.2,233.99,loblolly pine
131,9.8,64.1,526.59,loblolly pine
131,9.0,58.3,401.21,loblolly pine
131,9.4,64.5,486.21,loblolly pine
131,9.0,65.0,447.82,loblolly pine
131,8.1,38.6,206.55,loblolly pine
131,7.4,40.1,174.79,loblolly pine
131,5.4,40.1,78.78,loblolly pine
131,6.9,43.7,163.33,loblolly pine
131,3.3,39.5,24.26,loblolly pine
131,7.6,47.9,225.71,loblolly pine
131,7.8,48.4,241.91,loblolly pine
131,3.2,44.5,22.52,loblolly pine
131,6.9,66.3,258.95,loblolly pine
131,7.8,51.2,256.91,loblolly pine
131,6.0,64.3,182.92,loblolly pine
131,7.0,49.0,192.0,loblolly pine
131,3.7,43.5,32.0,loblolly pine
131,8.0,66.4,357.15,loblolly pine
131,9.9,73.1,613.06,loblolly pine
131,11.4,74.0,827.18,loblolly pine
131,9.5,70.1,540.22,loblolly pine
131,7.3,42.7,181.57,loblolly pine
131,9.9,66.0,553.62,loblolly pine
131,11.0,63.6,662.39,loblolly pine
131,4.8,33.0,60.16,loblolly pine
131,7.3,63.0,277.28,loblolly pine
131,5.7,40.6,92.84,loblolly pine
131,7.7,65.0,321.78,loblolly pine
131,4.0,43.9,38.66,loblolly pine
131,5.9,35.6,86.01,loblolly pine
131,7.6,59.0,282.27,loblolly pine
131,5.2,34.1,55.95,loblolly pine
131,9.4,64.0,482.43,loblolly pine
131,5.8,36.8,85.69,loblolly pine
131,6.2,52.4,156.15,loblolly pine
131,8.2,56.5,318.02,loblolly pine
131,8.8,51.4,335.61,loblolly pine
131,6.3,48.3,147.59,loblolly pine
131,6.5,53.8,179.73,loblolly pine
131,8.4,58.7,348.58,loblolly pine
131,6.7,50.2,178.31,loblolly pine
131,5.6,50.0,115.2,loblolly pine
131,8.0,55.0,293.02,loblolly pine
131,7.2,68.0,292.0,loblolly pine
131,4.8,48.0,60.16,loblolly pine
131,6.5,74.0,255.94,loblolly pine
131,10.9,66.0,674.35,loblolly pine
131,7.8,70.0,357.62,loblolly pine
131,6.9,52.3,199.72,loblolly pine
131,5.6,48.8,111.79,loblolly pine
131,7.9,51.9,268.07,loblolly pine
131,8.1,46.1,249.77,loblolly pine
131,6.1,39.6,107.47,loblolly pine
131,5.9,47.8,124.25,loblolly pine
131,5.4,44.0,89.11,loblolly pine
131,8.7,51.6,328.76,loblolly pine
131,6.0,33.2,82.26,loblolly pine
131,4.8,27.2,60.16,loblolly pine
131,6.4,36.4,109.66,loblolly pine
131,4.6,32.9,54.26,loblolly pine
131,5.5,33.9,65.91,loblolly pine
131,5.7,36.3,80.22,loblolly pine
131,7.0,37.2,140.68,loblolly pine
131,4.4,35.1,48.71,loblolly pine
131,10.5,68.0,643.45,loblolly pine
131,7.1,44.4,177.78,loblolly pine
131,10.7,68.0,668.76,loblolly pine
131,6.5,36.9,115.98,loblolly pine
131,7.5,64.0,299.05,loblolly pine
131,8.3,56.0,323.43,loblolly pine
131,6.9,39.2,144.29,loblolly pine
131,6.9,38.5,141.33,loblolly pine
131,5.2,28.7,42.64,loblolly pine
131,4.4,23.5,48.71,loblolly pine
131,3.5,25.0,27.97,loblolly pine
131,4.2,27.5,43.51,loblolly pine
131,4.5,26.1,51.44,loblolly pine
131,3.7,22.8,32.0,loblolly pine
131,3.5,22.3,27.97,loblolly pine
131,3.8,21.4,34.14,loblolly pine
131,2.9,19.7,17.75,loblolly pine
131,7.0,61.5,246.37,loblolly pine
131,8.8,63.2,415.43,loblolly pine
131,5.6,48.9,112.07,loblolly pine
131,5.2,37.0,63.1,loblolly pine
131,3.7,26.8,32.0,loblolly pine
131,5.6,35.2,73.2,loblolly pine
131,5.3,51.8,104.63,loblolly pine
131,8.1,55.2,302.2,loblolly pine
131,5.0,36.0,53.6,loblolly pine
131,6.8,32.5,111.72,loblolly pine
131,9.5,54.1,416.61,loblolly pine
131,6.6,44.4,149.66,loblolly pine
131,5.3,26.9,40.99,loblolly pine
131,9.2,58.3,420.04,loblolly pine
131,12.1,61.1,773.78,loblolly pine
131,4.5,47.2,51.44,loblolly pine
131,8.9,58.0,389.51,loblolly pine
131,6.3,51.0,157.18,loblolly pine
131,4.8,48.7,60.16,loblolly pine
131,5.5,64.7,150.36,loblolly pine
131,11.3,65.6,721.53,loblolly pine
131,7.7,64.6,319.69,loblolly pine
131,5.0,52.7,91.81,loblolly pine
131,8.7,65.7,422.05,loblolly pine
131,9.1,58.5,412.0,loblolly pine
131,4.2,41.4,43.51,loblolly pine
131,7.3,53.0,230.13,loblolly pine
131,6.6,47.6,162.09,loblolly pine
131,3.9,43.2,36.36,loblolly pine
131,5.6,41.2,90.22,loblolly pine
131,7.8,44.5,221.01,loblolly pine
131,3.7,34.2,32.0,loblolly pine
131,7.8,36.0,175.48,loblolly pine
131,6.7,31.7,104.35,loblolly pine
131,7.6,67.9,327.62,loblolly pine
131,11.5,67.9,773.61,loblolly pine
131,9.5,64.3,495.41,loblolly pine
131,10.2,67.9,605.49,loblolly pine
131,10.3,69.8,634.89,loblolly pine
131,7.7,48.1,233.47,loblolly pine
131,11.6,63.1,732.66,loblolly pine
131,8.7,52.5,334.71,loblolly pine
131,6.5,49.3,162.76,loblolly pine
131,8.2,59.2,333.95,loblolly pine
131,5.0,43.8,71.44,loblolly pine
131,5.0,27.1,33.23,loblolly pine
131,8.2,55.5,312.12,loblolly pine
131,10.2,63.9,570.01,loblolly pine
131,9.8,61.2,502.79,loblolly pine
131,11.2,59.4,642.56,loblolly pine
131,6.4,33.3,98.31,loblolly pine
131,8.5,53.9,327.17,loblolly pine
131,5.0,31.9,44.22,loblolly pine
131,6.7,49.0,173.52,loblolly pine
131,5.8,45.1,110.88,loblolly pine
131,8.1,47.1,255.53,loblolly pine
131,9.8,53.0,435.49,loblolly pine
131,8.5,53.0,321.48,loblolly pine
131,8.1,60.5,332.74,loblolly pine
131,5.9,55.8,149.33,loblolly pine
131,8.5,55.9,339.82,loblolly pine
131,7.6,58.3,278.71,loblolly pine
131,6.0,46.4,124.98,loblolly pine
131,9.4,53.6,403.71,loblolly pine
131,7.7,46.6,225.63,loblolly pine
131,9.4,57.0,429.44,loblolly pine
131,6.9,56.8,218.75,loblolly pine
131,6.4,62.9,206.71,loblolly pine
131,7.3,59.5,260.78,loblolly pine
131,7.7,55.2,270.57,loblolly pine
131,10.2,60.6,540.73,loblolly pine
131,8.0,58.0,309.9,loblolly pine
131,8.0,46.0,242.39,loblolly pine
131,6.1,42.1,115.82,loblolly pine
131,8.3,49.7,285.38,loblolly pine
131,7.3,40.8,172.61,loblolly pine
131,6.0,41.3,108.48,loblolly pine
131,6.9,65.8,256.83,loblolly pine
131,9.2,68.3,492.64,loblolly pine
131,5.4,50.2,105.53,loblolly pine
131,8.4,73.2,438.22,loblolly pine
131,8.6,70.3,441.63,loblolly pine
131,10.2,60.9,543.39,loblolly pine
131,7.5,57.4,266.27,loblolly pine
131,9.2,69.7,502.8,loblolly pine
131,10.9,73.4,749.06,loblolly pine
131,7.1,53.6,218.9,loblolly pine
131,10.0,46.0,394.46,loblolly pine
131,6.1,39.8,108.14,loblolly pine
131,6.3,53.8,167.13,loblolly pine
131,4.7,33.4,57.16,loblolly pine
131,7.7,54.7,267.96,loblolly pine
131,7.9,56.2,291.68,loblolly pine
131,8.9,59.9,402.65,loblolly pine
131,9.4,54.8,412.79,loblolly pine
131,7.3,37.2,155.63,loblolly pine
131,5.0,36.5,54.74,loblolly pine
131,6.5,38.2,120.88,loblolly pine
131,10.1,55.7,487.21,loblolly pine
131,6.8,44.6,161.49,loblolly pine
131,5.6,47.9,109.24,loblolly pine
131,10.4,50.7,471.6,loblolly pine
131,6.7,50.5,179.51,loblolly pine
131,4.2,45.0,43.51,loblolly pine
131,7.0,57.5,228.97,loblolly pine
131,8.6,59.9,374.34,loblolly pine
131,7.0,57.9,230.71,loblolly pine
131,6.4,47.1,148.85,loblolly pine
131,5.2,42.4,76.41,loblolly pine
131,9.5,60.0,462.19,loblolly pine
131,7.6,59.8,286.35,loblolly pine
131,5.5,39.0,79.89,loblolly pine
131,6.0,42.9,113.65,loblolly pine
131,7.3,63.1,277.75,loblolly pine
131,8.0,50.7,268.83,loblolly pine
131,9.9,70.2,588.78,loblolly pine
131,5.8,45.1,110.88,loblolly pine
131,10.3,65.8,598.73,loblolly pine
131,13.4,69.8,1084.06,loblolly pine
131,6.9,46.3,174.33,loblolly pine
131,9.2,57.7,415.69,loblolly pine
131,11.6,62.9,730.38,loblolly pine
131,7.7,54.0,264.3,loblolly pine
131,8.5,50.2,303.77,loblolly pine
131,6.0,44.3,118.19,loblolly pine
131,10.0,48.5,415.8,loblolly pine
131,6.6,41.9,139.95,loblolly pine
131,5.8,42.1,101.77,loblolly pine
131,8.9,57.0,382.59,loblolly pine
131,8.5,51.0,308.83,loblolly pine
131,6.2,43.3,124.79,loblolly pine
131,9.2,50.0,359.79,loblolly pine
131,6.8,55.3,205.51,loblolly pine
131,7.0,51.0,200.7,loblolly pine
131,6.2,51.5,153.05,loblolly pine
131,6.1,48.7,137.87,loblolly pine
131,6.9,44.3,165.87,loblolly pine
131,5.5,44.0,93.6,loblolly pine
131,4.8,30.6,60.16,loblolly pine
131,5.7,26.9,52.63,loblolly pine
131,5.0,37.3,56.57,loblolly pine
131,6.0,34.1,85.17,loblolly pine
131,3.8,35.6,34.14,loblolly pine
131,8.0,60.7,325.09,loblolly pine
131,7.4,47.0,208.19,loblolly pine
131,5.8,31.4,69.31,loblolly pine
131,5.7,41.8,96.36,loblolly pine
131,5.4,27.4,45.15,loblolly pine
131,7.9,48.5,249.41,loblolly pine
131,8.3,60.0,347.6,loblolly pine
131,9.9,58.7,492.52,loblolly pine
131,3.5,26.2,27.97,loblolly pine
131,6.1,56.9,165.26,loblolly pine
131,4.6,45.0,54.26,loblolly pine
131,11.5,60.8,694.04,loblolly pine
131,6.7,54.4,195.11,loblolly pine
131,5.0,29.2,38.04,loblolly pine
131,10.0,59.7,511.4,loblolly pine
131,13.6,66.8,1070.39,loblolly pine
131,3.7,22.9,32.0,loblolly pine
131,3.3,28.0,24.26,loblolly pine
131,3.3,17.8,24.26,loblolly pine
131,4.1,31.9,41.04,loblolly pine
131,4.7,40.1,57.16,loblolly pine
131,4.8,31.2,60.16,loblolly pine
131,5.4,42.4,84.87,loblolly pine
131,5.9,42.0,106.07,loblolly pine
131,5.1,31.7,46.87,loblolly pine
131,4.8,30.1,60.16,loblolly pine
131,3.6,35.0,29.95,loblolly pine
131,6.1,45.0,125.51,loblolly pine
131,9.1,56.5,397.78,loblolly pine
131,7.2,45.9,190.53,loblolly pine
131,3.8,29.0,34.14,loblolly pine
131,5.3,29.4,47.38,loblolly pine
131,4.5,26.9,51.44,loblolly pine
131,7.0,63.4,254.63,loblolly pine
131,6.5,45.8,149.55,loblolly pine
131,6.5,56.9,191.43,loblolly pine
131,4.3,43.0,46.07,loblolly pine
131,7.6,64.7,311.32,loblolly pine
131,9.9,64.6,541.9,loblolly pine
131,7.1,68.9,287.28,loblolly pine
131,10.3,70.7,643.03,loblolly pine
131,6.9,50.5,192.1,loblolly pine
131,7.7,56.8,278.93,loblolly pine
131,11.2,70.2,757.52,loblolly pine
131,5.4,49.1,102.61,loblolly pine
131,7.4,53.7,240.61,loblolly pine
131,7.0,45.5,176.78,loblolly pine
131,8.3,69.9,407.4,loblolly pine
131,9.8,70.7,580.76,loblolly pine
131,14.2,71.8,1252.85,loblolly pine
131,7.9,63.8,333.41,loblolly pine
131,9.5,50.1,385.7,loblolly pine
131,8.1,47.1,255.53,loblolly pine
131,4.9,44.0,63.24,loblolly pine
131,6.6,32.3,102.65,loblolly pine
131,5.1,26.4,34.28,loblolly pine
131,4.2,30.0,43.51,loblolly pine
131,5.4,26.5,42.77,loblolly pine
131,7.7,52.7,257.51,loblolly pine
131,4.3,21.4,46.07,loblolly pine
131,6.7,49.6,175.92,loblolly pine
131,5.6,27.4,51.06,loblolly pine
131,8.6,51.0,316.76,loblolly pine
131,8.9,53.0,354.94,loblolly pine
131,11.1,50.0,532.53,loblolly pine
131,10.3,53.1,483.9,loblolly pine
131,5.3,60.9,127.88,loblolly pine
131,8.8,53.1,347.11,loblolly pine
131,5.7,45.5,107.22,loblolly pine
131,6.3,62.1,196.63,loblolly pine
131,6.4,49.8,158.74,loblolly pine
131,9.1,70.0,493.73,loblolly pine
131,7.2,65.4,280.06,loblolly pine
131,12.0,68.5,850.9,loblolly pine
131,8.9,72.0,486.31,loblolly pine
131,7.4,58.4,263.36,loblolly pine
131,8.6,55.7,347.17,loblolly pine
131,5.3,34.9,61.44,loblolly pine
131,8.6,60.6,378.87,loblolly pine
131,7.2,58.0,246.08,loblolly pine
131,6.6,38.8,127.9,loblolly pine
131,6.5,33.4,102.77,loblolly pine
131,5.0,28.3,35.98,loblolly pine
131,6.9,34.1,122.72,loblolly pine
131,5.2,30.1,46.09,loblolly pine
131,6.9,36.6,133.29,loblolly pine
131,6.6,33.1,105.76,loblolly pine
131,4.7,43.7,57.16,loblolly pine
131,4.3,32.6,46.07,loblolly pine
131,4.1,28.0,41.04,loblolly pine
131,6.3,33.0,93.22,loblolly pine
131,7.5,35.0,155.01,loblolly pine
131,9.8,63.8,524.13,loblolly pine
131,10.3,66.0,600.54,loblolly pine
131,4.4,42.0,48.71,loblolly pine
131,9.1,61.6,434.03,loblolly pine
131,6.2,59.0,178.89,loblolly pine
131,7.2,62.2,265.37,loblolly pine
131,5.4,53.0,112.94,loblolly pine
131,5.4,39.6,77.46,loblolly pine
131,4.5,33.8,51.44,loblolly pine
131,3.6,21.9,29.95,loblolly pine
131,6.6,41.6,138.78,loblolly pine
131,8.0,45.9,241.83,loblolly pine
131,7.6,41.3,192.08,loblolly pine
131,7.5,45.2,205.67,loblolly pine
131,4.8,36.7,60.16,loblolly pine
131,4.9,39.3,63.24,loblolly pine
131,2.4,12.9,11.24,loblolly pine
131,7.4,44.2,194.63,loblolly pine
131,4.4,37.7,48.71,loblolly pine
131,5.5,38.7,79.07,loblolly pine
131,8.3,59.1,342.16,loblolly pine
131,7.7,64.0,316.56,loblolly pine
131,4.3,36.9,46.07,loblolly pine
131,9.7,67.2,540.51,loblolly pine
131,5.3,43.4,83.16,loblolly pine
131,7.6,57.4,274.12,loblolly pine
131,7.6,64.1,308.26,loblolly pine
131,7.8,64.3,327.08,loblolly pine
131,4.5,40.0,51.44,loblolly pine
131,6.1,53.2,152.9,loblolly pine
131,9.2,53.5,385.2,loblolly pine
131,7.7,53.1,259.6,loblolly pine
131,8.2,53.2,298.55,loblolly pine
131,12.7,62.5,797.67,loblolly pine
131,12.2,57.4,739.77,loblolly pine
131,3.7,27.8,32.0,loblolly pine
131,10.0,56.9,478.81,loblolly pine
131,11.4,59.7,648.16,loblolly pine
131,13.1,58.1,836.24,loblolly pine
131,10.3,56.0,500.86,loblolly pine
131,4.3,27.9,46.07,loblolly pine
131,5.7,32.7,69.65,loblolly pine
131,8.6,41.4,254.65,loblolly pine
131,6.3,35.4,101.75,loblolly pine
131,5.3,37.6,68.34,loblolly pine
131,7.4,39.6,172.37,loblolly pine
131,7.9,75.1,395.45,loblolly pine
131,9.5,68.4,527.09,loblolly pine
131,10.9,55.7,570.37,loblolly pine
131,9.0,57.6,396.34,loblolly pine
131,8.8,56.0,366.72,loblolly pine
131,6.9,43.2,161.22,loblolly pine
131,7.2,42.5,174.92,loblolly pine
131,9.8,63.0,517.56,loblolly pine
131,9.4,66.4,500.59,loblolly pine
131,7.0,60.5,242.02,loblolly pine
131,4.0,37.9,38.66,loblolly pine
131,5.3,32.0,54.03,loblolly pine
131,8.5,38.8,231.66,loblolly pine
131,7.3,60.6,265.96,loblolly pine
131,11.3,60.6,667.38,loblolly pine
131,4.6,40.8,54.26,loblolly pine
131,8.8,62.1,407.99,loblolly pine
131,6.6,35.2,113.92,loblolly pine
131,13.9,64.5,1081.42,loblolly pine
131,9.7,62.7,504.31,loblolly pine
131,6.9,42.3,157.41,loblolly pine
131,9.4,67.6,509.68,loblolly pine
131,3.9,40.3,36.36,loblolly pine
131,9.6,52.7,414.78,loblolly pine
131,7.7,49.3,239.74,loblolly pine
131,4.9,45.0,63.24,loblolly pine
131,12.2,70.6,906.38,loblolly pine
131,4.2,39.9,43.51,loblolly pine
131,7.8,43.1,213.51,loblolly pine
131,8.8,62.1,407.99,loblolly pine
131,8.2,62.4,352.84,loblolly pine
131,10.4,59.6,553.59,loblolly pine
131,6.7,54.2,194.31,loblolly pine
131,6.7,41.4,143.13,loblolly pine
131,7.0,54.9,217.66,loblolly pine
131,5.3,38.5,70.64,loblolly pine
131,5.9,43.8,111.71,loblolly pine
131,7.3,50.0,215.98,loblolly pine
131,4.5,36.6,51.44,loblolly pine
131,5.3,33.3,57.35,loblolly pine
131,4.6,29.1,54.26,loblolly pine
131,7.3,51.4,222.59,loblolly pine
131,7.8,56.5,285.3,loblolly pine
131,8.2,48.5,270.82,loblolly pine
131,4.2,30.7,43.51,loblolly pine
131,4.5,30.1,51.44,loblolly pine
131,5.9,32.1,75.04,loblolly pine
131,5.2,48.5,91.45,loblolly pine
131,7.3,50.0,215.98,loblolly pine
131,7.2,46.0,190.99,loblolly pine
131,6.4,45.0,141.16,loblolly pine
131,7.5,47.1,215.11,loblolly pine
131,5.8,45.0,110.57,loblolly pine
131,6.4,43.7,136.4,loblolly pine
131,6.3,46.5,141.19,loblolly pine
131,5.9,32.7,76.92,loblolly pine
131,6.8,46.5,169.31,loblolly pine
131,6.7,50.5,179.51,loblolly pine
131,5.8,50.6,127.56,loblolly pine
131,7.2,48.4,202.01,loblolly pine
131,9.7,58.9,473.74,loblolly pine
131,6.7,61.5,223.5,loblolly pine
131,5.3,48.9,97.22,loblolly pine
131,7.8,67.5,344.23,loblolly pine
131,9.1,63.9,450.38,loblolly pine
131,6.7,54.0,193.51,loblolly pine
131,6.5,40.0,127.67,loblolly pine
131,4.6,38.9,54.26,loblolly pine
131,9.8,65.5,538.08,loblolly pine
131,7.6,53.0,251.7,loblolly pine
131,5.1,40.0,66.59,loblolly pine
131,5.5,31.0,57.96,loblolly pine
131,6.0,31.9,78.05,loblolly pine
131,6.6,57.1,198.99,loblolly pine
131,7.5,57.0,264.28,loblolly pine
131,5.7,48.1,114.85,loblolly pine
131,9.8,61.0,501.15,loblolly pine
131,8.2,61.0,344.58,loblolly pine
131,9.6,60.7,477.85,loblolly pine
131,6.9,49.6,188.29,loblolly pine
131,7.2,45.1,186.85,loblolly pine
131,11.0,74.0,769.27,loblolly pine
131,9.3,73.7,543.78,loblolly pine
131,5.7,35.8,78.75,loblolly pine
131,5.4,34.4,63.69,loblolly pine
131,9.7,66.3,533.27,loblolly pine
131,10.0,69.2,592.49,loblolly pine
131,4.9,51.0,63.24,loblolly pine
131,8.1,55.0,301.05,loblolly pine
131,4.1,32.5,41.04,loblolly pine
131,3.8,29.5,34.14,loblolly pine
131,6.7,54.0,193.51,loblolly pine
131,7.7,54.0,264.3,loblolly pine
131,5.4,27.9,46.48,loblolly pine
131,7.5,57.0,264.28,loblolly pine
131,5.0,36.2,54.06,loblolly pine
131,5.6,35.5,74.05,loblolly pine
131,5.2,35.1,58.42,loblolly pine
131,6.8,59.9,224.43,loblolly pine
131,9.7,55.2,443.97,loblolly pine
131,10.2,64.8,577.99,loblolly pine
131,6.7,53.3,190.71,loblolly pine
131,7.4,52.8,236.26,loblolly pine
131,8.3,52.2,300.48,loblolly pine
131,5.0,41.6,66.41,loblolly pine
131,6.1,44.7,124.51,loblolly pine
131,5.9,46.2,119.23,loblolly pine
131,7.0,62.0,248.54,loblolly pine
131,7.6,64.7,311.32,loblolly pine
131,8.3,60.4,350.01,loblolly pine
131,4.6,28.0,54.26,loblolly pine
131,2.9,23.4,17.75,loblolly pine
131,4.4,25.4,48.71,loblolly pine
131,4.4,42.0,48.71,loblolly pine
131,5.6,41.7,91.64,loblolly pine
131,7.7,46.0,222.5,loblolly pine
131,6.8,55.0,204.27,loblolly pine
131,4.4,41.5,48.71,loblolly pine
131,5.1,37.2,59.94,loblolly pine
131,7.4,51.0,227.55,loblolly pine
131,4.9,43.0,63.24,loblolly pine
131,5.7,36.5,80.8,loblolly pine
131,8.8,55.0,359.96,loblolly pine
131,5.5,53.5,119.65,loblolly pine
131,6.3,49.0,150.08,loblolly pine
131,5.3,46.0,89.8,loblolly pine
131,10.8,67.1,672.67,loblolly pine
131,8.8,62.8,412.72,loblolly pine
131,4.9,42.9,63.24,loblolly pine
131,6.4,53.0,170.46,loblolly pine
131,4.9,37.2,63.24,loblolly pine
131,6.6,62.2,218.81,loblolly pine
131,7.2,46.0,190.99,loblolly pine
131,9.6,63.8,502.3,loblolly pine
131,7.8,51.9,260.66,loblolly pine
131,4.1,34.8,41.04,loblolly pine
131,4.7,29.0,57.16,loblolly pine
131,5.4,34.0,62.63,loblolly pine
131,6.8,51.9,191.52,loblolly pine
131,6.6,45.9,155.49,loblolly pine
131,8.1,58.2,319.49,loblolly pine
131,4.5,40.0,51.44,loblolly pine
131,6.1,28.2,69.39,loblolly pine
131,5.8,31.7,70.22,loblolly pine
131,6.0,54.8,152.17,loblolly pine
131,7.2,60.8,258.94,loblolly pine
131,6.3,32.0,89.67,loblolly pine
131,6.6,46.6,158.2,loblolly pine
131,11.0,55.3,577.1,loblolly pine
131,5.5,33.9,65.91,loblolly pine
131,8.5,58.7,357.53,loblolly pine
131,10.8,64.2,643.91,loblolly pine
131,10.8,73.5,736.13,loblolly pine
131,9.3,70.6,520.8,loblolly pine
131,5.7,35.0,76.4,loblolly pine
131,10.6,64.0,617.8,loblolly pine
131,5.0,33.0,46.73,loblolly pine
131,8.1,62.4,343.69,loblolly pine
131,5.2,39.5,69.26,loblolly pine
131,8.8,50.1,326.81,loblolly pine
131,6.0,44.2,117.86,loblolly pine
131,7.1,63.1,261.36,loblolly pine
131,5.9,60.5,164.06,loblolly pine
131,6.0,42.2,111.39,loblolly pine
131,10.2,67.2,599.28,loblolly pine
131,7.1,36.4,142.02,loblolly pine
131,7.0,52.7,208.1,loblolly pine
131,6.5,41.4,132.95,loblolly pine
131,8.6,58.1,362.7,loblolly pine
131,9.2,62.4,449.81,loblolly pine
131,6.9,52.3,199.72,loblolly pine
131,6.3,43.1,129.11,loblolly pine
131,10.0,65.4,560.06,loblolly pine
131,9.6,63.8,502.3,loblolly pine
131,10.5,63.0,596.52,loblolly pine
131,5.8,33.3,75.07,loblolly pine
131,6.5,39.0,123.9,loblolly pine
131,7.3,44.7,191.0,loblolly pine
131,7.3,67.8,299.91,loblolly pine
131,8.7,55.6,355.22,loblolly pine
131,6.1,62.2,182.97,loblolly pine
131,7.0,52.0,205.05,loblolly pine
131,12.0,74.4,922.75,loblolly pine
131,9.4,75.4,568.71,loblolly pine
131,10.5,72.8,688.51,loblolly pine
131,10.6,78.8,759.31,loblolly pine
131,5.5,47.7,103.75,loblolly pine
131,5.2,47.5,88.98,loblolly pine
131,7.2,60.0,255.27,loblolly pine
131,6.1,61.6,180.97,loblolly pine
131,6.9,44.9,168.41,loblolly pine
131,7.4,63.0,285.63,loblolly pine
131,9.6,73.3,577.2,loblolly pine
131,6.5,41.6,133.71,loblolly pine
131,7.4,60.9,275.46,loblolly pine
131,9.2,68.9,497.0,loblolly pine
131,6.9,55.9,214.95,loblolly pine
131,8.0,53.8,286.27,loblolly pine
131,4.3,47.5,46.07,loblolly pine
131,8.2,65.8,372.9,loblolly pine
131,4.8,36.9,60.16,loblolly pine
131,6.4,37.3,112.96,loblolly pine
131,4.8,33.2,60.16,loblolly pine
131,10.0,58.3,499.45,loblolly pine
131,9.3,55.6,409.6,loblolly pine
131,4.8,36.1,60.16,loblolly pine
131,6.8,59.5,222.79,loblolly pine
131,5.6,30.6,60.14,loblolly pine
131,2.7,22.8,14.93,loblolly pine
131,5.1,29.8,42.36,loblolly pine
131,5.7,31.2,65.25,loblolly pine
131,7.8,56.0,282.62,loblolly pine
131,7.5,56.4,261.3,loblolly pine
131,3.5,34.8,27.97,loblolly pine
131,5.9,48.6,126.76,loblolly pine
131,5.5,41.4,86.47,loblolly pine
131,6.5,54.0,180.49,loblolly pine
131,4.6,42.8,54.26,loblolly pine
131,5.3,42.4,80.6,loblolly pine
131,12.9,66.5,957.41,loblolly pine
131,8.2,60.6,342.22,loblolly pine
131,7.5,62.3,290.61,loblolly pine
131,4.3,36.3,46.07,loblolly pine
131,4.5,33.4,51.44,loblolly pine
131,8.0,50.0,264.9,loblolly pine
131,6.9,44.6,167.14,loblolly pine
131,8.8,56.6,370.78,loblolly pine
131,6.6,56.0,194.72,loblolly pine
131,9.6,58.9,463.66,loblolly pine
131,9.9,57.6,483.31,loblolly pine
131,13.7,64.9,1056.41,loblolly pine
131,7.8,66.1,336.73,loblolly pine
131,8.0,58.1,310.46,loblolly pine
131,8.6,56.9,354.93,loblolly pine
131,8.7,62.2,398.89,loblolly pine
131,8.5,65.6,401.17,loblolly pine
131,7.2,71.4,307.61,loblolly pine
131,8.2,71.4,405.94,loblolly pine
131,3.6,18.4,29.95,loblolly pine
131,6.7,51.7,184.31,loblolly pine
131,7.4,57.0,256.59,loblolly pine
131,3.6,28.6,29.95,loblolly pine
131,6.2,51.8,154.08,loblolly pine
131,9.4,57.4,432.47,loblolly pine
131,6.2,46.1,134.44,loblolly pine
131,8.8,43.9,284.87,loblolly pine
131,5.7,46.3,109.57,loblolly pine
131,7.1,40.1,158.56,loblolly pine
131,6.1,37.4,100.12,loblolly pine
131,5.8,31.9,70.83,loblolly pine
131,7.8,54.5,274.58,loblolly pine
131,5.3,29.8,48.4,loblolly pine
131,10.4,59.4,551.75,loblolly pine
131,3.0,27.9,19.26,loblolly pine
131,7.7,54.8,268.48,loblolly pine
131,8.7,57.2,365.81,loblolly pine
131,9.0,54.0,371.3,loblolly pine
131,7.6,56.0,266.99,loblolly pine
131,9.5,59.8,460.65,loblolly pine
131,4.7,42.1,57.16,loblolly pine
131,7.6,56.2,268.01,loblolly pine
131,10.4,69.1,641.11,loblolly pine
131,7.4,69.3,316.12,loblolly pine
131,11.1,69.1,732.3,loblolly pine
131,8.6,66.5,417.05,loblolly pine
131,9.6,59.0,464.45,loblolly pine
131,4.2,47.9,43.51,loblolly pine
131,8.2,59.2,333.95,loblolly pine
131,5.5,32.5,62.07,loblolly pine
131,5.4,30.0,52.04,loblolly pine
131,5.3,34.8,61.18,loblolly pine
131,6.6,35.2,113.92,loblolly pine
131,6.3,34.8,99.62,loblolly pine
131,7.7,46.8,226.68,loblolly pine
131,7.7,69.3,344.25,loblolly pine
131,9.3,69.7,514.13,loblolly pine
131,6.9,47.6,179.83,loblolly pine
131,5.1,53.6,98.9,loblolly pine
131,10.5,72.0,681.0,loblolly pine
131,10.9,70.0,714.73,loblolly pine
131,7.2,43.7,180.43,loblolly pine
131,7.8,56.8,286.91,loblolly pine
131,8.3,39.8,225.58,loblolly pine
131,6.7,36.1,121.94,loblolly pine
131,5.7,38.6,86.97,loblolly pine
131,7.4,51.8,231.42,loblolly pine
131,7.0,51.5,202.88,loblolly pine
131,5.5,31.6,59.6,loblolly pine
131,6.8,48.3,176.71,loblolly pine
131,4.9,43.2,63.24,loblolly pine
131,6.0,31.3,76.11,loblolly pine
131,7.2,49.5,207.06,loblolly pine
131,4.6,29.8,54.26,loblolly pine
131,9.5,57.4,442.1,loblolly pine
131,6.0,38.1,98.12,loblolly pine
131,5.2,33.7,54.97,loblolly pine
131,4.8,38.4,60.16,loblolly pine
131,6.8,47.0,171.37,loblolly pine
131,6.3,40.0,118.1,loblolly pine
131,6.0,44.7,119.48,loblolly pine
131,11.2,66.2,714.94,loblolly pine
131,9.6,66.8,525.95,loblolly pine
131,4.8,38.7,60.16,loblolly pine
131,8.0,58.0,309.9,loblolly pine
131,11.4,64.1,718.1,loblolly pine
131,6.0,37.7,96.82,loblolly pine
131,11.7,66.3,782.7,loblolly pine
131,7.6,40.3,186.99,loblolly pine
131,11.4,70.6,789.71,loblolly pine
131,4.6,48.1,54.26,loblolly pine
131,6.2,44.0,127.2,loblolly pine
131,5.8,46.8,116.03,loblolly pine
131,9.8,80.5,661.19,loblolly pine
131,10.0,54.6,467.87,loblolly pine
131,7.6,50.0,236.41,loblolly pine
131,9.8,74.1,608.66,loblolly pine
131,5.8,52.0,131.81,loblolly pine
131,11.7,85.0,999.45,loblolly pine
131,11.1,82.5,872.46,loblolly pine
131,12.1,87.9,1105.5,loblolly pine
131,11.9,81.5,992.3,loblolly pine
131,6.0,51.6,141.81,loblolly pine
131,6.6,55.0,190.84,loblolly pine
131,8.8,56.4,369.43,loblolly pine
131,6.7,56.5,203.5,loblolly pine
131,5.9,54.2,144.31,loblolly pine
131,8.0,60.8,325.65,loblolly pine
131,7.2,46.0,190.99,loblolly pine
131,6.3,40.0,118.1,loblolly pine
131,5.0,37.0,55.89,loblolly pine
131,4.5,47.0,51.44,loblolly pine
131,4.7,44.0,57.16,loblolly pine
131,5.0,43.0,69.61,loblolly pine
131,4.6,48.1,54.26,loblolly pine
131,5.6,46.2,104.41,loblolly pine
131,7.7,53.8,263.26,loblolly pine
131,4.6,42.2,54.26,loblolly pine
131,7.3,55.2,240.5,loblolly pine
131,9.4,62.5,471.07,loblolly pine
131,8.6,54.3,338.11,loblolly pine
131,12.6,60.6,833.69,loblolly pine
131,4.8,27.3,60.16,loblolly pine
131,10.0,52.1,446.53,loblolly pine
131,8.6,52.0,323.23,loblolly pine
131,4.8,27.0,60.16,loblolly pine
131,4.3,18.8,46.07,loblolly pine
131,8.7,44.9,284.42,loblolly pine
131,9.1,46.9,329.55,loblolly pine
131,4.3,19.8,46.07,loblolly pine
131,10.4,43.1,401.58,loblolly pine
131,8.9,48.4,323.13,loblolly pine
131,9.3,65.0,479.28,loblolly pine
131,8.8,66.0,434.37,loblolly pine
131,6.5,44.1,143.14,loblolly pine
131,11.5,66.0,752.31,loblolly pine
131,9.8,63.0,517.56,loblolly pine
131,9.2,66.0,475.94,loblolly pine
131,13.8,70.0,1153.75,loblolly pine
131,6.8,34.7,120.77,loblolly pine
131,7.7,39.8,190.1,loblolly pine
131,5.9,44.0,112.34,loblolly pine
131,8.1,55.0,301.05,loblolly pine
131,4.7,27.1,57.16,loblolly pine
131,3.5,18.2,27.97,loblolly pine
131,4.2,21.1,43.51,loblolly pine
131,8.5,55.0,334.13,loblolly pine
131,5.1,43.0,73.71,loblolly pine
131,6.5,49.0,161.62,loblolly pine
131,7.5,50.0,229.52,loblolly pine
131,5.2,27.7,40.18,loblolly pine
131,8.6,54.5,339.41,loblolly pine
131,8.1,55.3,302.78,loblolly pine
131,8.2,52.1,292.06,loblolly pine
131,8.5,51.0,308.83,loblolly pine
131,8.4,54.1,320.15,loblolly pine
131,9.7,54.0,434.31,loblolly pine
131,2.9,22.8,17.75,loblolly pine
131,4.1,21.5,41.04,loblolly pine
131,3.8,31.9,34.14,loblolly pine
131,4.4,32.0,48.71,loblolly pine
131,10.4,63.0,584.91,loblolly pine
131,8.7,60.6,388.3,loblolly pine
131,4.2,32.3,43.51,loblolly pine
131,12.3,70.8,924.07,loblolly pine
131,12.9,73.4,1054.2,loblolly pine
131,10.8,65.8,659.78,loblolly pine
131,10.1,64.2,561.19,loblolly pine
131,5.2,54.5,106.23,loblolly pine
131,7.9,62.3,325.18,loblolly pine
131,4.0,27.7,38.66,loblolly pine
131,8.0,56.8,303.15,loblolly pine
131,9.8,63.2,519.2,loblolly pine
131,9.1,56.0,394.23,loblolly pine
131,8.8,59.3,389.05,loblolly pine
131,4.8,30.8,60.16,loblolly pine
131,11.6,55.8,649.45,loblolly pine
131,14.7,51.5,975.72,loblolly pine
131,7.5,46.7,213.12,loblolly pine
131,8.9,51.2,342.49,loblolly pine
131,5.4,44.9,91.49,loblolly pine
131,9.3,53.3,392.54,loblolly pine
131,11.5,51.1,585.33,loblolly pine
131,10.3,50.7,462.21,loblolly pine
131,9.9,55.2,463.22,loblolly pine
131,13.5,55.6,882.76,loblolly pine
131,7.9,49.3,253.8,loblolly pine
131,12.3,54.0,709.36,loblolly pine
131,13.0,61.9,907.02,loblolly pine
131,8.3,51.1,293.84,loblolly pine
131,10.0,55.5,475.55,loblolly pine
131,7.4,49.5,220.29,loblolly pine
131,12.4,59.5,792.65,loblolly pine
131,8.0,40.9,213.7,loblolly pine
131,8.7,40.3,253.99,loblolly pine
131,6.6,40.0,132.57,loblolly pine
131,4.0,33.0,38.66,loblolly pine
131,6.4,36.7,110.76,loblolly pine
131,7.8,43.0,212.98,loblolly pine
131,2.6,24.2,13.63,loblolly pine
131,5.0,31.8,43.99,loblolly pine
131,7.2,34.1,136.35,loblolly pine
131,6.0,31.3,76.11,loblolly pine
131,10.0,38.2,327.88,loblolly pine
131,11.0,37.2,391.09,loblolly pine
131,7.9,36.1,181.32,loblolly pine
131,4.3,29.2,46.07,loblolly pine
131,7.1,31.4,119.67,loblolly pine
131,6.3,30.5,84.34,loblolly pine
131,7.9,35.0,175.28,loblolly pine
131,8.5,32.7,193.08,loblolly pine
131,5.0,30.7,41.47,loblolly pine
131,2.9,21.3,17.75,loblolly pine
131,8.1,31.9,167.94,loblolly pine
131,10.9,37.8,389.67,loblolly pine
131,9.7,33.5,269.39,loblolly pine
131,13.3,37.7,589.71,loblolly pine
131,9.0,35.3,241.21,loblolly pine
131,12.0,39.9,502.6,loblolly pine
131,12.9,46.9,682.46,loblolly pine
131,11.4,44.5,502.15,loblolly pine
131,9.5,43.6,335.48,loblolly pine
131,7.5,41.9,189.28,loblolly pine
131,10.2,47.4,423.63,loblolly pine
131,7.8,45.2,224.76,loblolly pine
131,8.1,50.5,275.12,loblolly pine
131,9.5,51.2,394.2,loblolly pine
131,6.5,46.5,152.19,loblolly pine
131,5.0,46.0,76.48,loblolly pine
131,7.3,49.0,211.27,loblolly pine
131,9.1,50.6,355.85,loblolly pine
131,7.2,44.0,181.8,loblolly pine
131,8.0,44.0,231.14,loblolly pine
131,9.2,48.0,345.27,loblolly pine
131,10.9,52.0,533.02,loblolly pine
131,9.7,52.0,418.22,loblolly pine
131,8.5,51.5,311.99,loblolly pine
131,9.6,45.7,359.58,loblolly pine
131,11.0,51.0,532.91,loblolly pine
131,6.1,44.2,122.84,loblolly pine
131,9.0,51.0,350.43,loblolly pine
131,5.5,39.1,80.17,loblolly pine
131,8.1,46.0,249.19,loblolly pine
131,5.0,31.1,42.39,loblolly pine
131,5.6,32.9,66.67,loblolly pine
131,9.0,41.5,284.34,loblolly pine
131,4.6,31.8,54.26,loblolly pine
131,3.3,30.0,24.26,loblolly pine
131,4.0,26.6,38.66,loblolly pine
131,3.8,26.0,34.14,loblolly pine
131,6.0,32.9,81.29,loblolly pine
131,3.0,26.4,19.26,loblolly pine
131,10.7,38.1,377.61,loblolly pine
131,5.8,36.0,83.27,loblolly pine
131,8.9,32.8,215.27,loblolly pine
131,11.6,60.3,700.74,loblolly pine
131,10.5,57.1,541.15,loblolly pine
131,14.0,57.8,986.93,loblolly pine
131,10.5,54.7,518.62,loblolly pine
131,12.7,57.0,798.26,loblolly pine
131,9.9,55.4,464.89,loblolly pine
131,12.9,78.4,1124.34,loblolly pine
131,16.6,79.2,1887.12,loblolly pine
131,10.5,73.2,692.26,loblolly pine
131,15.1,77.5,1527.23,loblolly pine
131,13.5,74.5,1172.57,loblolly pine
131,12.3,73.9,963.69,loblolly pine
131,4.9,30.8,63.24,loblolly pine
131,6.2,40.3,114.45,loblolly pine
131,3.8,35.3,34.14,loblolly pine
131,8.3,44.8,255.78,loblolly pine
131,7.1,34.7,134.42,loblolly pine
131,6.9,38.5,141.33,loblolly pine
131,4.2,23.9,43.51,loblolly pine
131,7.8,41.8,206.55,loblolly pine
131,5.8,40.0,95.4,loblolly pine
131,8.8,40.5,261.87,loblolly pine
131,5.4,39.9,78.25,loblolly pine
131,8.9,45.3,301.7,loblolly pine
131,6.9,37.8,138.37,loblolly pine
131,9.0,44.0,301.73,loblolly pine
131,10.6,48.2,466.74,loblolly pine
131,8.9,41.0,271.97,loblolly pine
131,6.6,42.9,143.83,loblolly pine
131,9.5,45.0,346.3,loblolly pine
131,8.2,45.0,250.17,loblolly pine
131,9.7,46.5,373.97,loblolly pine
131,15.5,70.0,1459.0,loblolly pine
131,11.5,54.3,621.19,loblolly pine
131,11.8,64.2,771.64,loblolly pine
131,18.4,72.0,2118.28,loblolly pine
131,9.8,67.4,553.67,loblolly pine
131,13.1,69.3,1028.25,loblolly pine
131,10.4,62.4,579.39,loblolly pine
131,14.2,63.3,1108.94,loblolly pine
131,12.0,65.0,808.28,loblolly pine
131,12.5,65.0,878.3,loblolly pine
131,10.9,58.3,596.62,loblolly pine
131,7.6,53.6,254.76,loblolly pine
131,9.5,47.9,368.7,loblolly pine
131,12.1,47.0,599.26,loblolly pine
131,10.8,49.0,493.2,loblolly pine
131,12.9,51.6,748.39,loblolly pine
131,15.0,51.6,1018.65,loblolly pine
131,9.0,46.2,317.04,loblolly pine
131,10.7,45.3,447.72,loblolly pine
131,12.6,52.6,726.52,loblolly pine
131,10.5,51.0,483.89,loblolly pine
131,15.2,61.5,1238.09,loblolly pine
131,12.9,63.0,908.31,loblolly pine
131,14.6,60.9,1130.28,loblolly pine
131,11.4,59.9,671.82,loblolly pine
131,16.7,67.3,1633.04,loblolly pine
131,21.0,64.1,2475.42,loblolly pine
131,18.7,63.8,1949.93,loblolly pine
131,17.7,66.4,1812.92,loblolly pine
131,14.1,61.9,1069.79,loblolly pine
131,10.9,58.8,601.67,loblolly pine
131,14.8,62.8,1196.8,loblolly pine
131,12.8,52.1,743.45,loblolly pine
131,12.3,59.6,780.93,loblolly pine
131,18.3,55.9,1646.44,loblolly pine
131,19.6,66.8,2239.78,loblolly pine
131,13.8,73.6,1211.38,loblolly pine
131,11.7,70.5,831.38,loblolly pine
131,10.1,71.0,620.36,loblolly pine
131,11.8,70.2,842.35,loblolly pine
131,12.5,72.5,977.22,loblolly pine
131,15.0,68.0,1327.83,loblolly pine
131,12.8,62.5,887.14,loblolly pine
131,10.7,70.9,697.0,loblolly pine
131,10.1,67.8,592.52,loblolly pine
131,9.0,65.9,454.08,loblolly pine
131,7.1,59.0,243.03,loblolly pine
131,9.0,62.1,427.65,loblolly pine
131,10.6,66.1,637.88,loblolly pine
131,7.9,61.7,321.88,loblolly pine
131,7.9,62.0,323.53,loblolly pine
131,5.9,58.1,156.54,loblolly pine
131,9.1,66.8,470.99,loblolly pine
131,5.4,53.1,113.21,loblolly pine
131,9.1,61.1,430.48,loblolly pine
131,7.8,65.9,335.66,loblolly pine
131,9.4,66.4,500.59,loblolly pine
131,8.4,63.8,380.11,loblolly pine
131,9.1,59.5,419.11,loblolly pine
131,8.6,64.3,402.81,loblolly pine
131,9.9,68.2,572.04,loblolly pine
131,7.8,66.4,338.34,loblolly pine
131,10.5,59.6,564.61,loblolly pine
131,9.1,51.7,363.67,loblolly pine
131,9.5,51.0,392.65,loblolly pine
131,8.5,56.7,344.88,loblolly pine
131,7.1,53.9,220.24,loblolly pine
131,9.7,62.7,504.31,loblolly pine
131,7.8,55.8,281.55,loblolly pine
131,9.2,59.0,425.13,loblolly pine
131,9.5,57.5,442.87,loblolly pine
131,8.4,52.6,310.87,loblolly pine
131,11.7,58.2,688.82,loblolly pine
131,8.6,56.3,351.05,loblolly pine
131,8.4,59.0,350.44,loblolly pine
131,8.1,57.4,314.88,loblolly pine
131,8.3,58.6,339.14,loblolly pine
131,11.1,63.7,675.82,loblolly pine
131,7.8,54.7,275.66,loblolly pine
131,9.3,60.0,442.22,loblolly pine
131,9.8,63.1,518.38,loblolly pine
131,11.2,67.6,729.84,loblolly pine
131,11.0,67.8,705.56,loblolly pine
131,12.6,66.8,916.76,loblolly pine
131,10.9,71.8,732.9,loblolly pine
131,14.0,72.0,1220.75,loblolly pine
131,10.8,71.6,717.29,loblolly pine
131,13.7,67.7,1100.6,loblolly pine
131,11.5,70.5,802.75,loblolly pine
131,9.7,66.4,534.07,loblolly pine
131,13.0,75.4,1099.28,loblolly pine
131,10.2,72.2,643.64,loblolly pine
131,10.6,71.0,684.73,loblolly pine
131,13.4,70.9,1100.68,loblolly pine
131,12.3,69.7,910.01,loblolly pine
131,12.9,75.7,1086.46,loblolly pine
131,14.5,68.7,1252.21,loblolly pine
131,10.6,71.1,685.69,loblolly pine
131,11.9,68.0,830.56,loblolly pine
131,11.2,70.0,755.39,loblolly pine
131,7.1,64.1,265.83,loblolly pine
131,8.8,67.7,445.87,loblolly pine
131,8.8,70.6,465.49,loblolly pine
131,8.1,66.4,366.74,loblolly pine
131,9.9,63.6,533.53,loblolly pine
131,12.1,72.4,913.65,loblolly pine
131,7.5,64.2,300.05,loblolly pine
131,10.7,72.0,707.71,loblolly pine
131,6.6,62.4,219.58,loblolly pine
131,11.3,73.6,808.17,loblolly pine
131,10.0,73.0,624.93,loblolly pine
131,9.4,65.2,491.51,loblolly pine
131,11.1,73.0,773.09,loblolly pine
131,11.1,76.0,804.47,loblolly pine
131,9.0,70.1,483.3,loblolly pine
131,9.0,71.8,495.13,loblolly pine
131,10.7,73.9,726.21,loblolly pine
131,10.7,69.5,683.37,loblolly pine
131,7.8,45.2,224.76,loblolly pine
131,9.2,48.5,348.9,loblolly pine
131,7.5,44.3,201.2,loblolly pine
131,4.4,36.1,48.71,loblolly pine
131,7.7,43.1,207.34,loblolly pine
131,4.9,40.5,63.24,loblolly pine
131,6.6,43.1,144.61,loblolly pine
131,8.5,45.5,274.04,loblolly pine
131,8.2,46.1,256.66,loblolly pine
131,4.5,33.1,51.44,loblolly pine
131,6.1,46.1,129.18,loblolly pine
131,6.5,46.2,151.06,loblolly pine
131,13.9,68.5,1146.37,loblolly pine
131,11.8,63.1,758.68,loblolly pine
131,11.8,70.1,841.17,loblolly pine
131,9.6,70.8,557.49,loblolly pine
131,9.6,70.8,557.49,loblolly pine
131,12.0,67.0,832.63,loblolly pine
131,13.5,74.5,1172.57,loblolly pine
131,11.5,66.5,757.92,loblolly pine
131,12.5,74.1,998.32,loblolly pine
131,8.8,56.3,368.75,loblolly pine
131,14.3,74.6,1318.8,loblolly pine
131,13.2,70.0,1054.48,loblolly pine
131,10.2,68.3,609.04,loblolly pine
131,11.5,71.8,817.32,loblolly pine
131,14.6,78.4,1443.15,loblolly pine
131,11.5,71.0,808.35,loblolly pine
131,12.1,71.5,834.82,loblolly pine
131,10.2,43.7,429.2,loblolly pine
131,6.3,38.5,135.9,loblolly pine
131,7.3,60.1,275.16,loblolly pine
131,16.9,98.1,1919.9,loblolly pine
131,10.0,48.2,439.54,loblolly pine
131,23.5,105.1,3838.46,loblolly pine
131,14.0,66.9,1072.06,loblolly pine
131,7.2,58.6,239.47,loblolly pine
131,16.0,73.9,1498.03,loblolly pine
131,9.7,37.8,373.8,loblolly pine
131,7.1,49.6,205.19,loblolly pine
131,15.1,88.8,1465.98,loblolly pine
131,12.1,77.2,832.9,loblolly pine
131,9.3,81.1,509.58,loblolly pine
131,10.6,69.4,620.34,loblolly pine
131,9.4,62.9,466.62,loblolly pine
131,15.0,60.3,1159.53,loblolly pine
131,5.8,41.3,118.19,loblolly pine
131,6.5,48.3,178.23,loblolly pine
131,6.6,45.6,179.85,loblolly pine
131,11.7,89.8,855.17,loblolly pine
131,6.8,52.6,209.83,loblolly pine
131,11.2,65.1,682.89,loblolly pine
131,8.3,75.3,386.23,loblolly pine
131,13.8,80.8,1186.31,loblolly pine
131,10.5,57.7,552.08,loblolly pine
131,5.2,33.2,71.99,loblolly pine
131,7.1,60.6,250.22,loblolly pine
131,8.9,56.5,379.14,loblolly pine
131,6.5,49.7,164.27,loblolly pine
131,5.7,53.7,131.29,loblolly pine
131,8.3,57.7,333.7,loblolly pine
131,7.9,55.3,286.74,loblolly pine
131,7.8,55.8,281.55,loblolly pine
131,10.8,66.3,664.74,loblolly pine
131,11.7,62.7,740.97,loblolly pine
131,8.1,60.8,334.47,loblolly pine
131,7.4,54.3,243.52,loblolly pine
131,8.9,54.0,361.85,loblolly pine
131,10.2,55.4,494.6,loblolly pine
131,8.6,52.3,325.17,loblolly pine
131,10.4,56.6,525.95,loblolly pine
131,12.6,51.5,711.78,loblolly pine
131,9.6,66.8,525.95,loblolly pine
131,8.4,60.0,356.62,loblolly pine
131,8.9,68.9,464.87,loblolly pine
131,7.0,62.5,250.72,loblolly pine
131,8.8,65.0,427.61,loblolly pine
131,5.7,55.5,136.57,loblolly pine
131,7.2,54.2,228.64,loblolly pine
131,10.2,60.0,535.41,loblolly pine
131,9.2,60.7,437.47,loblolly pine
131,11.3,68.1,748.61,loblolly pine
131,10.4,67.0,621.76,loblolly pine
131,8.7,51.0,324.79,loblolly pine
131,6.7,55.0,197.51,loblolly pine
131,10.1,61.1,534.21,loblolly pine
131,8.9,62.8,422.7,loblolly pine
131,10.8,58.2,584.42,loblolly pine
131,9.2,49.6,356.88,loblolly pine
131,7.5,65.0,304.02,loblolly pine
131,11.1,59.0,626.66,loblolly pine
131,14.2,75.0,1307.03,loblolly pine
131,9.1,61.0,429.77,loblolly pine
131,8.5,68.0,416.35,loblolly pine
131,12.0,70.0,869.17,loblolly pine
131,7.7,63.4,313.42,loblolly pine
131,10.6,54.8,529.84,loblolly pine
131,6.6,44.8,151.21,loblolly pine
131,9.4,55.0,414.31,loblolly pine
131,11.3,71.6,786.51,loblolly pine
131,12.1,66.0,834.43,loblolly pine
131,12.0,75.5,936.15,loblolly pine
131,8.8,68.6,451.96,loblolly pine
131,8.4,63.1,375.79,loblolly pine
131,10.3,65.0,591.49,loblolly pine
131,10.0,73.4,628.35,loblolly pine
131,8.2,67.0,379.98,loblolly pine
131,7.3,65.0,286.71,loblolly pine
131,7.1,62.0,256.44,loblolly pine
131,8.9,64.5,434.45,loblolly pine
131,9.3,58.6,431.84,loblolly pine
131,9.3,60.5,445.92,loblolly pine
131,8.1,56.0,306.81,loblolly pine
131,6.9,45.0,168.83,loblolly pine
131,8.0,60.4,323.4,loblolly pine
131,10.3,63.0,573.41,loblolly pine
131,12.5,62.0,838.73,loblolly pine
131,7.8,58.0,293.33,loblolly pine
131,8.8,62.8,412.72,loblolly pine
131,7.8,59.9,303.51,loblolly pine
131,10.0,71.0,607.86,loblolly pine
131,11.2,88.6,953.37,loblolly pine
131,9.3,65.8,485.21,loblolly pine
131,8.8,74.5,491.87,loblolly pine
131,10.5,76.0,718.54,loblolly pine
131,12.1,70.0,883.94,loblolly pine
131,8.0,58.1,310.46,loblolly pine
131,9.7,58.0,466.49,loblolly pine
131,8.8,62.5,410.69,loblolly pine
131,9.6,65.9,518.86,loblolly pine
131,8.7,64.8,416.09,loblolly pine
131,7.4,63.0,285.63,loblolly pine
131,8.7,59.6,381.69,loblolly pine
131,7.5,56.5,261.8,loblolly pine
131,11.5,66.0,752.31,loblolly pine
131,7.1,55.5,227.39,loblolly pine
131,8.7,60.0,384.33,loblolly pine
131,7.9,60.3,314.19,loblolly pine
131,7.1,54.0,220.69,loblolly pine
131,9.0,63.5,437.39,loblolly pine
131,8.0,50.0,264.9,loblolly pine
131,8.7,55.6,355.22,loblolly pine
131,12.6,70.0,959.63,loblolly pine
131,11.4,64.3,720.3,loblolly pine
131,9.6,52.6,413.99,loblolly pine
131,8.2,51.7,289.7,loblolly pine
131,8.8,52.9,345.75,loblolly pine
131,9.2,57.5,414.24,loblolly pine
131,9.7,59.2,476.15,loblolly pine
131,7.8,55.7,281.01,loblolly pine
131,8.3,49.4,305.13,loblolly pine
131,8.5,52.5,331.11,loblolly pine
131,9.5,61.0,452.61,loblolly pine
131,11.3,54.3,619.76,loblolly pine
131,9.1,47.2,364.67,loblolly pine
131,11.1,65.1,650.13,loblolly pine
131,11.4,67.3,698.5,loblolly pine
131,10.3,66.5,560.2,loblolly pine
131,11.2,69.4,682.47,loblolly pine
131,10.7,59.1,574.85,loblolly pine
131,10.1,58.9,507.61,loblolly pine
131,6.0,49.1,133.72,loblolly pine
131,8.0,55.1,293.59,loblolly pine
131,6.8,55.0,204.27,loblolly pine
131,8.4,67.8,404.84,loblolly pine
131,11.1,76.2,806.56,loblolly pine
131,9.9,70.9,594.64,loblolly pine
131,8.9,75.1,507.74,loblolly pine
131,8.0,62.0,332.4,loblolly pine
131,8.8,68.0,447.9,loblolly pine
131,11.4,73.9,826.07,loblolly pine
131,9.7,74.2,596.83,loblolly pine
131,7.5,68.9,323.39,loblolly pine
131,11.4,75.0,838.19,loblolly pine
131,7.5,68.1,319.42,loblolly pine
131,9.2,70.9,511.52,loblolly pine
131,9.1,76.7,541.35,loblolly pine
131,6.7,68.7,252.28,loblolly pine
131,10.7,73.3,720.37,loblolly pine
131,6.9,70.0,274.6,loblolly pine
131,9.2,66.9,482.48,loblolly pine
131,6.0,64.7,184.22,loblolly pine
131,9.0,75.7,522.26,loblolly pine
131,7.2,62.6,267.2,loblolly pine
131,11.2,74.3,801.16,loblolly pine
131,6.5,73.1,252.54,loblolly pine
131,9.0,76.2,525.74,loblolly pine
131,8.3,73.0,426.12,loblolly pine
131,7.8,59.7,302.44,loblolly pine
131,6.0,61.3,173.21,loblolly pine
131,9.8,61.1,501.97,loblolly pine
131,6.5,45.9,149.93,loblolly pine
131,7.9,42.8,218.11,loblolly pine
131,6.2,41.3,117.9,loblolly pine
131,6.1,58.1,169.27,loblolly pine
131,8.3,64.4,374.17,loblolly pine
131,10.0,67.5,577.98,loblolly pine
131,8.5,59.5,362.59,loblolly pine
131,8.5,65.4,399.91,loblolly pine
131,7.2,61.3,261.24,loblolly pine
131,7.1,65.5,272.09,loblolly pine
131,9.4,67.7,510.43,loblolly pine
131,5.8,53.3,135.75,loblolly pine
131,6.5,53.0,176.71,loblolly pine
131,6.0,58.6,164.47,loblolly pine
131,8.4,59.1,351.06,loblolly pine
131,12.2,80.6,1032.16,loblolly pine
131,8.3,77.1,450.89,loblolly pine
131,9.9,80.7,676.67,loblolly pine
131,8.1,55.2,302.2,loblolly pine
131,9.0,57.5,395.65,loblolly pine
131,11.2,59.0,638.31,loblolly pine
131,8.0,49.9,264.33,loblolly pine
131,9.8,59.5,488.84,loblolly pine
131,6.3,59.3,186.68,loblolly pine
131,7.6,71.0,343.42,loblolly pine
131,9.7,72.0,579.13,loblolly pine
131,12.7,79.7,1107.1,loblolly pine
131,8.2,65.7,372.31,loblolly pine
131,7.4,59.3,267.72,loblolly pine
131,7.2,62.4,266.29,loblolly pine
131,11.9,73.2,892.86,loblolly pine
131,11.2,75.0,808.61,loblolly pine
131,10.3,74.1,673.77,loblolly pine
131,11.1,71.8,760.54,loblolly pine
131,8.5,73.5,451.14,loblolly pine
131,8.4,63.3,377.02,loblolly pine
131,7.9,66.0,345.49,loblolly pine
131,9.6,65.0,511.76,loblolly pine
131,11.7,77.0,906.72,loblolly pine
131,9.3,67.6,498.56,loblolly pine
131,7.2,52.4,220.37,loblolly pine
131,7.5,53.5,246.9,loblolly pine
131,10.6,81.0,780.34,loblolly pine
131,10.1,74.4,649.95,loblolly pine
131,12.4,74.6,988.71,loblolly pine
131,10.3,71.0,645.74,loblolly pine
131,9.0,74.0,510.43,loblolly pine
131,13.6,77.5,1236.85,loblolly pine
131,7.2,59.3,252.05,loblolly pine
131,9.4,61.9,466.53,loblolly pine
131,9.8,60.0,492.94,loblolly pine
131,5.9,46.9,121.43,loblolly pine
131,7.9,49.1,252.7,loblolly pine
131,6.4,47.4,149.95,loblolly pine
131,9.6,62.3,490.47,loblolly pine
131,7.9,55.5,287.84,loblolly pine
131,10.4,69.3,642.95,loblolly pine
131,9.2,65.7,473.77,loblolly pine
131,8.0,65.3,350.97,loblolly pine
131,10.3,78.1,709.93,loblolly pine
131,6.4,63.4,208.54,loblolly pine
131,6.6,64.7,228.52,loblolly pine
131,9.3,64.2,473.35,loblolly pine
131,9.8,80.0,657.08,loblolly pine
131,12.0,82.0,1015.31,loblolly pine
131,12.4,71.1,943.27,loblolly pine
131,7.9,56.0,290.58,loblolly pine
131,7.0,52.8,208.53,loblolly pine
131,9.0,57.9,398.43,loblolly pine
131,7.7,62.2,307.15,loblolly pine
131,7.7,56.8,278.93,loblolly pine
131,8.2,52.0,291.47,loblolly pine
131,8.0,60.5,323.96,loblolly pine
131,9.1,60.6,426.92,loblolly pine
131,10.1,67.7,591.65,loblolly pine
131,9.5,68.3,526.32,loblolly pine
131,8.0,65.8,353.78,loblolly pine
131,8.6,63.3,396.34,loblolly pine
131,7.3,74.2,330.09,loblolly pine
131,10.5,78.0,737.31,loblolly pine
131,13.0,62.6,916.99,loblolly pine
131,10.2,68.0,606.38,loblolly pine
131,9.5,64.8,499.28,loblolly pine
131,11.3,66.7,733.45,loblolly pine
131,8.5,72.0,441.65,loblolly pine
131,13.0,81.3,1183.31,loblolly pine
131,12.5,79.4,1068.23,loblolly pine
131,9.7,53.3,428.68,loblolly pine
131,8.4,49.5,291.71,loblolly pine
131,8.8,51.1,333.58,loblolly pine
131,8.4,63.8,380.11,loblolly pine
131,9.3,63.2,465.94,loblolly pine
131,9.6,69.0,543.3,loblolly pine
131,9.9,65.7,551.11,loblolly pine
131,6.4,60.0,196.09,loblolly pine
131,12.5,72.6,978.54,loblolly pine
131,9.8,77.6,637.39,loblolly pine
131,8.2,66.2,375.26,loblolly pine
131,8.9,72.9,492.53,loblolly pine
131,8.0,59.8,320.03,loblolly pine
131,9.0,75.8,522.95,loblolly pine
131,9.5,64.0,493.1,loblolly pine
131,12.4,85.2,1126.35,loblolly pine
131,10.9,79.9,814.68,loblolly pine
131,9.8,71.2,584.86,loblolly pine
131,11.2,71.5,771.36,loblolly pine
131,10.5,71.2,673.49,loblolly pine
131,11.9,72.2,880.88,loblolly pine
131,9.8,57.9,475.7,loblolly pine
131,8.7,60.2,385.66,loblolly pine
131,8.1,57.2,313.73,loblolly pine
131,9.2,63.0,454.16,loblolly pine
131,8.3,53.6,308.94,loblolly pine
131,7.1,50.2,203.7,loblolly pine
131,9.0,69.0,475.65,loblolly pine
131,10.0,83.7,716.27,loblolly pine
131,11.0,76.8,798.04,loblolly pine
131,8.9,65.0,437.91,loblolly pine
131,11.0,68.9,716.86,loblolly pine
131,10.3,64.8,589.69,loblolly pine
131,8.3,62.0,359.68,loblolly pine
131,7.6,63.0,302.65,loblolly pine
131,8.1,61.0,335.62,loblolly pine
131,6.1,42.0,115.49,loblolly pine
131,8.1,54.7,299.32,loblolly pine
131,9.7,56.7,456.04,loblolly pine
131,6.3,49.2,150.79,loblolly pine
131,8.2,53.8,302.09,loblolly pine
131,7.4,54.7,245.45,loblolly pine
131,8.7,82.1,530.56,loblolly pine
131,7.2,74.8,323.22,loblolly pine
131,9.0,83.0,573.04,loblolly pine
131,9.2,57.1,411.33,loblolly pine
131,8.1,50.3,273.97,loblolly pine
131,9.9,46.8,392.91,loblolly pine
131,9.0,66.4,457.56,loblolly pine
131,8.1,61.3,337.35,loblolly pine
131,6.5,57.4,193.31,loblolly pine
131,8.5,64.2,392.32,loblolly pine
131,9.8,66.9,549.57,loblolly pine
131,6.0,58.0,162.53,loblolly pine
131,8.4,56.5,334.98,loblolly pine
131,12.4,65.4,869.26,loblolly pine
131,10.1,64.9,567.28,loblolly pine
131,11.2,69.2,746.88,loblolly pine
131,10.7,63.0,620.07,loblolly pine
131,9.9,58.7,492.52,loblolly pine
131,7.5,57.6,267.26,loblolly pine
131,8.9,64.5,434.45,loblolly pine
131,11.1,74.8,791.92,loblolly pine
131,11.5,67.4,768.0,loblolly pine
131,7.5,68.5,321.4,loblolly pine
131,10.0,65.8,563.47,loblolly pine
131,5.5,61.5,141.59,loblolly pine
131,9.6,71.2,560.65,loblolly pine
131,7.7,68.5,340.07,loblolly pine
131,7.8,57.4,290.12,loblolly pine
131,5.9,42.1,106.38,loblolly pine
131,10.0,50.0,428.6,loblolly pine
131,7.3,59.8,262.19,loblolly pine
131,10.1,61.5,537.69,loblolly pine
131,8.1,67.5,373.08,loblolly pine
131,6.3,60.0,189.16,loblolly pine
131,7.7,61.0,300.88,loblolly pine
131,7.3,56.6,247.1,loblolly pine
131,9.8,72.3,593.89,loblolly pine
131,10.6,73.1,704.81,loblolly pine
131,11.9,80.6,981.52,loblolly pine
131,13.5,63.7,1006.96,loblolly pine
131,11.1,66.3,703.02,loblolly pine
131,10.0,68.3,584.81,loblolly pine
131,8.1,52.8,288.37,loblolly pine
131,10.2,79.1,704.85,loblolly pine
131,9.1,76.6,540.64,loblolly pine
131,9.0,75.4,520.17,loblolly pine
131,9.9,71.1,596.31,loblolly pine
131,8.0,68.2,367.28,loblolly pine
131,8.9,65.4,440.67,loblolly pine
131,10.6,61.0,589.12,loblolly pine
131,6.2,50.3,148.91,loblolly pine
131,7.4,61.8,279.82,loblolly pine
131,8.5,60.0,365.75,loblolly pine
131,8.6,59.1,369.17,loblolly pine
131,6.0,46.0,123.69,loblolly pine
131,11.5,56.2,642.48,loblolly pine
131,8.9,56.3,377.75,loblolly pine
131,9.0,65.0,447.82,loblolly pine
131,14.0,75.2,1273.44,loblolly pine
131,11.4,73.7,823.87,loblolly pine
131,8.2,49.3,275.54,loblolly pine
131,10.5,54.7,518.62,loblolly pine
131,6.1,42.3,116.49,loblolly pine
131,7.8,55.7,281.01,loblolly pine
131,9.5,55.4,426.65,loblolly pine
131,10.1,56.4,493.3,loblolly pine
131,7.3,50.5,218.34,loblolly pine
131,9.4,61.3,461.99,loblolly pine
131,11.2,65.7,709.62,loblolly pine
131,6.0,50.2,137.28,loblolly pine
131,7.0,48.7,190.7,loblolly pine
131,8.6,46.6,288.29,loblolly pine
131,13.2,73.8,1110.24,loblolly pine
131,10.6,77.0,742.1,loblolly pine
131,8.6,65.2,408.63,loblolly pine
131,12.4,75.0,993.91,loblolly pine
131,10.5,77.3,730.74,loblolly pine
131,14.4,75.5,1353.14,loblolly pine
131,7.8,65.8,335.12,loblolly pine
131,6.2,59.2,179.58,loblolly pine
131,6.4,58.0,188.77,loblolly pine
131,8.8,63.4,416.78,loblolly pine
131,9.7,59.0,474.54,loblolly pine
131,7.1,61.0,251.97,loblolly pine
131,10.1,72.0,629.07,loblolly pine
131,6.6,54.2,187.73,loblolly pine
131,7.5,67.5,316.44,loblolly pine
131,10.5,68.0,643.45,loblolly pine
131,11.2,66.8,721.33,loblolly pine
131,7.8,68.5,349.59,loblolly pine
131,7.2,59.7,253.89,loblolly pine
131,9.8,62.8,515.92,loblolly pine
131,7.6,55.2,262.91,loblolly pine
131,11.3,71.5,785.43,loblolly pine
131,9.1,67.7,477.39,loblolly pine
131,10.0,71.0,607.86,loblolly pine
131,6.0,48.6,132.1,loblolly pine
131,9.2,59.8,430.93,loblolly pine
131,9.7,59.5,478.56,loblolly pine
131,11.9,53.2,653.24,loblolly pine
131,10.5,55.3,524.25,loblolly pine
131,8.0,52.5,278.96,loblolly pine
131,10.3,75.8,689.14,loblolly pine
131,7.8,63.7,323.87,loblolly pine
131,12.3,75.0,977.75,loblolly pine
131,10.1,76.6,669.1,loblolly pine
131,13.7,79.8,1291.56,loblolly pine
131,12.3,78.0,1016.09,loblolly pine
131,8.4,69.0,412.26,loblolly pine
131,11.7,68.8,811.68,loblolly pine
131,10.0,66.5,569.45,loblolly pine
131,10.1,70.7,617.75,loblolly pine
131,9.1,67.4,475.25,loblolly pine
131,8.1,70.7,391.52,loblolly pine
131,7.6,47.3,222.66,loblolly pine
131,6.8,48.3,176.71,loblolly pine
131,9.0,48.3,331.64,loblolly pine
131,9.5,76.1,586.58,loblolly pine
131,7.8,76.0,389.76,loblolly pine
131,8.8,74.0,488.49,loblolly pine
131,9.0,62.0,426.95,loblolly pine
131,9.2,55.6,400.44,loblolly pine
131,10.4,56.0,520.42,loblolly pine
131,9.0,49.0,336.51,loblolly pine
131,8.1,46.6,252.65,loblolly pine
131,6.8,45.0,163.14,loblolly pine
131,11.8,61.7,742.18,loblolly pine
131,6.3,48.2,147.23,loblolly pine
131,10.0,59.6,510.55,loblolly pine
131,10.1,60.3,527.24,loblolly pine
131,11.7,59.5,703.88,loblolly pine
131,7.4,57.0,256.59,loblolly pine
131,7.5,43.6,197.73,loblolly pine
131,11.4,53.4,600.21,loblolly pine
131,8.5,52.4,317.68,loblolly pine
131,8.3,63.0,365.72,loblolly pine
131,9.5,69.3,534.04,loblolly pine
131,11.0,68.0,707.61,loblolly pine
131,7.2,52.4,220.37,loblolly pine
131,9.7,57.2,460.06,loblolly pine
131,9.3,55.3,407.37,loblolly pine
131,9.1,67.3,474.54,loblolly pine
131,11.0,77.3,803.18,loblolly pine
131,8.1,70.4,389.79,loblolly pine
121,11.1,68.2,857.78,longleaf pine
121,1.9,21.7,7.52,longleaf pine
121,4.7,47.3,67.91,longleaf pine
121,9.0,66.2,545.46,longleaf pine
121,11.0,75.4,929.67,longleaf pine
121,13.0,72.1,1243.77,longleaf pine
121,10.0,78.8,802.01,longleaf pine
121,10.2,67.7,718.26,longleaf pine
121,4.9,46.6,75.15,longleaf pine
121,5.3,58.2,141.86,longleaf pine
121,5.9,48.9,149.67,longleaf pine
121,9.1,46.0,388.3,longleaf pine
121,17.5,90.4,2807.13,longleaf pine
121,16.5,81.3,2251.91,longleaf pine
121,19.4,92.9,3540.69,longleaf pine
121,14.6,91.1,1970.42,longleaf pine
121,14.1,87.4,1765.2,longleaf pine
121,15.0,68.9,1585.41,longleaf pine
121,16.3,84.5,2281.55,longleaf pine
121,14.0,80.1,1598.38,longleaf pine
121,14.5,86.4,1845.72,longleaf pine
121,12.9,89.5,1512.86,longleaf pine
121,19.6,83.6,3263.6,longleaf pine
121,11.0,68.0,839.88,longleaf pine
121,1.8,21.4,6.6,longleaf pine
121,2.8,30.5,19.27,longleaf pine
121,3.2,35.2,26.66,longleaf pine
121,3.0,34.6,22.79,longleaf pine
121,3.7,41.3,37.95,longleaf pine
121,3.5,44.4,33.15,longleaf pine
121,3.8,44.4,40.49,longleaf pine
121,4.1,47.2,48.71,longleaf pine
121,4.5,41.8,61.09,longleaf pine
121,4.2,44.8,51.65,longleaf pine
121,4.8,47.8,71.47,longleaf pine
121,1.5,15.1,4.24,longleaf pine
121,4.6,54.1,64.44,longleaf pine
121,1.4,18.0,3.59,longleaf pine
121,1.6,20.0,4.96,longleaf pine
121,1.8,28.8,6.6,longleaf pine
121,1.2,19.4,2.48,longleaf pine
121,1.2,12.6,2.48,longleaf pine
121,2.0,23.0,8.52,longleaf pine
121,2.2,22.2,10.73,longleaf pine
121,2.4,24.6,13.25,longleaf pine
121,2.8,37.0,19.27,longleaf pine
121,1.4,18.8,3.59,longleaf pine
121,2.6,30.9,16.1,longleaf pine
121,3.2,32.6,26.66,longleaf pine
121,3.0,33.8,22.79,longleaf pine
121,3.4,35.2,30.9,longleaf pine
121,3.8,33.7,40.49,longleaf pine
121,3.6,42.0,35.5,longleaf pine
121,4.6,44.6,64.44,longleaf pine
121,4.4,47.6,57.84,longleaf pine
121,4.2,41.2,51.65,longleaf pine
121,4.0,42.8,45.87,longleaf pine
121,1.3,13.8,3.0,longleaf pine
121,4.8,50.8,71.47,longleaf pine
121,1.8,23.5,6.6,longleaf pine
121,2.2,23.4,10.73,longleaf pine
121,2.0,28.2,8.52,longleaf pine
121,2.1,25.3,9.59,longleaf pine
121,2.4,27.4,13.25,longleaf pine
121,1.3,8.2,3.0,longleaf pine
121,2.9,31.2,20.99,longleaf pine
121,3.2,36.0,26.66,longleaf pine
121,3.3,32.8,28.74,longleaf pine
121,3.6,38.0,35.5,longleaf pine
121,3.8,34.0,40.49,longleaf pine
121,3.9,35.0,43.13,longleaf pine
121,4.2,40.4,51.65,longleaf pine
121,4.3,39.4,54.69,longleaf pine
121,4.5,47.8,61.09,longleaf pine
121,4.9,47.4,75.15,longleaf pine
121,1.4,12.8,3.59,longleaf pine
121,4.9,40.0,75.15,longleaf pine
121,1.4,11.8,3.59,longleaf pine
121,1.5,16.4,4.24,longleaf pine
121,1.5,16.8,4.24,longleaf pine
121,1.8,20.2,6.6,longleaf pine
121,1.9,16.0,7.52,longleaf pine
121,2.0,19.8,8.52,longleaf pine
121,2.3,27.2,11.95,longleaf pine
121,2.4,33.2,13.25,longleaf pine
121,2.7,26.2,17.64,longleaf pine
121,1.6,13.8,4.96,longleaf pine
121,2.9,31.8,20.99,longleaf pine
121,3.0,34.0,22.79,longleaf pine
121,3.2,36.2,26.66,longleaf pine
121,3.6,39.6,35.5,longleaf pine
121,3.7,38.0,37.95,longleaf pine
121,3.8,38.0,40.49,longleaf pine
121,4.2,39.0,51.65,longleaf pine
121,4.4,46.6,57.84,longleaf pine
121,4.5,42.0,61.09,longleaf pine
121,4.7,45.0,67.91,longleaf pine
121,1.8,14.6,6.6,longleaf pine
121,4.9,41.6,75.15,longleaf pine
121,1.9,19.8,7.52,longleaf pine
121,2.2,23.8,10.73,longleaf pine
121,2.5,21.0,14.64,longleaf pine
121,2.6,26.2,16.1,longleaf pine
121,2.4,19.8,13.25,longleaf pine
121,5.1,47.5,97.48,longleaf pine
121,6.2,66.2,241.91,longleaf pine
121,7.0,79.2,386.81,longleaf pine
121,6.5,69.5,284.57,longleaf pine
121,6.7,72.9,321.05,longleaf pine
121,7.0,81.5,398.98,longleaf pine
121,6.3,70.9,271.26,longleaf pine
121,6.0,67.1,227.79,longleaf pine
121,6.3,72.3,277.31,longleaf pine
121,7.0,76.0,369.89,longleaf pine
121,6.2,64.1,233.11,longleaf pine
121,7.6,74.2,430.52,longleaf pine
121,5.3,53.3,126.63,longleaf pine
121,4.7,40.0,67.91,longleaf pine
121,5.1,42.9,84.19,longleaf pine
121,4.3,43.3,54.69,longleaf pine
121,3.6,38.0,35.5,longleaf pine
121,6.6,45.5,181.08,longleaf pine
121,7.1,53.5,259.15,longleaf pine
121,5.9,46.1,139.0,longleaf pine
121,6.1,50.6,169.63,longleaf pine
121,8.1,44.4,284.39,longleaf pine
121,5.4,41.8,95.95,longleaf pine
121,6.0,51.6,166.77,longleaf pine
121,4.7,40.4,67.91,longleaf pine
121,5.6,39.8,99.45,longleaf pine
121,3.7,31.3,37.95,longleaf pine
121,3.9,32.0,43.13,longleaf pine
121,4.4,41.0,57.84,longleaf pine
121,5.6,64.3,184.0,longleaf pine
121,6.0,68.2,232.12,longleaf pine
121,4.4,48.6,57.84,longleaf pine
121,6.7,53.0,224.28,longleaf pine
121,7.6,69.7,402.63,longleaf pine
121,4.9,49.2,75.15,longleaf pine
121,7.1,72.4,361.89,longleaf pine
121,5.3,64.4,161.13,longleaf pine
121,6.3,65.2,246.63,longleaf pine
121,6.6,60.5,251.95,longleaf pine
121,5.2,53.5,120.97,longleaf pine
121,5.2,50.9,113.18,longleaf pine
121,6.2,57.7,206.28,longleaf pine
121,7.4,61.8,333.52,longleaf pine
121,8.0,69.8,450.27,longleaf pine
121,5.8,62.4,193.11,longleaf pine
121,6.8,69.7,315.7,longleaf pine
121,4.0,49.7,45.87,longleaf pine
121,7.7,59.6,349.96,longleaf pine
121,4.5,51.6,61.09,longleaf pine
121,5.8,47.4,137.76,longleaf pine
121,5.6,52.1,141.9,longleaf pine
121,4.2,50.0,51.65,longleaf pine
121,7.3,57.3,297.84,longleaf pine
121,4.7,50.3,67.91,longleaf pine
121,6.6,59.8,248.64,longleaf pine
121,3.6,46.0,35.5,longleaf pine
121,5.0,50.0,99.02,longleaf pine
121,7.5,54.7,300.65,longleaf pine
121,7.8,53.3,318.97,longleaf pine
121,6.4,56.1,215.14,longleaf pine
121,5.8,48.1,140.34,longleaf pine
121,3.7,39.1,37.95,longleaf pine
121,4.2,40.9,51.65,longleaf pine
121,4.8,40.8,71.47,longleaf pine
121,3.6,39.0,35.5,longleaf pine
121,5.3,47.5,108.6,longleaf pine
121,8.2,53.5,357.68,longleaf pine
121,6.7,43.0,175.65,longleaf pine
121,7.6,48.4,270.64,longleaf pine
121,5.5,42.2,102.44,longleaf pine
121,6.2,45.1,153.48,longleaf pine
121,5.2,40.8,82.91,longleaf pine
121,4.0,38.3,45.87,longleaf pine
121,7.6,46.4,258.24,longleaf pine
121,7.8,55.3,332.0,longleaf pine
121,6.9,44.9,198.46,longleaf pine
121,7.4,44.0,228.75,longleaf pine
121,5.1,40.5,77.25,longleaf pine
121,4.2,39.7,51.65,longleaf pine
121,4.7,36.4,67.91,longleaf pine
121,6.3,53.1,194.34,longleaf pine
121,5.5,45.8,114.45,longleaf pine
121,6.4,47.8,178.17,longleaf pine
121,3.6,32.0,35.5,longleaf pine
121,3.9,38.9,43.13,longleaf pine
121,4.4,37.3,57.84,longleaf pine
121,6.0,50.5,162.44,longleaf pine
121,6.8,50.5,219.64,longleaf pine
121,4.2,37.2,51.65,longleaf pine
121,3.6,36.8,35.5,longleaf pine
121,4.8,39.6,71.47,longleaf pine
121,6.4,58.6,226.27,longleaf pine
121,7.3,63.3,332.24,longleaf pine
121,7.4,50.6,267.6,longleaf pine
121,4.8,47.9,71.47,longleaf pine
121,6.0,54.5,178.19,longleaf pine
121,3.9,53.4,43.13,longleaf pine
121,6.9,73.4,345.1,longleaf pine
121,4.6,51.4,64.44,longleaf pine
121,7.3,75.9,404.5,longleaf pine
121,6.5,68.7,280.9,longleaf pine
121,4.4,54.3,57.84,longleaf pine
121,4.8,58.3,71.47,longleaf pine
121,8.2,69.9,475.37,longleaf pine
121,10.8,70.7,841.04,longleaf pine
121,7.6,50.7,284.89,longleaf pine
121,4.7,33.6,67.91,longleaf pine
121,7.0,53.9,252.99,longleaf pine
121,14.2,70.4,1450.45,longleaf pine
121,5.9,51.4,159.2,longleaf pine
121,3.5,31.5,33.15,longleaf pine
121,8.1,57.9,378.99,longleaf pine
121,13.5,68.6,1278.11,longleaf pine
121,4.2,38.4,51.65,longleaf pine
121,2.4,20.0,13.25,longleaf pine
121,6.8,52.3,228.65,longleaf pine
121,1.9,11.6,7.52,longleaf pine
121,20.8,79.1,3484.7,longleaf pine
121,1.5,10.3,4.24,longleaf pine
121,16.2,68.6,1842.03,longleaf pine
121,16.0,82.0,2135.3,longleaf pine
121,15.2,84.0,1973.02,longleaf pine
121,1.6,10.2,4.96,longleaf pine
121,15.3,78.4,1869.43,longleaf pine
121,14.1,73.7,1495.11,longleaf pine
121,7.4,43.3,224.62,longleaf pine
121,3.1,21.2,24.68,longleaf pine
121,10.3,53.2,577.75,longleaf pine
121,1.6,13.1,4.96,longleaf pine
121,11.6,70.0,961.46,longleaf pine
121,8.6,52.9,392.2,longleaf pine
121,11.4,62.6,832.19,longleaf pine
121,12.9,74.5,1264.42,longleaf pine
121,12.2,72.0,1093.6,longleaf pine
121,12.5,53.3,856.97,longleaf pine
121,7.6,44.3,245.23,longleaf pine
121,5.5,49.4,126.45,longleaf pine
121,6.8,37.7,155.6,longleaf pine
121,9.2,47.1,406.58,longleaf pine
121,4.9,32.0,75.15,longleaf pine
121,10.9,58.8,714.93,longleaf pine
121,6.0,34.8,100.64,longleaf pine
121,5.5,39.8,94.44,longleaf pine
121,2.8,22.2,19.27,longleaf pine
121,14.8,75.8,1692.92,longleaf pine
121,1.4,9.2,3.59,longleaf pine
121,4.4,28.8,57.84,longleaf pine
121,7.6,51.4,289.23,longleaf pine
121,11.9,49.0,714.98,longleaf pine
121,8.1,41.8,266.17,longleaf pine
121,3.6,22.2,35.5,longleaf pine
121,12.6,85.0,1372.3,longleaf pine
121,5.1,45.0,90.25,longleaf pine
121,8.8,80.2,636.87,longleaf pine
121,9.2,76.2,656.01,longleaf pine
121,9.4,60.9,548.31,longleaf pine
121,11.6,89.2,1219.85,longleaf pine
121,7.8,78.7,484.45,longleaf pine
121,5.1,56.1,122.32,longleaf pine
121,3.5,41.1,33.15,longleaf pine
121,11.2,59.7,766.58,longleaf pine
121,10.0,42.0,431.13,longleaf pine
121,1.5,9.0,4.24,longleaf pine
121,20.6,74.2,3214.36,longleaf pine
121,1.8,12.9,6.6,longleaf pine
121,3.1,25.4,24.68,longleaf pine
121,9.4,56.6,509.88,longleaf pine
121,9.2,56.4,486.3,longleaf pine
121,10.4,49.1,544.61,longleaf pine
121,10.4,55.0,608.79,longleaf pine
121,4.0,33.8,45.87,longleaf pine
121,2.4,27.0,13.25,longleaf pine
121,11.6,63.0,867.26,longleaf pine
121,1.1,5.6,2.01,longleaf pine
121,12.8,60.4,1014.87,longleaf pine
121,1.6,11.2,4.96,longleaf pine
121,2.1,12.5,9.59,longleaf pine
121,9.0,61.5,506.85,longleaf pine
121,1.6,9.7,4.96,longleaf pine
121,12.8,57.7,970.82,longleaf pine
121,4.0,35.0,45.87,longleaf pine
121,2.2,23.2,10.73,longleaf pine
121,11.4,67.0,889.43,longleaf pine
121,7.2,66.0,337.34,longleaf pine
121,13.4,73.0,1337.7,longleaf pine
121,14.9,74.0,1676.34,longleaf pine
121,15.6,86.0,2126.14,longleaf pine
121,13.4,71.0,1302.01,longleaf pine
121,12.6,71.0,1150.86,longleaf pine
121,14.5,73.0,1566.65,longleaf pine
121,14.9,82.0,1852.08,longleaf pine
121,12.0,82.0,1201.73,longleaf pine
121,11.3,66.0,861.02,longleaf pine
121,8.1,66.0,435.76,longleaf pine
121,12.5,72.0,1148.19,longleaf pine
121,10.3,75.0,810.46,longleaf pine
121,12.0,78.0,1144.21,longleaf pine
121,12.7,69.0,1137.12,longleaf pine
121,10.2,66.0,700.46,longleaf pine
121,10.9,68.0,824.59,longleaf pine
121,11.4,71.0,941.46,longleaf pine
121,13.3,70.0,1265.03,longleaf pine
121,12.6,76.0,1229.94,longleaf pine
121,13.7,85.0,1621.95,longleaf pine
121,11.1,72.0,904.71,longleaf pine
121,15.8,77.0,1959.06,longleaf pine
121,13.6,89.0,1671.87,longleaf pine
121,14.8,82.0,1827.33,longleaf pine
121,13.4,75.0,1373.38,longleaf pine
121,17.1,88.0,2611.44,longleaf pine
121,10.9,79.0,955.7,longleaf pine
121,13.0,75.0,1292.54,longleaf pine
121,14.8,82.0,1827.33,longleaf pine
121,12.5,82.0,1303.92,longleaf pine
121,13.3,77.0,1388.11,longleaf pine
121,8.6,64.0,479.54,longleaf pine
121,12.4,77.0,1206.5,longleaf pine
121,14.4,85.0,1791.63,longleaf pine
121,9.7,77.0,737.33,longleaf pine
121,13.7,80.0,1528.79,longleaf pine
121,12.2,80.0,1212.4,longleaf pine
121,12.0,70.0,1029.18,longleaf pine
121,15.4,75.0,1814.25,longleaf pine
121,12.4,81.0,1267.82,longleaf pine
121,10.3,72.0,778.43,longleaf pine
121,10.5,67.0,753.72,longleaf pine
121,13.2,84.0,1488.58,longleaf pine
121,8.5,70.0,513.86,longleaf pine
121,7.8,66.0,401.71,longleaf pine
121,8.2,74.0,504.79,longleaf pine
121,4.9,48.0,75.15,longleaf pine
121,8.8,73.0,577.64,longleaf pine
121,4.2,40.0,51.65,longleaf pine
121,5.5,56.0,148.46,longleaf pine
121,4.2,40.0,51.65,longleaf pine
121,9.1,76.0,640.05,longleaf pine
121,8.1,72.0,477.8,longleaf pine
121,7.3,72.0,382.13,longleaf pine
121,8.0,74.0,479.0,longleaf pine
121,7.3,66.0,347.73,longleaf pine
121,4.7,58.0,67.91,longleaf pine
121,6.2,57.0,203.35,longleaf pine
121,5.2,42.0,86.5,longleaf pine
121,4.9,52.0,75.15,longleaf pine
121,9.0,78.0,642.38,longleaf pine
121,6.2,63.0,228.5,longleaf pine
121,5.2,60.0,140.46,longleaf pine
121,4.1,44.0,48.71,longleaf pine
121,6.7,67.0,292.36,longleaf pine
121,3.8,38.0,40.49,longleaf pine
121,5.6,61.0,172.61,longleaf pine
121,8.8,69.0,544.73,longleaf pine
121,8.1,57.0,372.69,longleaf pine
121,10.4,78.0,858.97,longleaf pine
121,14.5,77.0,1649.95,longleaf pine
121,12.5,74.0,1179.33,longleaf pine
121,7.1,70.0,348.84,longleaf pine
121,10.8,80.0,949.92,longleaf pine
121,11.6,72.0,988.38,longleaf pine
121,10.3,74.0,799.78,longleaf pine
121,8.2,73.0,497.62,longleaf pine
121,8.2,60.0,404.33,longleaf pine
121,9.4,73.0,656.44,longleaf pine
121,12.0,67.0,986.05,longleaf pine
121,12.8,69.0,1155.15,longleaf pine
121,9.3,74.0,651.19,longleaf pine
121,5.8,66.0,206.39,longleaf pine
121,13.6,82.0,1543.3,longleaf pine
121,13.9,86.0,1688.75,longleaf pine
121,6.1,61.0,211.88,longleaf pine
121,7.4,67.0,364.13,longleaf pine
121,8.6,74.0,558.22,longleaf pine
121,8.8,70.0,552.96,longleaf pine
121,8.9,70.0,566.29,longleaf pine
121,3.9,40.0,43.13,longleaf pine
121,6.0,61.0,203.78,longleaf pine
121,6.4,62.0,241.41,longleaf pine
121,6.8,67.0,302.19,longleaf pine
121,6.7,64.0,277.77,longleaf pine
121,5.5,58.0,155.13,longleaf pine
121,6.4,67.0,263.68,longleaf pine
121,7.8,64.0,388.68,longleaf pine
121,5.3,62.0,153.67,longleaf pine
121,4.0,51.0,45.87,longleaf pine
121,6.2,60.0,215.92,longleaf pine
121,5.0,54.0,110.15,longleaf pine
121,3.8,48.0,40.49,longleaf pine
121,11.3,79.0,1027.25,longleaf pine
121,10.6,80.0,915.0,longleaf pine
121,11.6,84.0,1149.87,longleaf pine
121,12.1,83.0,1236.45,longleaf pine
121,10.0,82.0,834.26,longleaf pine
121,11.5,87.0,1169.83,longleaf pine
121,12.7,90.0,1474.46,longleaf pine
121,10.5,88.0,986.44,longleaf pine
121,13.1,80.0,1397.86,longleaf pine
121,9.5,70.0,643.23,longleaf pine
121,9.5,70.0,643.23,longleaf pine
121,11.2,75.0,958.85,longleaf pine
121,8.3,72.0,503.23,longleaf pine
121,9.7,78.0,746.83,longleaf pine
121,8.9,60.0,482.2,longleaf pine
121,7.7,60.0,352.51,longleaf pine
121,10.3,65.0,703.71,longleaf pine
121,8.7,57.0,435.17,longleaf pine
121,7.0,57.0,269.39,longleaf pine
121,8.4,60.0,425.94,longleaf pine
121,8.6,58.0,432.33,longleaf pine
121,8.0,56.0,355.85,longleaf pine
121,11.7,75.0,1046.6,longleaf pine
121,14.5,79.0,1691.6,longleaf pine
121,11.6,72.0,988.38,longleaf pine
121,11.7,71.0,991.86,longleaf pine
121,12.0,67.0,986.05,longleaf pine
121,13.4,71.0,1302.01,longleaf pine
121,13.4,77.0,1409.07,longleaf pine
121,12.8,81.0,1350.9,longleaf pine
121,11.0,74.0,912.68,longleaf pine
121,10.4,78.0,858.97,longleaf pine
121,13.8,71.0,1381.07,longleaf pine
121,12.9,75.0,1272.71,longleaf pine
121,13.0,78.0,1342.98,longleaf pine
121,12.0,78.0,1144.21,longleaf pine
121,11.8,78.0,1106.35,longleaf pine
121,14.4,80.0,1688.91,longleaf pine
121,15.6,90.0,2222.3,longleaf pine
121,11.5,86.0,1156.6,longleaf pine
121,11.0,73.0,900.55,longleaf pine
121,11.9,72.0,1040.33,longleaf pine
121,12.8,78.0,1301.96,longleaf pine
121,11.6,75.0,1028.75,longleaf pine
121,15.0,78.0,1787.96,longleaf pine
121,13.0,75.0,1292.54,longleaf pine
121,13.9,73.0,1439.53,longleaf pine
121,13.3,81.0,1458.44,longleaf pine
121,17.0,82.0,2410.27,longleaf pine
121,13.0,81.0,1393.43,longleaf pine
121,12.4,74.0,1160.5,longleaf pine
121,13.8,77.0,1494.47,longleaf pine
121,13.6,78.0,1469.83,longleaf pine
121,10.2,78.0,826.15,longleaf pine
121,12.9,73.0,1239.58,longleaf pine
121,12.3,71.0,1096.56,longleaf pine
121,12.4,71.0,1114.51,longleaf pine
121,10.8,63.0,750.9,longleaf pine
121,9.7,86.7,829.47,longleaf pine
121,8.6,77.5,585.76,longleaf pine
121,8.1,64.9,428.05,longleaf pine
121,7.9,67.5,422.94,longleaf pine
121,8.2,74.3,506.94,longleaf pine
121,6.8,59.7,265.67,longleaf pine
121,7.2,68.5,351.3,longleaf pine
121,10.3,82.9,894.79,longleaf pine
121,6.4,51.3,193.76,longleaf pine
121,10.0,69.9,712.32,longleaf pine
121,8.1,64.5,425.25,longleaf pine
121,7.1,79.1,398.31,longleaf pine
121,6.7,62.2,269.02,longleaf pine
121,7.0,50.0,232.36,longleaf pine
121,8.4,81.3,586.08,longleaf pine
121,5.6,58.8,165.02,longleaf pine
121,5.6,60.1,169.51,longleaf pine
121,8.5,77.5,571.56,longleaf pine
121,6.9,50.2,225.73,longleaf pine
121,8.3,73.9,517.18,longleaf pine
121,14.2,82.6,1694.32,longleaf pine
121,17.1,73.7,2199.69,longleaf pine
121,13.2,81.6,1447.0,longleaf pine
121,16.7,86.2,2441.46,longleaf pine
121,14.4,82.8,1746.43,longleaf pine
121,13.8,91.1,1760.97,longleaf pine
121,14.1,78.7,1593.68,longleaf pine
121,14.8,81.0,1805.65,longleaf pine
121,16.4,64.8,1787.11,longleaf pine
121,16.2,95.1,2528.12,longleaf pine
121,13.2,78.8,1398.49,longleaf pine
121,15.9,79.5,2046.33,longleaf pine
121,14.2,79.8,1638.35,longleaf pine
121,20.9,88.5,3920.21,longleaf pine
121,13.9,88.0,1727.09,longleaf pine
121,13.8,72.2,1403.75,longleaf pine
121,12.4,76.8,1203.43,longleaf pine
121,13.5,76.3,1417.51,longleaf pine
121,17.8,88.0,2829.2,longleaf pine
121,19.3,65.8,2514.07,longleaf pine
121,14.8,73.9,1651.73,longleaf pine
121,18.0,58.9,1966.13,longleaf pine
121,19.1,70.5,2630.34,longleaf pine
121,20.1,76.3,3143.15,longleaf pine
121,14.5,60.3,1302.16,longleaf pine
121,17.9,75.7,2473.52,longleaf pine
740,9.3,58.5,368.12,cottonwood and poplar spp.
740,7.9,54.0,244.35,cottonwood and poplar spp.
740,7.8,63.8,285.4,cottonwood and poplar spp.
740,8.6,62.5,338.45,cottonwood and poplar spp.
740,6.0,57.3,148.08,cottonwood and poplar spp.
740,6.6,60.8,193.47,cottonwood and poplar spp.
740,12.6,49.2,558.84,cottonwood and poplar spp.
740,11.7,53.4,525.31,cottonwood and poplar spp.
740,9.8,57.9,403.59,cottonwood and poplar spp.
740,11.4,58.1,544.23,cottonwood and poplar spp.
740,15.1,70.8,1145.03,cottonwood and poplar spp.
740,12.1,79.5,839.69,cottonwood and poplar spp.
740,11.4,66.9,628.42,cottonwood and poplar spp.
740,9.6,64.3,432.34,cottonwood and poplar spp.
740,11.4,72.7,683.91,cottonwood and poplar spp.
740,12.8,77.6,912.92,cottonwood and poplar spp.
740,12.1,70.2,740.39,cottonwood and poplar spp.
740,6.9,59.7,207.53,cottonwood and poplar spp.
740,9.8,63.5,444.23,cottonwood and poplar spp.
740,12.7,69.8,808.16,cottonwood and poplar spp.
740,1.2,12.5,2.51,cottonwood and poplar spp.
740,1.5,17.7,4.22,cottonwood and poplar spp.
740,4.0,47.6,42.87,cottonwood and poplar spp.
740,5.7,50.9,124.35,cottonwood and poplar spp.
740,1.1,12.2,2.06,cottonwood and poplar spp.
740,1.7,18.8,5.65,cottonwood and poplar spp.
740,2.2,21.0,10.37,cottonwood and poplar spp.
740,3.0,28.9,21.64,cottonwood and poplar spp.
740,1.0,13.6,1.67,cottonwood and poplar spp.
740,1.8,21.8,6.46,cottonwood and poplar spp.
740,2.7,25.3,16.85,cottonwood and poplar spp.
740,4.3,35.6,50.92,cottonwood and poplar spp.
740,1.2,16.6,2.51,cottonwood and poplar spp.
740,1.6,17.2,4.9,cottonwood and poplar spp.
740,2.3,19.7,11.53,cottonwood and poplar spp.
740,3.4,28.5,29.13,cottonwood and poplar spp.
740,1.2,15.3,2.51,cottonwood and poplar spp.
740,2.1,25.3,9.29,cottonwood and poplar spp.
740,2.7,27.7,16.85,cottonwood and poplar spp.
740,3.2,28.2,25.22,cottonwood and poplar spp.
740,5.4,39.0,89.57,cottonwood and poplar spp.
740,4.0,42.8,42.87,cottonwood and poplar spp.
740,7.2,57.3,221.07,cottonwood and poplar spp.
740,7.1,52.7,204.38,cottonwood and poplar spp.
740,8.2,59.4,287.49,cottonwood and poplar spp.
740,10.9,76.0,709.82,cottonwood and poplar spp.
740,6.4,70.5,202.65,cottonwood and poplar spp.
540,27.8,82.0,5303.84,ash spp.
540,5.6,64.4,219.86,ash spp.
540,5.9,60.0,251.67,ash spp.
540,7.6,60.0,384.81,ash spp.
540,7.3,70.0,403.84,ash spp.
540,6.2,74.0,278.19,ash spp.
540,7.5,66.0,446.98,ash spp.
540,6.0,69.0,262.12,ash spp.
540,7.7,75.0,449.66,ash spp.
540,6.5,79.0,292.53,ash spp.
540,7.1,76.0,413.02,ash spp.
540,7.4,67.0,379.94,ash spp.
540,10.5,71.8,869.53,ash spp.
540,8.1,65.1,449.92,ash spp.
540,16.1,82.7,2027.38,ash spp.
540,13.8,78.0,1573.54,ash spp.
540,12.5,84.6,1409.89,ash spp.
540,15.3,86.2,2205.07,ash spp.
540,9.5,69.4,617.78,ash spp.
540,10.1,77.5,820.71,ash spp.
540,9.5,86.2,769.08,ash spp.
540,9.7,74.9,706.76,ash spp.
540,10.6,89.4,985.53,ash spp.
540,9.0,76.9,640.96,ash spp.
540,17.3,93.7,2739.78,ash spp.
540,10.5,83.1,944.04,ash spp.
540,12.5,95.4,1446.21,ash spp.
540,13.7,92.1,1641.06,ash spp.
540,12.6,80.3,1263.43,ash spp.
540,12.8,82.7,1338.66,ash spp.
540,10.6,86.3,1039.38,ash spp.
540,14.9,98.1,2179.9,ash spp.
540,18.1,92.9,2904.03,ash spp.
540,18.6,97.4,3290.18,ash spp.
540,17.0,96.5,2687.37,ash spp.
540,15.6,104.2,2444.13,ash spp.
540,19.4,105.3,3379.04,ash spp.
540,16.5,94.4,2709.31,ash spp.
540,11.1,90.9,1137.87,ash spp.
540,13.1,86.5,1525.43,ash spp.
540,17.1,86.9,2567.68,ash spp.
540,14.2,94.8,1934.18,ash spp.
540,15.8,96.8,2373.36,ash spp.
540,13.9,91.2,1757.12,ash spp.
540,16.8,85.0,2482.74,ash spp.
540,14.8,85.9,1899.44,ash spp.
540,17.1,94.8,2579.74,ash spp.
540,14.7,92.0,2093.93,ash spp.
540,12.8,78.6,1264.55,ash spp.
540,21.5,85.5,3751.9,ash spp.
540,14.3,100.3,1919.63,ash spp.
540,18.2,84.0,2734.29,ash spp.
540,18.1,96.9,3048.75,ash spp.
540,21.3,90.1,4067.28,ash spp.
540,20.7,83.7,3477.29,ash spp.
540,18.4,81.9,2766.17,ash spp.
540,18.2,100.3,3228.62,ash spp.
540,20.7,104.6,4348.36,ash spp.
540,13.4,98.6,1691.86,ash spp.
540,19.9,96.3,3740.69,ash spp.
540,7.7,79.8,519.65,ash spp.
540,9.8,84.2,863.52,ash spp.
540,19.9,92.2,3503.4,ash spp.
540,20.3,91.1,3649.54,ash spp.
540,21.0,78.6,3534.17,ash spp.
540,19.3,84.1,3312.93,ash spp.
540,19.2,103.7,3735.04,ash spp.
540,14.7,93.1,1991.61,ash spp.
540,12.0,82.9,1250.92,ash spp.
540,12.5,85.8,1366.18,ash spp.
540,12.4,75.1,988.75,ash spp.
540,1.9,32.5,8.65,ash spp.
540,6.1,63.3,233.96,ash spp.
540,10.3,80.7,803.92,ash spp.
540,25.6,113.0,6912.87,ash spp.
950,25.7,85.0,3238.48,basswood spp.
950,26.1,97.0,3706.95,basswood spp.
950,18.7,78.0,1608.69,basswood spp.
950,23.2,109.6,3231.25,basswood spp.
950,14.3,81.0,1086.56,basswood spp.
950,9.0,73.0,430.37,basswood spp.
950,13.5,80.8,956.66,basswood spp.
950,12.6,63.4,761.91,basswood spp.
950,9.9,68.9,495.93,basswood spp.
950,9.8,76.0,532.75,basswood spp.
950,19.0,85.2,1982.23,basswood spp.
950,12.8,70.8,806.92,basswood spp.
950,14.9,95.6,1426.75,basswood spp.
950,8.5,44.2,267.86,basswood spp.
950,7.1,30.7,121.42,basswood spp.
950,6.4,39.3,108.33,basswood spp.
950,9.3,39.6,282.0,basswood spp.
950,3.3,17.3,24.76,basswood spp.
950,24.2,103.5,3755.73,basswood spp.
950,3.4,22.4,26.66,basswood spp.
950,14.6,82.8,1258.24,basswood spp.
950,8.4,76.4,353.99,basswood spp.
950,15.4,82.0,1260.7,basswood spp.
950,3.9,31.8,37.43,basswood spp.
950,22.4,97.4,3264.89,basswood spp.
950,18.5,102.0,2246.69,basswood spp.
950,17.8,105.5,2160.85,basswood spp.
950,3.0,31.9,19.57,basswood spp.
950,3.2,36.1,22.95,basswood spp.
950,9.3,72.3,481.64,basswood spp.
950,13.4,76.7,1020.17,basswood spp.
950,6.6,47.9,134.95,basswood spp.
950,20.2,111.6,2851.44,basswood spp.
950,15.4,78.2,1222.76,basswood spp.
950,4.1,48.4,42.36,basswood spp.
950,6.2,53.3,119.54,basswood spp.
950,11.3,73.8,664.89,basswood spp.
950,7.8,67.9,282.01,basswood spp.
950,16.0,67.0,1261.3,basswood spp.
950,14.0,63.2,970.91,basswood spp.
950,13.0,94.4,1044.73,basswood spp.
950,9.6,66.0,471.3,basswood spp.
950,13.6,77.8,989.08,basswood spp.
950,15.7,92.1,1501.39,basswood spp.
950,11.3,60.6,584.72,basswood spp.
950,5.4,49.9,80.47,basswood spp.
950,5.4,53.7,86.02,basswood spp.
950,4.8,45.5,62.59,basswood spp.
950,11.7,78.0,746.37,basswood spp.
950,28.6,113.9,5907.63,basswood spp.
950,18.8,91.5,2196.55,basswood spp.
950,27.0,120.1,5449.26,basswood spp.
950,13.6,97.5,1215.47,basswood spp.
950,14.1,97.2,1316.08,basswood spp.
950,4.8,35.9,62.59,basswood spp.
950,9.5,77.4,482.42,basswood spp.
950,23.1,101.1,3499.09,basswood spp.
950,23.0,107.5,3655.79,basswood spp.
950,26.8,98.8,4832.35,basswood spp.
950,13.0,91.2,1090.63,basswood spp.
950,21.5,78.3,2429.75,basswood spp.
950,13.1,96.2,1095.18,basswood spp.
950,7.5,72.9,248.04,basswood spp.
950,8.6,56.6,306.37,basswood spp.
950,21.8,107.7,3285.48,basswood spp.
950,27.9,86.1,4633.19,basswood spp.
950,29.4,110.0,5614.95,basswood spp.
970,2.3,29.0,11.86,elm spp.
970,1.4,26.0,3.5,elm spp.
970,2.9,31.0,21.05,elm spp.
970,8.7,60.0,435.36,elm spp.
970,1.0,13.0,1.55,elm spp.
970,1.9,20.0,7.4,elm spp.
970,12.3,49.0,679.29,elm spp.
970,1.3,16.0,2.92,elm spp.
970,1.4,16.0,3.5,elm spp.
970,5.4,28.0,82.68,elm spp.
970,9.2,46.0,370.4,elm spp.
970,4.0,28.0,46.7,elm spp.
970,3.2,24.0,26.86,elm spp.
970,6.8,38.0,174.83,elm spp.
970,4.8,35.0,73.39,elm spp.
970,1.4,19.0,3.5,elm spp.
970,2.7,29.0,17.64,elm spp.
970,10.6,51.0,534.13,elm spp.
970,6.2,42.0,163.47,elm spp.
970,15.4,68.0,1443.36,elm spp.
970,16.3,64.0,1515.75,elm spp.
970,20.1,72.0,2547.09,elm spp.
970,12.3,49.0,679.29,elm spp.
970,8.1,40.0,254.41,elm spp.
970,13.1,64.0,998.64,elm spp.
970,12.7,64.0,941.52,elm spp.
970,15.4,58.0,1233.68,elm spp.
970,7.8,53.0,314.78,elm spp.
970,16.5,59.0,1432.23,elm spp.
970,11.1,64.0,729.69,elm spp.
970,16.4,78.0,1864.13,elm spp.
970,20.0,74.0,2591.49,elm spp.
970,17.7,71.0,1966.6,elm spp.
970,10.8,66.0,713.85,elm spp.
970,6.4,43.0,177.47,elm spp.
970,9.7,53.0,470.38,elm spp.
970,5.6,45.0,145.85,elm spp.
970,20.7,61.0,2291.87,elm spp.
970,6.8,40.0,184.21,elm spp.
970,16.6,81.0,1980.33,elm spp.
970,13.6,78.0,1304.98,elm spp.
970,7.5,60.0,331.98,elm spp.
970,8.3,40.0,266.18,elm spp.
970,16.5,85.0,2053.09,elm spp.
970,5.1,40.0,108.7,elm spp.
970,9.1,56.9,521.38,elm spp.
970,4.3,40.3,55.87,elm spp.
970,13.5,52.8,935.09,elm spp.
970,2.8,27.8,19.3,elm spp.
970,4.0,44.0,46.7,elm spp.
970,13.2,70.2,1143.7,elm spp.
970,9.9,75.7,729.62,elm spp.
970,7.1,49.1,194.61,elm spp.
970,3.9,36.1,43.86,elm spp.
970,11.7,67.8,980.53,elm spp.
970,11.3,84.1,1041.67,elm spp.
999,11.4,50.0,585.03,Other or unknown live tree
999,5.5,42.0,120.2,Other or unknown live tree
999,6.4,41.0,158.99,Other or unknown live tree
999,5.3,32.0,80.16,Other or unknown live tree
999,5.5,48.0,140.09,Other or unknown live tree
999,11.3,35.0,420.52,Other or unknown live tree
999,14.3,64.0,1095.81,Other or unknown live tree
999,5.5,37.0,103.62,Other or unknown live tree
999,6.9,47.0,213.92,Other or unknown live tree
999,7.2,34.0,163.96,Other or unknown live tree
999,8.0,37.0,221.44,Other or unknown live tree
999,6.5,35.0,137.56,Other or unknown live tree
999,5.2,34.0,82.83,Other or unknown live tree
999,1.0,11.2,1.62,Other or unknown live tree
999,1.0,10.8,1.62,Other or unknown live tree
999,1.1,10.8,2.04,Other or unknown live tree
999,1.0,14.4,1.62,Other or unknown live tree
999,1.1,12.6,2.04,Other or unknown live tree
999,1.0,15.9,1.62,Other or unknown live tree
999,1.2,16.7,2.53,Other or unknown live tree
999,1.3,15.7,3.07,Other or unknown live tree
999,1.7,16.6,5.94,Other or unknown live tree
999,3.9,21.6,46.4,Other or unknown live tree
999,2.2,10.7,11.23,Other or unknown live tree
999,1.5,17.7,4.36,Other or unknown live tree
999,1.3,15.1,3.07,Other or unknown live tree
999,1.0,13.8,1.62,Other or unknown live tree
999,1.1,13.1,2.04,Other or unknown live tree
999,1.0,16.7,1.62,Other or unknown live tree
999,1.2,17.4,2.53,Other or unknown live tree
999,1.5,18.4,4.36,Other or unknown live tree
999,1.4,14.1,3.68,Other or unknown live tree
999,1.9,14.4,7.82,Other or unknown live tree
999,1.3,13.1,3.07,Other or unknown live tree
999,2.6,17.1,16.99,Other or unknown live tree
999,1.1,11.8,2.04,Other or unknown live tree
999,2.0,12.5,8.87,Other or unknown live tree
999,2.2,14.1,11.23,Other or unknown live tree
999,1.9,13.1,7.82,Other or unknown live tree
999,3.9,18.0,46.4,Other or unknown live tree
999,2.2,17.7,11.23,Other or unknown live tree
999,1.7,16.4,5.94,Other or unknown live tree
999,2.9,20.3,22.26,Other or unknown live tree
999,2.1,15.7,10.01,Other or unknown live tree
999,1.9,15.7,7.82,Other or unknown live tree
999,3.2,18.7,28.41,Other or unknown live tree
999,2.8,17.7,20.41,Other or unknown live tree
999,2.6,18.4,16.99,Other or unknown live tree
999,4.4,19.7,62.59,Other or unknown live tree
999,1.1,19.4,2.04,Other or unknown live tree
999,1.0,17.7,1.62,Other or unknown live tree
999,1.3,20.0,3.07,Other or unknown live tree
999,3.1,21.3,26.26,Other or unknown live tree
999,2.2,18.7,11.23,Other or unknown live tree
999,2.1,18.0,10.01,Other or unknown live tree
999,1.0,19.4,1.62,Other or unknown live tree
999,3.8,34.1,43.51,Other or unknown live tree
999,2.0,22.3,8.87,Other or unknown live tree
999,3.8,20.3,43.51,Other or unknown live tree
999,1.4,19.0,3.68,Other or unknown live tree
999,2.3,21.3,12.54,Other or unknown live tree
999,2.0,19.0,8.87,Other or unknown live tree
999,3.3,18.0,30.67,Other or unknown live tree
999,3.8,19.0,43.51,Other or unknown live tree
400,7.5,63.0,395.03,hickory spp.
400,7.8,64.0,434.23,hickory spp.
400,9.3,67.0,642.76,hickory spp.
400,12.2,83.0,1353.35,hickory spp.
400,12.7,88.0,1551.42,hickory spp.
400,16.3,82.0,2338.22,hickory spp.
400,7.9,62.0,430.34,hickory spp.
400,9.4,53.0,513.53,hickory spp.
400,8.2,70.0,527.02,hickory spp.
400,7.6,48.0,300.9,hickory spp.
400,8.8,58.0,495.86,hickory spp.
400,17.0,94.0,2906.16,hickory spp.
400,6.1,41.0,155.45,hickory spp.
400,13.8,71.0,1466.22,hickory spp.
400,11.5,60.0,866.21,hickory spp.
400,8.6,52.0,421.75,hickory spp.
400,7.5,47.0,285.98,hickory spp.
400,6.1,43.0,164.98,hickory spp.
400,18.1,94.0,3280.28,hickory spp.
400,8.4,69.0,543.97,hickory spp.
400,17.0,85.0,2628.83,hickory spp.
400,7.2,59.0,338.82,hickory spp.
400,11.3,70.0,980.71,hickory spp.
400,5.1,39.0,93.24,hickory spp.
400,5.4,48.0,143.26,hickory spp.
400,6.3,61.0,268.05,hickory spp.
400,12.5,64.0,1089.05,hickory spp.
400,13.8,64.0,1320.47,hickory spp.
400,6.7,44.0,208.83,hickory spp.
400,19.3,80.0,3165.14,hickory spp.
400,9.0,77.0,697.37,hickory spp.
400,5.6,59.0,201.2,hickory spp.
400,8.4,74.0,585.63,hickory spp.
400,7.5,50.0,306.42,hickory spp.
400,5.8,68.0,256.25,hickory spp.
400,15.2,82.0,2042.86,hickory spp.
400,12.8,75.0,1339.67,hickory spp.
400,15.3,95.0,2397.31,hickory spp.
400,10.9,55.0,713.84,hickory spp.
400,13.9,68.0,1423.58,hickory spp.
400,12.0,65.0,1021.81,hickory spp.
400,15.3,72.0,1816.27,hickory spp.
400,8.7,75.0,635.59,hickory spp.
400,10.8,83.0,1068.48,hickory spp.
400,12.5,54.0,915.83,hickory spp.
400,8.6,73.0,604.19,hickory spp.
400,5.8,42.0,142.53,hickory spp.
400,13.4,80.0,1562.36,hickory spp.
400,14.2,93.0,2032.95,hickory spp.
400,17.6,92.0,3041.63,hickory spp.
400,9.0,39.0,339.2,hickory spp.
400,7.8,68.0,463.45,hickory spp.
400,9.9,63.0,680.78,hickory spp.
400,12.5,79.0,1348.89,hickory spp.
400,14.7,78.0,1821.34,hickory spp.
400,14.0,79.0,1678.82,hickory spp.
400,10.6,26.0,308.2,hickory spp.
400,10.4,61.0,724.66,hickory spp.
400,6.4,50.0,219.96,hickory spp.
400,9.1,55.0,500.83,hickory spp.
400,7.5,44.0,265.53,hickory spp.
400,7.4,45.0,264.81,hickory spp.
400,8.0,51.0,357.14,hickory spp.
400,14.8,72.0,1702.97,hickory spp.
400,15.0,90.0,2185.98,hickory spp.
400,9.9,65.0,703.17,hickory spp.
400,13.0,70.3,1207.23,hickory spp.
400,10.0,73.5,610.4,hickory spp.
400,13.4,72.0,1305.15,hickory spp.
400,12.3,58.0,1046.33,hickory spp.
400,10.6,52.2,710.64,hickory spp.
400,20.4,67.0,3660.99,hickory spp.
400,12.9,53.9,1183.43,hickory spp.
400,11.4,58.5,858.97,hickory spp.
400,7.0,46.9,241.63,hickory spp.
400,11.7,69.2,919.0,hickory spp.
400,12.1,58.1,1002.81,hickory spp.
400,10.6,60.6,710.64,hickory spp.
400,11.4,53.2,858.97,hickory spp.
400,13.1,60.1,1231.3,hickory spp.
400,13.1,66.3,1231.3,hickory spp.
400,12.6,77.4,1113.66,hickory spp.
400,11.3,68.6,839.5,hickory spp.
400,10.4,54.5,676.19,hickory spp.
400,13.1,70.4,1231.3,hickory spp.
400,12.8,62.3,1159.9,hickory spp.
400,11.0,51.5,782.68,hickory spp.
400,11.4,61.9,858.97,hickory spp.
400,12.2,73.3,1024.43,hickory spp.
400,9.1,55.8,477.24,hickory spp.
400,9.5,56.1,533.92,hickory spp.
400,14.7,58.8,1653.21,hickory spp.
400,10.2,60.2,642.78,hickory spp.
400,11.8,60.6,939.55,hickory spp.
400,11.3,72.5,839.5,hickory spp.
400,13.9,71.0,1433.65,hickory spp.
400,10.6,69.7,710.64,hickory spp.
400,11.2,63.4,820.3,hickory spp.
400,15.8,98.3,3029.44,hickory spp.
400,13.4,85.8,1869.14,hickory spp.
400,16.2,100.9,3165.95,hickory spp.
400,15.8,84.4,2608.45,hickory spp.
400,17.0,99.0,3317.52,hickory spp.
400,14.4,98.7,2465.27,hickory spp.
400,14.2,91.9,2249.17,hickory spp.
400,15.4,91.9,2668.44,hickory spp.
400,15.5,97.0,2866.45,hickory spp.
400,20.4,109.8,5320.06,hickory spp.
400,16.4,102.2,3117.93,hickory spp.
400,22.0,113.4,6463.75,hickory spp.
400,13.3,97.1,2128.02,hickory spp.
400,11.7,89.5,1520.01,hickory spp.
400,12.7,79.5,1684.14,hickory spp.
400,8.7,79.5,758.05,hickory spp.
400,15.4,103.3,2890.53,hickory spp.
400,8.5,84.0,789.64,hickory spp.
400,10.9,73.0,1179.88,hickory spp.
400,6.9,56.0,339.54,hickory spp.
400,5.6,54.3,151.3,hickory spp.
400,6.3,56.3,230.12,hickory spp.
400,8.5,61.2,560.46,hickory spp.
400,9.3,66.1,670.84,hickory spp.
400,8.6,56.8,508.15,hickory spp.
400,7.9,66.0,517.16,hickory spp.
400,6.6,52.2,252.67,hickory spp.
400,7.7,47.1,399.73,hickory spp.
400,9.7,61.3,757.22,hickory spp.
400,11.2,66.5,1073.72,hickory spp.
400,10.8,65.7,966.08,hickory spp.
400,13.0,59.5,1337.24,hickory spp.
400,6.3,47.1,206.12,hickory spp.
400,9.9,82.2,1019.36,hickory spp.
400,12.5,77.1,1561.61,hickory spp.
400,11.2,75.2,1236.57,hickory spp.
400,4.9,50.1,102.37,hickory spp.
400,7.5,64.5,501.02,hickory spp.
400,15.1,79.0,2243.81,hickory spp.
400,9.9,77.4,987.95,hickory spp.
400,9.0,72.5,762.68,hickory spp.
400,12.2,78.9,1493.8,hickory spp.
400,5.9,65.1,207.36,hickory spp.
400,5.5,58.2,165.83,hickory spp.
400,20.6,99.4,5238.71,hickory spp.
400,17.8,86.3,3515.27,hickory spp.
400,20.9,99.8,5471.7,hickory spp.
400,22.5,108.0,6539.56,hickory spp.
400,20.8,99.9,5522.22,hickory spp.
400,21.3,103.0,5595.12,hickory spp.
400,5.1,55.9,101.65,hickory spp.
400,17.1,82.3,2990.13,hickory spp.
400,17.1,84.0,3102.38,hickory spp.
400,19.8,87.8,4326.41,hickory spp.
400,20.3,91.2,4666.49,hickory spp.
400,19.0,88.1,3971.01,hickory spp.
400,18.2,89.0,3730.35,hickory spp.
400,9.9,76.9,895.75,hickory spp.
400,13.6,97.7,2279.81,hickory spp.
400,13.7,91.2,2104.16,hickory spp.
400,9.6,60.0,609.45,hickory spp.
400,14.7,86.0,2008.82,hickory spp.
400,12.2,77.5,1262.26,hickory spp.
400,3.2,31.8,36.38,hickory spp.
400,5.0,48.1,119.41,hickory spp.
400,6.3,61.0,268.05,hickory spp.
400,7.8,77.4,532.1,hickory spp.
400,8.3,79.4,616.25,hickory spp.
400,9.2,69.7,655.89,hickory spp.
400,12.9,96.8,1760.35,hickory spp.
400,15.3,103.7,2617.09,hickory spp.
400,18.3,87.3,3113.32,hickory spp.
400,20.6,94.8,4249.58,hickory spp.
400,1.1,17.4,2.8,hickory spp.
400,1.2,15.4,3.43,hickory spp.
400,2.2,25.3,14.68,hickory spp.
400,3.8,39.4,55.21,hickory spp.
400,5.9,48.2,176.27,hickory spp.
400,2.8,12.5,26.32,hickory spp.
400,1.8,10.8,9.05,hickory spp.
400,1.7,9.8,7.88,hickory spp.
400,10.9,49.4,639.11,hickory spp.
400,11.3,62.1,867.12,hickory spp.
400,17.3,45.0,2090.32,hickory spp.
400,22.0,88.0,5429.28,hickory spp.
400,3.4,29.0,42.14,hickory spp.
400,10.9,68.4,1190.02,hickory spp.
400,11.2,66.1,1010.57,hickory spp.
400,3.6,24.9,48.42,hickory spp.
400,11.9,105.2,1750.5,hickory spp.
400,12.2,91.0,1738.47,hickory spp.
400,26.8,100.6,8650.78,hickory spp.
400,10.2,80.3,1136.05,hickory spp.
400,15.4,95.6,2858.63,hickory spp.
400,3.0,34.4,31.11,hickory spp.
400,12.1,67.8,1386.26,hickory spp.
400,7.1,66.0,456.88,hickory spp.
400,15.5,89.4,2660.0,hickory spp.
400,23.5,107.9,7247.18,hickory spp.
400,13.8,66.1,1652.12,hickory spp.
400,15.0,91.1,2502.15,hickory spp.
400,27.0,109.7,9969.55,hickory spp.
400,6.0,48.2,190.73,hickory spp.
400,30.1,96.0,10401.67,hickory spp.
400,33.0,116.4,15013.09,hickory spp.
400,8.6,70.0,652.92,hickory spp.
400,4.3,42.0,74.53,hickory spp.
400,4.7,39.0,92.51,hickory spp.
400,6.0,49.0,211.19,hickory spp.
400,6.1,50.0,224.36,hickory spp.
400,6.8,72.0,382.88,hickory spp.
400,9.0,70.0,721.94,hickory spp.
400,9.4,71.0,801.7,hickory spp.
400,10.8,73.0,1100.28,hickory spp.
400,11.8,77.0,1375.84,hickory spp.
400,12.8,74.0,1585.46,hickory spp.
400,14.0,75.0,1926.74,hickory spp.
400,14.7,71.0,2051.12,hickory spp.
400,10.5,76.0,1066.05,hickory spp.
400,13.5,78.0,1836.68,hickory spp.
400,11.6,76.0,1250.94,hickory spp.
400,8.8,70.0,637.62,hickory spp.
400,13.4,78.0,1844.42,hickory spp.
800,5.6,31.0,104.26,oak spp.
800,1.2,14.0,4.17,oak spp.
800,6.6,23.0,105.0,oak spp.
800,5.7,33.0,116.27,oak spp.
800,6.6,36.0,172.21,oak spp.
800,6.1,31.5,126.87,oak spp.
800,4.2,23.0,87.51,oak spp.
800,6.7,23.0,108.43,oak spp.
800,8.0,46.0,323.5,oak spp.
800,7.7,48.0,314.29,oak spp.
800,6.6,29.0,136.02,oak spp.
800,7.2,31.0,174.34,oak spp.
800,5.3,29.0,85.58,oak spp.
800,5.9,36.0,137.65,oak spp.
800,9.2,46.0,422.18,oak spp.
800,5.1,20.0,48.49,oak spp.
800,5.5,26.0,81.4,oak spp.
800,5.6,24.3,78.08,oak spp.
800,5.2,22.0,57.88,oak spp.
800,10.2,48.0,536.32,oak spp.
800,1.0,10.0,2.69,oak spp.
800,1.1,11.0,3.38,oak spp.
800,1.9,16.0,12.72,oak spp.
800,2.7,20.0,29.87,oak spp.
800,2.6,21.0,27.26,oak spp.
800,1.8,14.0,11.15,oak spp.
800,1.9,17.0,12.72,oak spp.
800,3.7,29.0,64.29,oak spp.
800,1.8,20.0,11.15,oak spp.
800,1.6,13.0,8.38,oak spp.
800,1.5,14.0,7.16,oak spp.
800,1.8,12.0,11.15,oak spp.
800,1.6,12.0,8.38,oak spp.
800,1.2,11.0,4.17,oak spp.
800,1.7,11.0,9.71,oak spp.
800,6.3,30.0,128.37,oak spp.
800,1.1,10.0,3.38,oak spp.
800,3.9,28.0,73.07,oak spp.
800,1.2,10.0,4.17,oak spp.
800,1.2,11.0,4.17,oak spp.
800,1.5,12.0,7.16,oak spp.
800,1.2,10.0,4.17,oak spp.
800,5.1,32.0,88.62,oak spp.
800,5.8,25.0,87.36,oak spp.
800,3.5,18.0,56.16,oak spp.
800,8.2,36.5,267.22,oak spp.
800,1.3,11.0,5.06,oak spp.
800,7.2,36.0,204.41,oak spp.
800,5.9,31.0,116.31,oak spp.
800,5.1,30.0,81.93,oak spp.
800,6.5,23.0,101.61,oak spp.
800,9.8,34.0,351.14,oak spp.
800,2.7,14.0,29.87,oak spp.
800,6.5,32.0,146.93,oak spp.
800,7.0,26.0,136.16,oak spp.
800,10.4,50.0,579.73,oak spp.
800,17.4,55.0,1686.25,oak spp.
800,7.6,45.0,286.73,oak spp.
800,8.5,60.0,476.02,oak spp.
800,6.7,30.0,145.57,oak spp.
800,6.9,37.0,193.6,oak spp.
800,13.3,60.0,1101.96,oak spp.
800,6.0,50.1,204.31,oak spp.
800,5.4,50.0,166.38,oak spp.
800,6.3,54.5,245.31,oak spp.
800,7.5,56.9,356.45,oak spp.
800,7.1,53.3,300.42,oak spp.
800,7.0,58.5,322.25,oak spp.
351,13.3,75.8,1097.16,red alder
351,13.7,85.2,1305.51,red alder
351,2.2,42.6,11.2,red alder
351,14.2,74.6,1212.52,red alder
351,14.5,84.7,1434.28,red alder
351,15.1,91.0,1659.44,red alder
351,16.3,95.6,1995.2,red alder
351,16.6,95.5,2056.71,red alder
351,17.0,96.3,2161.38,red alder
351,18.0,77.7,1911.03,red alder
351,18.7,95.0,2507.61,red alder
351,19.7,82.0,2354.89,red alder
351,20.2,95.3,2865.58,red alder
351,2.4,24.8,13.77,red alder
351,21.9,103.1,3553.66,red alder
351,22.1,83.8,2920.14,red alder
351,24.1,110.5,4457.7,red alder
351,24.8,72.1,3039.24,red alder
351,2.4,28.5,13.77,red alder
351,2.5,22.3,15.17,red alder
351,2.9,24.7,21.58,red alder
351,3.3,27.9,29.34,red alder
15,7.7,34.5,156.05,white fir 
15,4.6,22.2,49.08,white fir 
15,2.1,9.8,7.21,white fir 
15,2.1,12.4,7.21,white fir 
15,5.8,31.1,83.17,white fir 
15,2.3,12.3,8.99,white fir 
15,6.9,41.0,144.84,white fir 
15,6.2,29.7,91.35,white fir 
15,10.1,69.7,483.96,white fir 
15,10.6,70.1,534.03,white fir 
15,12.3,69.0,701.84,white fir 
15,5.6,29.8,75.26,white fir 
15,8.4,52.5,261.63,white fir 
15,5.9,28.9,81.32,white fir 
15,10.3,66.8,482.84,white fir 
15,10.1,58.1,409.14,white fir 
15,10.7,51.8,414.06,white fir 
15,12.0,60.3,591.83,white fir 
15,11.3,74.2,637.72,white fir 
15,11.5,55.8,508.57,white fir 
15,12.7,81.1,870.51,white fir 
15,12.0,71.0,687.01,white fir 
15,10.6,69.0,526.11,white fir 
15,7.9,50.8,225.78,white fir 
15,8.4,46.5,235.55,white fir 
15,4.2,26.3,39.23,white fir 
15,6.4,43.1,130.71,white fir 
15,4.3,25.6,41.57,white fir 
15,3.7,21.8,28.73,white fir 
15,7.6,41.6,176.71,white fir 
15,3.3,21.5,21.7,white fir 
15,3.3,23.5,21.7,white fir 
15,6.6,44.1,141.38,white fir 
15,10.5,72.3,540.05,white fir 
15,6.0,34.5,96.23,white fir 
15,11.8,68.4,642.23,white fir 
15,5.6,23.5,63.37,white fir 
15,6.0,34.0,95.13,white fir 
15,10.9,71.4,573.47,white fir 
15,5.9,36.2,96.82,white fir 
15,3.1,21.5,18.61,white fir 
15,3.7,16.9,28.73,white fir 
15,3.4,21.3,23.34,white fir 
15,3.4,30.5,23.34,white fir 
15,2.8,15.9,14.51,white fir 
15,1.5,9.5,3.22,white fir 
15,5.1,33.7,69.23,white fir 
15,6.3,37.8,113.72,white fir 
15,10.4,69.6,511.31,white fir 
15,11.2,72.5,613.16,white fir 
15,2.0,13.2,6.41,white fir 
15,5.1,41.6,82.37,white fir 
15,3.6,22.4,26.86,white fir 
15,10.1,58.7,412.92,white fir 
15,1.1,8.8,1.57,white fir 
15,2.4,13.0,9.97,white fir 
15,10.5,68.7,514.46,white fir 
15,11.6,68.3,620.42,white fir 
15,8.0,53.3,241.36,white fir 
15,8.0,40.3,190.21,white fir 
15,7.7,45.6,195.73,white fir 
15,3.7,25.5,28.73,white fir 
15,4.0,25.8,34.8,white fir 
15,2.9,16.2,15.81,white fir 
15,8.0,48.1,220.59,white fir 
15,1.8,11.1,4.97,white fir 
15,10.6,64.1,491.24,white fir 
15,7.5,44.9,183.6,white fir 
15,11.5,74.8,664.78,white fir 
15,11.5,66.0,591.07,white fir 
15,10.8,53.9,436.38,white fir 
15,11.8,69.4,650.96,white fir 
15,12.6,56.3,613.18,white fir 
15,18.3,88.2,1919.48,white fir 
15,15.5,88.9,1399.78,white fir 
15,18.6,103.5,2317.24,white fir 
15,18.5,106.6,2362.61,white fir 
15,20.8,108.4,3015.03,white fir 
15,26.8,135.6,6197.52,white fir 
15,17.8,56.2,1213.97,white fir 
15,10.3,59.8,436.17,white fir 
15,16.1,106.2,1801.3,white fir 
15,10.8,59.4,475.41,white fir 
15,16.3,90.0,1562.02,white fir 
15,19.3,85.1,2059.48,white fir 
15,9.3,51.0,310.72,white fir 
15,19.6,82.7,2066.94,white fir 
15,10.0,40.9,297.99,white fir 
15,16.7,106.4,1936.07,white fir 
15,16.4,101.2,1776.29,white fir 
15,17.3,102.6,1996.67,white fir 
15,17.5,87.6,1747.49,white fir 
15,19.1,105.2,2479.7,white fir 
15,23.0,99.9,3385.1,white fir 
15,21.5,113.9,3379.87,white fir 
15,22.0,124.4,3869.78,white fir 
15,16.9,104.4,1942.69,white fir 
15,15.7,104.7,1691.4,white fir 
15,13.8,97.5,1227.67,white fir 
15,19.3,105.0,2525.42,white fir 
15,12.1,82.4,805.49,white fir 
15,15.1,88.6,1326.23,white fir 
15,14.0,81.3,1053.63,white fir 
15,8.9,59.5,327.33,white fir 
15,9.1,53.8,312.12,white fir 
15,14.4,88.3,1205.87,white fir 
15,20.7,117.8,3251.43,white fir 
15,23.1,105.2,3590.13,white fir 
15,15.9,87.5,1448.18,white fir 
15,22.6,86.6,2856.75,white fir 
15,21.9,105.1,3231.96,white fir 
15,11.3,70.3,605.85,white fir 
15,16.2,82.2,1414.56,white fir 
15,13.0,82.1,921.57,white fir 
15,17.7,84.4,1724.55,white fir 
15,10.2,65.0,461.92,white fir 
15,20.2,117.0,3079.93,white fir 
15,16.1,79.7,1357.4,white fir 
15,15.5,85.5,1347.72,white fir 
15,12.2,77.4,769.96,white fir 
15,14.6,80.5,1132.34,white fir 
15,14.5,83.2,1153.24,white fir 
15,22.7,103.3,3408.21,white fir 
15,13.8,86.1,1083.47,white fir 
15,13.7,65.9,830.66,white fir 
15,12.6,56.1,611.29,white fir 
15,15.4,75.2,1178.62,white fir 
15,12.5,66.7,702.0,white fir 
15,12.7,72.9,786.17,white fir 
15,11.4,62.6,553.74,white fir 
15,12.6,60.9,656.91,white fir 
15,13.7,75.6,942.69,white fir 
15,11.2,58.9,506.5,white fir 
15,14.2,72.1,967.24,white fir 
15,13.8,77.6,980.01,white fir 
15,19.4,86.0,2101.17,white fir 
15,10.2,65.4,464.56,white fir 
15,13.7,87.4,1084.28,white fir 
15,9.6,52.2,337.26,white fir 
15,18.9,98.4,2273.11,white fir 
15,10.3,59.5,434.2,white fir 
15,12.9,60.4,682.94,white fir 
15,18.3,84.4,1840.94,white fir 
15,17.5,87.0,1736.03,white fir 
15,25.3,133.1,5438.11,white fir 
15,12.2,67.7,678.75,white fir 
15,17.6,98.0,1971.38,white fir 
15,20.9,109.5,3074.3,white fir 
15,11.1,45.2,396.95,white fir 
15,21.2,114.1,3295.02,white fir 
15,13.8,69.3,881.97,white fir 
15,10.4,49.2,374.81,white fir 
15,13.1,48.4,582.66,white fir 
15,18.4,88.8,1952.66,white fir 
15,24.8,94.9,3738.25,white fir 
15,10.9,64.9,524.5,white fir 
15,27.0,132.1,6118.5,white fir 
15,23.2,109.0,3749.51,white fir 
15,18.2,92.8,1994.38,white fir 
15,16.2,87.1,1495.14,white fir 
15,11.6,64.7,590.24,white fir 
15,23.1,119.4,4075.58,white fir 
15,27.8,134.7,6606.75,white fir 
15,22.0,93.6,2914.45,white fir 
15,16.5,62.2,1138.62,white fir 
15,18.7,99.0,2239.99,white fir 
15,17.9,104.2,2166.22,white fir 
15,21.5,124.6,3708.54,white fir 
15,28.7,128.0,6669.97,white fir 
15,35.1,130.7,10096.69,white fir 
15,21.0,94.4,2681.91,white fir 
15,14.1,58.8,794.67,white fir 
15,16.2,64.2,1128.84,white fir 
15,13.7,70.6,884.49,white fir 
15,14.8,63.3,932.7,white fir 
15,17.8,93.3,1919.92,white fir 
15,22.0,102.1,3169.35,white fir 
15,33.9,153.0,11083.97,white fir 
15,17.4,86.0,1697.85,white fir 
15,25.8,125.9,5331.53,white fir 
15,28.1,134.6,6740.41,white fir 
15,24.8,126.8,4974.71,white fir 
15,15.2,78.2,1191.62,white fir 
15,21.3,91.3,2671.17,white fir 
15,18.0,94.7,1990.9,white fir 
15,19.0,102.9,2400.77,white fir 
15,15.4,69.7,1099.36,white fir 
15,10.0,53.2,371.25,white fir 
15,12.0,54.1,538.24,white fir 
15,10.0,58.0,400.69,white fir 
15,14.5,83.4,1155.92,white fir 
15,12.9,49.8,578.7,white fir 
15,11.1,51.2,440.54,white fir 
15,12.3,55.4,576.7,white fir 
15,17.7,62.3,1310.59,white fir 
15,16.2,85.9,1475.29,white fir 
15,12.1,67.2,663.42,white fir 
15,17.9,81.9,1713.77,white fir 
15,16.2,79.8,1375.55,white fir 
15,11.2,69.8,591.54,white fir 
15,15.5,80.7,1275.27,white fir 
15,31.2,131.0,8036.24,white fir 
15,33.6,170.3,12224.82,white fir 
15,17.3,89.8,1750.05,white fir 
15,22.1,98.8,3097.05,white fir 
15,20.6,94.9,2595.91,white fir 
15,25.9,104.0,4443.08,white fir 
15,22.8,104.5,3476.72,white fir 
15,27.3,125.3,5921.5,white fir 
15,20.1,80.2,2111.45,white fir 
15,16.5,70.6,1273.91,white fir 
15,30.1,128.2,7330.69,white fir 
15,18.3,83.5,1822.47,white fir 
15,24.2,116.7,4358.35,white fir 
15,26.8,129.2,5894.34,white fir 
15,6.5,30.9,103.14,white fir 
15,5.7,23.5,65.58,white fir 
15,5.6,25.3,66.74,white fir 
15,7.9,39.0,180.75,white fir 
15,3.4,19.9,23.34,white fir 
15,3.8,18.0,30.67,white fir 
15,8.5,42.4,223.15,white fir 
15,5.1,19.7,47.0,white fir 
15,3.1,10.5,18.61,white fir 
15,26.6,84.8,3870.84,white fir 
15,12.3,32.5,376.79,white fir 
15,15.0,50.2,785.79,white fir 
15,22.5,91.7,2987.54,white fir 
15,2.6,9.9,12.11,white fir 
15,19.4,80.0,1964.35,white fir 
15,19.0,82.5,1939.92,white fir 
15,11.2,54.8,475.36,white fir 
15,4.3,20.2,41.57,white fir 
15,6.4,29.1,95.68,white fir 
15,1.8,9.7,4.97,white fir 
15,2.3,14.5,8.99,white fir 
15,9.1,52.5,291.47,white fir 
15,11.2,77.0,649.72,white fir 
17,37.6,176.8,15158.29,grand fir 
17,21.4,133.2,3784.94,grand fir 
17,16.8,120.7,2145.7,grand fir 
17,15.4,94.3,1406.22,grand fir 
17,28.3,145.7,7123.79,grand fir 
17,19.4,120.3,2814.41,grand fir 
17,17.2,101.1,1866.71,grand fir 
17,27.6,137.2,6371.28,grand fir 
17,32.0,152.4,9471.04,grand fir 
17,13.9,117.3,1453.52,grand fir 
17,15.8,123.3,1955.06,grand fir 
17,22.2,109.0,3302.36,grand fir 
17,24.8,151.1,5753.34,grand fir 
17,22.1,158.9,4895.33,grand fir 
17,17.2,148.2,2825.28,grand fir 
17,24.4,157.6,5846.09,grand fir 
17,24.0,151.7,5429.06,grand fir 
17,16.4,111.9,1890.63,grand fir 
17,14.6,115.2,1563.43,grand fir 
17,13.1,107.2,1178.45,grand fir 
17,25.1,156.0,6098.38,grand fir 
17,20.2,119.8,3028.39,grand fir 
93,3.1,20.7,16.77,Engelmann spruce
93,3.4,10.7,20.69,Engelmann spruce
93,3.9,12.7,28.31,Engelmann spruce
93,3.6,28.9,23.58,Engelmann spruce
93,3.1,20.9,16.77,Engelmann spruce
93,2.3,18.9,8.55,Engelmann spruce
93,3.3,33.3,19.33,Engelmann spruce
93,4.9,35.2,47.82,Engelmann spruce
93,1.8,14.3,4.97,Engelmann spruce
93,4.3,32.2,35.42,Engelmann spruce
93,2.2,17.9,7.74,Engelmann spruce
93,4.3,31.8,35.42,Engelmann spruce
93,4.6,27.1,41.35,Engelmann spruce
93,4.8,36.6,45.61,Engelmann spruce
93,4.9,37.2,47.82,Engelmann spruce
93,3.5,27.3,22.11,Engelmann spruce
93,1.9,13.9,5.59,Engelmann spruce
93,2.8,22.7,13.31,Engelmann spruce
93,3.2,34.0,18.02,Engelmann spruce
93,4.6,28.7,41.35,Engelmann spruce
93,1.7,15.9,4.39,Engelmann spruce
93,2.5,18.8,10.31,Engelmann spruce
93,3.0,24.7,15.56,Engelmann spruce
93,2.4,19.6,9.4,Engelmann spruce
93,2.1,18.7,6.98,Engelmann spruce
93,3.5,22.7,22.11,Engelmann spruce
93,2.5,19.3,10.31,Engelmann spruce
93,2.8,21.7,13.31,Engelmann spruce
93,2.7,20.5,12.26,Engelmann spruce
93,4.1,31.5,31.75,Engelmann spruce
93,2.3,14.1,8.55,Engelmann spruce
93,3.8,31.0,26.68,Engelmann spruce
93,3.6,28.1,23.58,Engelmann spruce
93,3.7,30.2,25.1,Engelmann spruce
93,4.4,25.9,37.34,Engelmann spruce
93,1.7,12.3,4.39,Engelmann spruce
93,2.7,19.0,12.26,Engelmann spruce
93,4.7,34.5,43.45,Engelmann spruce
93,1.8,13.6,4.97,Engelmann spruce
93,4.6,34.8,41.35,Engelmann spruce
93,3.5,30.4,22.11,Engelmann spruce
93,3.0,28.1,15.56,Engelmann spruce
93,1.7,12.8,4.39,Engelmann spruce
93,3.9,44.5,28.31,Engelmann spruce
93,4.4,35.4,37.34,Engelmann spruce
93,4.6,48.8,41.35,Engelmann spruce
93,4.6,64.7,41.35,Engelmann spruce
93,4.9,63.9,47.82,Engelmann spruce
93,3.3,39.3,19.33,Engelmann spruce
93,4.7,63.2,43.45,Engelmann spruce
93,4.8,66.2,45.61,Engelmann spruce
93,4.4,57.2,37.34,Engelmann spruce
93,4.4,38.6,37.34,Engelmann spruce
93,4.2,67.5,33.56,Engelmann spruce
93,4.2,33.4,33.56,Engelmann spruce
93,13.8,95.5,1201.98,Engelmann spruce
93,8.1,28.4,128.5,Engelmann spruce
93,10.5,52.2,380.4,Engelmann spruce
93,4.8,19.8,45.61,Engelmann spruce
93,17.0,74.3,1404.67,Engelmann spruce
93,2.6,14.2,11.26,Engelmann spruce
93,6.0,31.4,67.96,Engelmann spruce
93,12.0,52.6,502.8,Engelmann spruce
93,9.5,32.8,202.92,Engelmann spruce
93,7.8,33.5,136.15,Engelmann spruce
93,7.9,34.9,144.84,Engelmann spruce
93,14.2,41.0,559.0,Engelmann spruce
93,14.1,59.6,782.42,Engelmann spruce
93,1.7,5.9,4.39,Engelmann spruce
93,3.2,15.2,18.02,Engelmann spruce
93,7.5,45.9,163.6,Engelmann spruce
93,11.5,55.4,484.3,Engelmann spruce
93,8.9,37.6,199.98,Engelmann spruce
93,4.6,21.1,41.35,Engelmann spruce
93,2.4,17.0,9.4,Engelmann spruce
93,12.8,84.7,928.4,Engelmann spruce
93,24.9,130.0,4843.88,Engelmann spruce
93,6.8,36.8,113.94,Engelmann spruce
93,5.8,30.6,63.16,Engelmann spruce
93,11.9,64.1,617.98,Engelmann spruce
93,23.5,108.8,3657.62,Engelmann spruce
93,1.2,7.8,2.11,Engelmann spruce
93,4.4,26.7,37.34,Engelmann spruce
93,1.1,9.0,1.78,Engelmann spruce
93,2.5,19.8,10.31,Engelmann spruce
93,3.6,27.4,23.58,Engelmann spruce
93,2.4,16.4,9.4,Engelmann spruce
93,4.2,26.3,33.56,Engelmann spruce
93,2.8,15.1,13.31,Engelmann spruce
93,1.0,7.5,1.48,Engelmann spruce
93,3.5,15.9,22.11,Engelmann spruce
93,3.3,19.0,19.33,Engelmann spruce
93,3.1,16.5,16.77,Engelmann spruce
93,1.9,11.0,5.59,Engelmann spruce
93,2.0,12.5,6.26,Engelmann spruce
93,3.7,19.1,25.1,Engelmann spruce
93,1.9,10.0,5.59,Engelmann spruce
93,2.8,15.5,13.31,Engelmann spruce
93,1.3,8.7,2.48,Engelmann spruce
93,4.3,18.9,35.42,Engelmann spruce
93,1.2,7.6,2.11,Engelmann spruce
93,5.5,32.0,53.49,Engelmann spruce
93,15.4,56.1,963.42,Engelmann spruce
93,16.6,55.0,1101.71,Engelmann spruce
93,11.8,49.8,498.39,Engelmann spruce
93,19.3,86.7,2228.86,Engelmann spruce
93,13.0,68.5,825.11,Engelmann spruce
93,12.5,55.5,622.56,Engelmann spruce
93,27.1,94.6,4321.38,Engelmann spruce
93,1.6,10.1,3.85,Engelmann spruce
93,12.5,71.5,730.35,Engelmann spruce
93,5.5,30.2,50.84,Engelmann spruce
93,5.7,40.5,70.3,Engelmann spruce
93,4.3,29.0,35.42,Engelmann spruce
93,10.5,70.0,501.19,Engelmann spruce
93,6.7,45.6,123.41,Engelmann spruce
93,13.5,46.2,564.13,Engelmann spruce
93,6.1,34.0,75.64,Engelmann spruce
93,6.5,35.8,93.42,Engelmann spruce
93,2.6,13.6,11.26,Engelmann spruce
93,10.0,59.8,390.39,Engelmann spruce
93,10.9,55.4,434.18,Engelmann spruce
93,3.1,12.7,16.77,Engelmann spruce
93,8.8,53.6,268.98,Engelmann spruce
93,9.3,38.3,222.91,Engelmann spruce
901,13.1,72.7,1415.07,black locust
901,20.4,76.5,3814.98,black locust
901,14.1,62.7,1597.92,black locust
901,11.4,66.5,1012.57,black locust
901,12.5,94.1,1667.8,black locust
901,19.4,93.1,3996.14,black locust
901,15.9,99.6,2729.82,black locust
901,14.1,100.9,2196.72,black locust
901,12.9,91.5,1740.63,black locust
901,14.6,91.5,2150.22,black locust
901,16.0,89.7,2651.83,black locust
901,15.5,99.9,2736.07,black locust
901,13.2,95.7,1908.16,black locust
901,16.8,87.1,2797.64,black locust
901,19.4,95.9,4035.49,black locust
901,18.7,78.4,3273.01,black locust
901,14.4,68.5,1587.53,black locust
901,12.3,82.5,1441.7,black locust
901,9.3,71.0,838.74,black locust
901,13.7,74.4,1597.0,black locust
901,8.4,67.1,500.56,black locust
901,11.2,81.8,1121.75,black locust
901,10.4,79.3,945.16,black locust
901,13.6,72.0,1179.58,black locust
901,10.0,62.1,529.92,black locust
901,21.9,89.9,3866.42,black locust
901,8.7,51.8,420.84,black locust
901,8.4,60.1,336.86,black locust
901,8.3,59.8,448.53,black locust
901,8.8,50.3,468.62,black locust
901,12.8,76.2,1480.01,black locust
901,3.9,37.4,51.28,black locust
901,3.9,47.2,51.28,black locust
901,13.1,74.6,1423.93,black locust
901,9.5,63.5,683.43,black locust
901,16.3,87.6,2510.03,black locust
901,13.1,78.8,1622.07,black locust
901,11.2,70.6,1092.28,black locust
901,4.4,43.4,69.18,black locust
901,24.2,94.2,5783.25,black locust
901,10.0,61.8,778.35,black locust
901,10.6,59.7,797.5,black locust
901,14.3,78.7,1896.87,black locust
901,15.4,86.9,2248.78,black locust
901,16.0,99.5,2747.42,black locust
901,16.9,78.3,2819.63,black locust
901,23.5,97.3,5842.66,black locust
901,15.9,104.7,2865.74,black locust
901,12.2,61.1,1098.71,black locust
242,4.5,30.3,51.56,western redcedar
242,3.0,20.6,20.77,western redcedar
242,3.0,24.3,20.77,western redcedar
242,3.9,28.0,37.39,western redcedar
242,2.3,17.7,11.48,western redcedar
242,4.6,26.6,54.18,western redcedar
242,4.0,23.8,39.58,western redcedar
242,3.2,19.3,24.0,western redcedar
242,3.8,23.6,35.28,western redcedar
242,3.7,24.5,33.23,western redcedar
242,3.3,20.3,25.71,western redcedar
242,4.4,27.0,49.03,western redcedar
242,4.0,25.2,39.58,western redcedar
242,4.2,21.7,44.16,western redcedar
242,3.8,22.8,35.28,western redcedar
242,3.5,20.2,29.33,western redcedar
242,3.0,31.4,20.77,western redcedar
242,4.8,37.7,59.61,western redcedar
242,3.9,31.0,37.39,western redcedar
242,3.5,33.1,29.33,western redcedar
242,4.1,31.3,41.84,western redcedar
242,3.5,28.2,29.33,western redcedar
242,4.3,34.9,46.56,western redcedar
242,4.2,35.1,44.16,western redcedar
242,3.0,21.3,20.77,western redcedar
242,4.3,31.2,46.56,western redcedar
242,3.7,37.4,33.23,western redcedar
242,4.7,27.5,56.86,western redcedar
242,3.9,26.1,37.39,western redcedar
242,3.7,29.3,33.23,western redcedar
242,4.3,27.5,46.56,western redcedar
242,3.5,24.7,29.33,western redcedar
242,4.8,42.2,59.61,western redcedar
242,4.5,27.8,51.56,western redcedar
242,20.2,83.4,1752.95,western redcedar
242,24.9,102.2,3190.97,western redcedar
242,17.4,83.3,1313.73,western redcedar
242,12.6,68.5,587.57,western redcedar
242,26.3,93.7,3267.25,western redcedar
242,35.0,94.6,5797.75,western redcedar
242,22.2,96.2,2410.55,western redcedar
242,40.0,113.9,8992.78,western redcedar
242,28.6,96.2,3947.27,western redcedar
242,22.0,73.5,1843.11,western redcedar
242,31.9,85.3,4388.16,western redcedar
242,15.4,67.3,850.65,western redcedar
242,13.1,75.9,698.37,western redcedar
242,19.2,67.4,1307.19,western redcedar
242,19.8,81.1,1642.76,western redcedar
242,16.8,67.2,1005.38,western redcedar
242,12.1,52.2,425.55,western redcedar
242,12.1,62.7,500.5,western redcedar
242,16.9,108.7,1623.46,western redcedar
242,29.6,125.3,5456.23,western redcedar
242,20.0,126.1,2603.67,western redcedar
242,19.3,65.5,1287.57,western redcedar
242,42.4,177.4,15813.34,western redcedar
242,18.8,83.2,1522.57,western redcedar
242,27.8,101.9,3942.75,western redcedar
242,12.1,48.5,400.19,western redcedar
242,28.4,124.5,5003.89,western redcedar
242,29.8,106.0,4690.69,western redcedar
242,22.3,124.4,3149.4,western redcedar
242,31.1,115.2,5527.12,western redcedar
242,21.0,59.4,1396.96,western redcedar
242,24.5,96.9,2937.66,western redcedar
242,26.7,113.1,4034.0,western redcedar
242,12.5,41.4,376.7,western redcedar
242,34.7,136.8,8124.77,western redcedar
242,25.4,106.8,3461.61,western redcedar
242,29.9,141.5,6304.89,western redcedar
242,48.0,196.4,22602.63,western redcedar
242,42.0,149.3,12925.59,western redcedar
242,24.6,95.2,2911.41,western redcedar
242,48.2,140.5,15995.45,western redcedar
242,42.2,142.7,12461.72,western redcedar
242,15.7,81.3,1054.25,western redcedar
242,34.3,89.9,5316.9,western redcedar
242,32.2,71.5,3829.9,western redcedar
242,17.4,75.5,1197.16,western redcedar
242,23.0,78.5,2133.91,western redcedar
242,22.7,68.5,1841.39,western redcedar
242,13.3,53.7,524.25,western redcedar
242,11.8,69.4,524.54,western redcedar
242,19.6,77.3,1540.53,western redcedar
242,11.1,59.9,406.13,western redcedar
242,19.4,73.3,1438.37,western redcedar
242,19.4,93.8,1815.36,western redcedar
242,23.5,94.5,2645.25,western redcedar
263,19.4,100.8,2786.19,western hemlock
263,25.4,104.4,4856.35,western hemlock
263,13.6,91.1,1280.46,western hemlock
263,21.0,149.9,4933.75,western hemlock
263,23.4,118.5,4699.92,western hemlock
263,22.0,133.1,4720.21,western hemlock
263,12.2,63.6,730.78,western hemlock
263,26.2,132.2,6536.29,western hemlock
263,34.4,172.7,14706.93,western hemlock
263,30.0,167.5,10932.69,western hemlock
263,22.2,171.8,6406.58,western hemlock
263,26.6,169.4,8818.79,western hemlock
263,34.0,146.0,12005.27,western hemlock
263,28.7,152.7,9072.21,western hemlock
263,25.0,154.7,7081.29,western hemlock
263,12.7,48.0,617.96,western hemlock
263,10.8,46.2,434.43,western hemlock
263,16.1,74.8,1456.4,western hemlock
263,12.6,61.4,753.35,western hemlock
263,11.3,57.7,575.45,western hemlock
263,8.9,51.8,371.79,western hemlock
263,7.7,42.4,229.93,western hemlock
263,30.4,106.3,7034.43,western hemlock
263,13.1,63.8,841.74,western hemlock
263,18.5,80.5,2043.57,western hemlock
263,12.4,69.2,816.63,western hemlock
263,15.4,83.0,1477.13,western hemlock
263,18.9,95.6,2514.11,western hemlock
263,14.6,69.3,1121.74,western hemlock
263,18.6,67.9,1766.56,western hemlock
263,15.1,73.8,1270.18,western hemlock
263,8.9,60.6,431.27,western hemlock
263,13.8,66.5,967.72,western hemlock
263,14.5,80.5,1277.3,western hemlock
263,18.4,111.5,2792.85,western hemlock
263,13.9,109.6,1623.34,western hemlock
263,26.4,135.2,6789.78,western hemlock
263,25.9,137.2,6647.6,western hemlock
263,27.4,158.0,8621.54,western hemlock
263,22.2,141.0,5111.58,western hemlock
263,11.4,99.7,1013.43,western hemlock
263,14.1,103.4,1565.22,western hemlock
263,20.5,146.4,4593.53,western hemlock
263,28.0,138.0,7767.95,western hemlock
263,14.7,89.7,1460.26,western hemlock
263,18.7,107.0,2759.56,western hemlock
263,15.6,99.7,1820.8,western hemlock
263,18.8,103.7,2699.98,western hemlock
263,15.4,103.9,1855.42,western hemlock
263,13.5,71.1,987.49,western hemlock
263,8.0,47.4,276.02,western hemlock
263,22.1,141.9,5104.01,western hemlock
263,11.7,63.7,674.64,western hemlock
263,24.7,130.9,5778.04,western hemlock
263,13.7,74.1,1056.87,western hemlock
263,15.4,71.8,1285.85,western hemlock
263,16.4,115.5,2336.22,western hemlock
263,16.5,125.9,2596.58,western hemlock
263,21.5,103.7,3491.65,western hemlock
263,13.0,73.5,947.94,western hemlock
263,18.8,98.3,2558.48,western hemlock
263,11.0,68.3,639.66,western hemlock
263,12.0,77.9,861.01,western hemlock
263,11.9,78.2,850.63,western hemlock
263,16.0,87.0,1664.59,western hemlock
263,24.2,135.2,5749.93,western hemlock
263,17.4,116.9,2643.22,western hemlock
263,18.6,124.6,3207.16,western hemlock
263,15.4,118.4,2135.71,western hemlock
263,18.5,98.5,2485.98,western hemlock
263,14.0,80.1,1188.46,western hemlock
263,16.8,97.4,2045.47,western hemlock
263,22.1,126.4,4506.15,western hemlock
263,17.7,100.7,2336.5,western hemlock
263,18.7,102.0,2628.28,western hemlock
263,28.5,122.6,7121.92,western hemlock
263,16.9,100.3,2131.41,western hemlock
263,18.3,94.3,2331.4,western hemlock
263,14.1,73.9,1114.23,western hemlock
263,17.9,107.1,2542.5,western hemlock
263,19.4,105.2,2908.74,western hemlock
263,17.5,102.9,2337.63,western hemlock
263,15.5,107.4,1945.06,western hemlock
263,32.0,135.5,9876.74,western hemlock
263,12.8,83.1,1039.18,western hemlock
263,20.0,118.9,3497.08,western hemlock
263,11.4,84.8,851.78,western hemlock
263,15.6,89.2,1625.85,western hemlock
263,14.2,103.7,1590.92,western hemlock
263,24.6,134.7,5908.96,western hemlock
263,21.2,137.1,4546.22,western hemlock
263,17.5,88.7,2014.59,western hemlock
263,21.5,108.7,3660.02,western hemlock
263,24.5,121.9,5284.13,western hemlock
263,11.4,61.1,616.94,western hemlock
263,18.8,66.2,1763.91,western hemlock
263,14.3,52.1,836.21,western hemlock
263,18.4,67.5,1720.3,western hemlock
263,13.9,120.0,1795.58,western hemlock
263,13.1,119.0,1596.08,western hemlock
263,9.3,81.4,553.75,western hemlock
263,9.3,104.0,729.9,western hemlock
263,11.6,103.6,1092.13,western hemlock
263,9.1,86.0,564.0,western hemlock
263,8.8,87.4,598.89,western hemlock
263,14.3,92.0,1422.11,western hemlock
263,11.5,85.0,868.11,western hemlock
263,14.2,83.0,1264.81,western hemlock
263,10.5,94.2,816.81,western hemlock
263,16.7,107.0,2228.29,western hemlock
263,16.0,99.0,1896.11,western hemlock
263,17.8,103.0,2416.65,western hemlock
263,10.3,88.0,731.4,western hemlock
263,13.4,101.0,1388.08,western hemlock
263,19.6,101.0,2847.12,western hemlock
263,19.2,100.0,2709.75,western hemlock
263,15.5,96.0,1730.08,western hemlock
263,15.4,96.0,1709.02,western hemlock
263,19.4,102.0,2819.44,western hemlock
263,11.3,95.0,945.55,western hemlock
263,12.0,78.0,862.12,western hemlock
263,8.8,84.0,576.4,western hemlock
263,10.5,78.0,667.95,western hemlock
263,17.6,103.0,2365.38,western hemlock
263,17.3,99.0,2198.78,western hemlock
263,14.0,102.0,1522.25,western hemlock
263,11.3,102.0,1022.6,western hemlock
263,20.4,76.2,2350.79,western hemlock
263,11.8,69.0,739.95,western hemlock
263,25.1,111.8,5074.89,western hemlock
263,24.6,118.8,5187.74,western hemlock
263,13.6,79.1,1110.51,western hemlock
263,13.8,93.0,1344.61,western hemlock
263,14.3,94.0,1453.94,western hemlock
263,8.6,79.5,522.32,western hemlock
19,2.8,14.5,14.51,subalpine fir
19,4.1,24.4,36.97,subalpine fir
19,2.2,14.4,8.07,subalpine fir
19,2.2,14.7,8.07,subalpine fir
19,2.8,16.4,14.51,subalpine fir
19,3.6,22.1,26.86,subalpine fir
19,3.4,18.1,23.34,subalpine fir
19,4.0,30.7,34.8,subalpine fir
19,2.8,20.3,14.51,subalpine fir
19,1.4,10.2,2.74,subalpine fir
19,3.6,25.9,26.86,subalpine fir
19,2.3,14.4,8.99,subalpine fir
19,4.2,22.2,39.23,subalpine fir
19,6.5,33.3,83.15,subalpine fir
19,12.5,58.3,571.7,subalpine fir
19,9.1,54.0,275.42,subalpine fir
19,8.9,47.5,233.64,subalpine fir
19,3.7,24.1,28.73,subalpine fir
19,3.3,20.9,21.7,subalpine fir
19,17.6,75.3,1451.95,subalpine fir
19,2.4,16.6,9.97,subalpine fir
19,2.6,23.1,12.11,subalpine fir
19,4.9,33.0,57.35,subalpine fir
19,5.6,34.9,55.94,subalpine fir
19,6.4,40.5,93.35,subalpine fir
19,9.4,49.0,270.09,subalpine fir
19,8.7,37.0,178.13,subalpine fir
19,4.3,29.0,41.57,subalpine fir
19,12.3,51.8,495.56,subalpine fir
19,7.0,29.0,89.4,subalpine fir
19,2.0,8.4,6.41,subalpine fir
19,1.5,7.9,3.22,subalpine fir
19,5.0,23.0,29.2,subalpine fir
19,5.7,26.8,49.38,subalpine fir
19,4.8,25.6,54.51,subalpine fir
19,2.3,13.8,8.99,subalpine fir
19,4.8,28.5,54.51,subalpine fir
19,5.8,26.5,51.57,subalpine fir
19,7.1,28.6,91.39,subalpine fir
19,15.5,62.8,947.08,subalpine fir
19,14.2,55.2,703.31,subalpine fir
19,9.2,47.4,250.35,subalpine fir
19,13.2,53.5,589.32,subalpine fir
19,8.1,46.8,187.5,subalpine fir
19,11.0,46.4,356.4,subalpine fir
19,11.4,47.2,389.51,subalpine fir
19,11.9,55.3,492.32,subalpine fir
19,14.6,60.2,806.76,subalpine fir
19,20.0,65.6,1648.82,subalpine fir
19,17.7,62.8,1237.37,subalpine fir
19,13.1,64.0,686.33,subalpine fir
19,17.4,67.3,1275.94,subalpine fir
19,14.6,76.4,1010.49,subalpine fir
19,19.6,91.7,2174.6,subalpine fir
19,10.0,59.9,370.28,subalpine fir
19,1.2,9.2,1.91,subalpine fir
19,1.3,10.4,2.3,subalpine fir
19,2.8,21.8,14.51,subalpine fir
19,1.1,8.3,1.57,subalpine fir
19,1.6,11.8,3.75,subalpine fir
19,1.8,13.2,4.97,subalpine fir
19,2.0,15.8,6.41,subalpine fir
19,1.0,8.0,1.27,subalpine fir
19,2.6,17.4,12.11,subalpine fir
19,2.6,22.8,12.11,subalpine fir
19,2.5,17.9,11.01,subalpine fir
19,2.2,19.3,8.07,subalpine fir
108,1.9,9.6,7.25,lodgepole pine
108,3.2,23.4,25.65,lodgepole pine
108,3.3,22.4,27.64,lodgepole pine
108,2.1,15.6,9.23,lodgepole pine
108,1.7,9.5,5.54,lodgepole pine
108,2.8,13.3,18.55,lodgepole pine
108,2.3,11.6,11.51,lodgepole pine
108,4.5,20.1,58.72,lodgepole pine
108,4.3,22.9,52.58,lodgepole pine
108,4.0,28.8,44.1,lodgepole pine
108,1.8,13.0,6.36,lodgepole pine
108,3.2,24.5,25.65,lodgepole pine
108,1.4,11.6,3.47,lodgepole pine
108,3.8,26.4,38.93,lodgepole pine
108,1.8,11.9,6.36,lodgepole pine
108,1.0,7.8,1.55,lodgepole pine
108,12.2,74.0,795.69,lodgepole pine
108,20.9,96.4,2974.53,lodgepole pine
108,12.6,97.9,1055.21,lodgepole pine
108,22.3,164.5,4997.2,lodgepole pine
108,9.0,42.0,294.82,lodgepole pine
108,10.0,50.9,450.04,lodgepole pine
108,6.9,35.7,133.97,lodgepole pine
108,2.3,12.3,11.51,lodgepole pine
108,11.4,65.9,741.38,lodgepole pine
108,13.2,68.1,986.74,lodgepole pine
108,16.0,77.3,1569.09,lodgepole pine
108,14.1,71.9,1165.26,lodgepole pine
108,10.8,68.3,695.93,lodgepole pine
108,11.1,64.1,692.27,lodgepole pine
108,8.9,58.1,402.46,lodgepole pine
108,12.0,62.3,773.48,lodgepole pine
108,12.7,68.6,926.68,lodgepole pine
108,5.9,38.0,97.02,lodgepole pine
108,10.0,51.0,450.94,lodgepole pine
108,9.9,54.9,475.64,lodgepole pine
108,8.4,54.6,333.51,lodgepole pine
108,5.2,35.5,61.91,lodgepole pine
108,8.5,64.2,404.71,lodgepole pine
108,11.8,66.7,795.02,lodgepole pine
108,7.6,61.0,301.9,lodgepole pine
108,11.3,64.6,718.32,lodgepole pine
108,7.5,57.0,272.86,lodgepole pine
108,13.3,57.8,870.71,lodgepole pine
108,13.3,62.3,927.29,lodgepole pine
108,9.0,57.2,405.55,lodgepole pine
108,16.8,74.7,1667.88,lodgepole pine
108,4.0,25.5,44.1,lodgepole pine
108,3.0,20.8,21.93,lodgepole pine
108,1.5,11.6,4.09,lodgepole pine
108,12.1,65.4,704.88,lodgepole pine
108,10.3,51.2,408.41,lodgepole pine
108,6.9,24.7,96.49,lodgepole pine
108,24.0,95.6,3925.35,lodgepole pine
108,4.5,35.0,58.72,lodgepole pine
108,3.6,19.5,34.14,lodgepole pine
108,20.0,101.0,2820.71,lodgepole pine
108,18.8,68.8,1772.94,lodgepole pine
108,16.6,66.8,1345.95,lodgepole pine
108,21.1,104.5,3237.68,lodgepole pine
108,12.4,76.6,845.85,lodgepole pine
108,4.8,29.4,68.7,lodgepole pine
108,9.7,68.1,466.59,lodgepole pine
108,2.3,12.0,11.51,lodgepole pine
108,14.4,99.3,1408.66,lodgepole pine
108,16.4,106.8,1950.2,lodgepole pine
108,7.1,77.6,271.75,lodgepole pine
108,8.7,59.3,391.67,lodgepole pine
108,7.1,63.3,270.82,lodgepole pine
108,9.4,60.0,466.81,lodgepole pine
108,9.2,65.2,485.69,lodgepole pine
108,12.6,70.0,929.57,lodgepole pine
108,11.5,70.1,792.39,lodgepole pine
108,9.3,61.6,468.85,lodgepole pine
108,6.3,51.5,164.43,lodgepole pine
108,8.0,62.8,347.66,lodgepole pine
108,9.4,63.5,494.55,lodgepole pine
108,11.7,59.6,713.83,lodgepole pine
108,13.5,60.6,930.37,lodgepole pine
108,10.0,62.6,554.62,lodgepole pine
108,7.3,25.6,104.48,lodgepole pine
108,8.3,29.6,169.31,lodgepole pine
108,9.2,37.4,274.35,lodgepole pine
108,8.1,32.4,176.41,lodgepole pine
108,6.4,31.6,95.47,lodgepole pine
108,3.7,15.2,36.49,lodgepole pine
108,4.7,21.8,65.27,lodgepole pine
108,5.5,29.4,55.86,lodgepole pine
108,3.5,18.0,31.88,lodgepole pine
108,2.4,22.3,12.76,lodgepole pine
108,1.5,12.8,4.09,lodgepole pine
108,8.8,22.7,144.81,lodgepole pine
108,15.1,35.8,631.48,lodgepole pine
108,12.6,33.0,409.18,lodgepole pine
108,6.9,23.2,91.39,lodgepole pine
108,3.7,15.1,36.49,lodgepole pine
108,2.3,9.9,11.51,lodgepole pine
108,1.6,8.4,4.78,lodgepole pine
108,17.1,50.0,1093.35,lodgepole pine
108,8.3,26.6,147.92,lodgepole pine
108,5.3,15.8,39.56,lodgepole pine
108,10.2,29.9,246.36,lodgepole pine
108,23.6,38.1,1640.11,lodgepole pine
108,21.2,33.4,1177.41,lodgepole pine
108,19.3,39.0,1115.24,lodgepole pine
108,18.1,33.0,846.47,lodgepole pine
111,8.0,51.0,307.45,slash pine
111,6.7,49.0,197.41,slash pine
111,5.3,45.0,99.52,slash pine
111,3.1,32.0,24.68,slash pine
111,7.1,46.0,210.23,slash pine
111,6.1,42.0,131.42,slash pine
111,3.9,30.0,43.13,slash pine
111,2.8,23.0,19.27,slash pine
111,5.8,40.0,108.62,slash pine
111,5.0,38.0,66.42,slash pine
111,4.0,32.0,45.87,slash pine
111,3.0,26.0,22.79,slash pine
111,6.4,38.0,131.31,slash pine
111,6.1,39.0,119.97,slash pine
111,4.7,36.0,67.91,slash pine
111,3.3,28.0,28.74,slash pine
111,7.9,54.0,317.89,slash pine
111,9.0,56.0,437.45,slash pine
111,5.8,45.0,125.95,slash pine
111,3.3,33.0,28.74,slash pine
111,8.7,54.0,391.62,slash pine
111,8.0,53.0,320.3,slash pine
111,6.2,49.0,164.44,slash pine
111,4.2,36.0,51.65,slash pine
111,6.9,45.0,191.95,slash pine
111,6.3,42.0,142.42,slash pine
111,4.6,35.0,64.44,slash pine
111,2.8,23.0,19.27,slash pine
111,6.2,38.0,121.13,slash pine
111,4.2,29.0,51.65,slash pine
111,6.1,33.0,97.07,slash pine
111,4.7,27.0,67.91,slash pine
111,4.3,30.0,54.69,slash pine
111,3.0,22.0,22.79,slash pine
111,6.9,42.0,177.45,slash pine
111,6.2,42.0,136.88,slash pine
111,4.7,33.0,67.91,slash pine
111,3.0,26.0,22.79,slash pine
111,6.8,39.0,157.3,slash pine
111,6.2,36.0,113.25,slash pine
111,4.7,36.0,67.91,slash pine
111,2.7,25.0,17.64,slash pine
111,8.7,49.0,353.82,slash pine
111,7.8,50.0,284.68,slash pine
111,6.2,42.0,136.88,slash pine
111,4.4,40.0,57.84,slash pine
111,5.7,34.0,83.6,slash pine
111,5.2,33.0,60.7,slash pine
111,3.9,27.0,43.13,slash pine
111,3.2,28.0,26.66,slash pine
111,6.0,36.0,103.86,slash pine
111,5.2,35.0,66.34,slash pine
111,4.1,29.0,48.71,slash pine
111,3.2,24.0,26.66,slash pine
111,7.2,38.0,175.12,slash pine
111,6.0,36.0,103.86,slash pine
111,5.0,39.0,69.03,slash pine
111,3.9,33.0,43.13,slash pine
111,6.2,36.0,113.25,slash pine
111,5.3,33.0,64.48,slash pine
111,4.1,30.0,48.71,slash pine
111,3.2,25.0,26.66,slash pine
111,6.1,42.0,131.42,slash pine
111,4.7,37.0,67.91,slash pine
111,4.0,34.0,45.87,slash pine
111,2.9,29.0,20.99,slash pine
111,8.7,63.0,459.66,slash pine
111,6.2,54.0,184.13,slash pine
111,3.5,33.0,33.15,slash pine
111,6.8,41.0,166.7,slash pine
111,5.7,37.0,93.66,slash pine
111,4.9,35.0,75.15,slash pine
111,4.2,31.0,51.65,slash pine
111,6.1,36.0,108.52,slash pine
111,5.4,36.0,77.4,slash pine
111,3.9,34.0,43.13,slash pine
111,3.1,28.0,24.68,slash pine
111,5.3,34.0,67.4,slash pine
111,4.7,31.0,67.91,slash pine
111,4.0,25.0,45.87,slash pine
111,3.2,21.0,26.66,slash pine
111,7.0,48.0,213.4,slash pine
111,6.3,47.0,162.72,slash pine
111,4.3,43.0,54.69,slash pine
111,3.4,32.0,30.9,slash pine
111,5.0,28.0,40.28,slash pine
111,4.2,27.0,51.65,slash pine
111,4.1,24.0,48.71,slash pine
111,2.7,19.0,17.64,slash pine
111,5.2,31.0,55.07,slash pine
111,4.6,28.0,64.44,slash pine
111,3.9,25.0,43.13,slash pine
111,6.1,35.0,104.7,slash pine
111,5.0,33.0,53.35,slash pine
111,4.0,27.0,45.87,slash pine
111,3.0,24.0,22.79,slash pine
111,6.0,36.0,103.86,slash pine
111,5.0,35.0,58.58,slash pine
111,4.0,30.0,45.87,slash pine
111,2.8,26.0,19.27,slash pine
111,5.2,30.0,52.25,slash pine
111,4.3,28.0,54.69,slash pine
111,4.2,28.0,51.65,slash pine
111,5.6,30.0,66.48,slash pine
111,4.7,30.0,67.91,slash pine
111,3.8,26.0,40.49,slash pine
111,3.1,25.0,24.68,slash pine
111,5.1,34.0,59.71,slash pine
111,4.9,37.0,75.15,slash pine
111,4.3,37.0,54.69,slash pine
111,3.1,29.0,24.68,slash pine
111,9.0,53.0,413.68,slash pine
111,6.9,53.0,230.62,slash pine
111,5.1,50.0,103.14,slash pine
111,3.3,36.0,28.74,slash pine
111,6.9,43.0,182.28,slash pine
111,5.6,38.0,92.41,slash pine
111,3.8,33.0,40.49,slash pine
111,3.3,31.0,28.74,slash pine
111,7.8,56.0,321.41,slash pine
111,7.3,51.0,250.98,slash pine
111,5.2,47.0,100.13,slash pine
111,3.0,32.0,22.79,slash pine
111,7.5,55.0,289.3,slash pine
111,5.9,53.0,160.15,slash pine
111,4.7,46.0,67.91,slash pine
111,3.4,37.0,30.9,slash pine
111,7.4,58.0,297.45,slash pine
111,6.9,58.0,254.79,slash pine
111,6.4,58.0,215.0,slash pine
111,3.8,40.0,40.49,slash pine
111,7.4,50.0,253.21,slash pine
111,6.2,45.0,148.69,slash pine
111,5.1,42.0,81.42,slash pine
111,3.6,36.0,35.5,slash pine
111,8.8,64.0,478.62,slash pine
111,7.9,57.0,336.71,slash pine
111,3.1,33.0,24.68,slash pine
111,5.6,41.0,102.14,slash pine
111,5.0,41.0,74.26,slash pine
111,3.9,34.0,43.13,slash pine
111,2.9,30.0,20.99,slash pine
111,8.3,50.0,326.28,slash pine
111,6.7,54.0,220.26,slash pine
111,5.1,47.0,94.99,slash pine
111,3.3,39.0,28.74,slash pine
111,6.6,50.0,195.06,slash pine
111,5.0,43.0,79.49,slash pine
111,3.7,40.0,37.95,slash pine
111,3.0,32.0,22.79,slash pine
111,7.5,54.0,283.63,slash pine
111,6.0,50.0,155.63,slash pine
111,5.2,41.0,83.23,slash pine
111,3.6,34.0,35.5,slash pine
111,7.9,52.0,305.35,slash pine
111,7.1,53.0,245.98,slash pine
111,5.8,47.0,132.88,slash pine
111,4.5,39.0,61.09,slash pine
111,5.8,39.0,105.15,slash pine
111,4.9,36.0,75.15,slash pine
111,4.2,36.0,51.65,slash pine
111,3.4,32.0,30.9,slash pine
111,7.9,51.0,299.07,slash pine
111,7.4,46.0,231.09,slash pine
111,5.5,45.0,109.83,slash pine
111,2.9,32.0,20.99,slash pine
111,8.1,53.0,329.09,slash pine
111,6.8,52.0,218.4,slash pine
111,4.7,46.0,67.91,slash pine
111,4.0,42.0,45.87,slash pine
111,9.6,59.0,527.18,slash pine
111,6.8,52.0,218.4,slash pine
111,6.1,50.0,161.96,slash pine
111,3.7,31.0,37.95,slash pine
111,7.6,54.0,292.03,slash pine
111,7.6,52.0,280.39,slash pine
111,5.0,43.0,79.49,slash pine
111,3.0,31.0,22.79,slash pine
111,7.3,43.0,207.88,slash pine
111,6.3,39.0,130.24,slash pine
111,4.2,33.0,51.65,slash pine
111,3.2,30.0,26.66,slash pine
111,8.2,54.0,344.73,slash pine
111,6.9,56.0,245.12,slash pine
111,4.7,45.0,67.91,slash pine
111,2.9,35.0,20.99,slash pine
111,7.6,50.0,268.74,slash pine
111,6.3,47.0,162.72,slash pine
111,4.2,31.0,51.65,slash pine
111,3.1,31.0,24.68,slash pine
111,6.6,53.0,208.38,slash pine
111,6.3,53.0,187.08,slash pine
111,4.0,44.0,45.87,slash pine
111,3.2,40.0,26.66,slash pine
111,5.9,48.0,142.25,slash pine
111,5.3,46.0,102.44,slash pine
111,4.4,40.0,57.84,slash pine
111,3.4,33.0,30.9,slash pine
111,6.6,42.0,159.56,slash pine
111,6.2,44.0,144.76,slash pine
111,4.8,39.0,71.47,slash pine
111,4.3,35.0,54.69,slash pine
111,11.7,67.0,896.75,slash pine
111,9.7,64.0,584.39,slash pine
111,7.3,56.0,277.91,slash pine
111,3.2,37.0,26.66,slash pine
111,7.9,52.0,305.35,slash pine
111,7.1,49.0,225.55,slash pine
111,5.3,41.0,87.84,slash pine
111,3.0,30.0,22.79,slash pine
111,9.1,41.0,326.24,slash pine
111,7.0,45.0,198.49,slash pine
111,4.8,40.0,71.47,slash pine
111,3.2,30.0,26.66,slash pine
111,9.0,57.0,445.37,slash pine
111,8.0,55.0,333.16,slash pine
111,5.6,45.0,115.11,slash pine
111,4.1,46.0,48.71,slash pine
111,8.1,51.0,315.92,slash pine
111,6.6,52.0,203.94,slash pine
111,4.8,42.0,71.47,slash pine
111,3.3,38.0,28.74,slash pine
111,6.7,39.0,151.73,slash pine
111,6.4,40.0,139.68,slash pine
111,4.8,34.0,71.47,slash pine
111,3.2,32.0,26.66,slash pine
111,6.0,32.0,89.06,slash pine
111,3.7,30.0,37.95,slash pine
111,5.0,30.0,45.5,slash pine
111,3.3,24.0,28.74,slash pine
111,7.3,48.0,234.81,slash pine
111,6.1,44.0,139.06,slash pine
111,4.3,41.0,54.69,slash pine
111,3.1,28.0,24.68,slash pine
111,7.8,56.0,321.41,slash pine
111,7.4,51.0,258.74,slash pine
111,4.6,41.0,64.44,slash pine
111,4.0,42.0,45.87,slash pine
111,5.4,37.0,80.42,slash pine
111,4.9,33.0,75.15,slash pine
111,4.4,33.0,57.84,slash pine
111,2.8,23.0,19.27,slash pine
111,6.6,41.0,155.12,slash pine
111,5.9,45.0,131.5,slash pine
111,4.9,40.0,75.15,slash pine
111,3.5,37.0,33.15,slash pine
111,8.0,48.0,288.16,slash pine
111,7.0,52.0,233.28,slash pine
111,5.1,43.0,84.14,slash pine
111,2.6,27.0,16.1,slash pine
111,6.5,39.0,140.83,slash pine
111,4.4,33.0,57.84,slash pine
111,7.0,43.0,188.55,slash pine
111,5.8,39.0,105.15,slash pine
111,4.7,39.0,67.91,slash pine
111,3.0,28.0,22.79,slash pine
111,7.7,57.0,318.46,slash pine
111,6.7,53.0,215.69,slash pine
111,5.2,49.0,105.76,slash pine
111,4.1,42.0,48.71,slash pine
111,7.6,51.0,274.56,slash pine
111,7.0,51.0,228.31,slash pine
111,6.4,47.0,168.97,slash pine
111,4.2,42.0,51.65,slash pine
111,7.7,55.0,306.51,slash pine
111,7.1,53.0,245.98,slash pine
111,4.6,47.0,64.44,slash pine
111,3.0,28.0,22.79,slash pine
111,6.8,45.0,185.5,slash pine
111,6.3,46.0,158.66,slash pine
111,4.3,35.0,54.69,slash pine
111,3.5,31.0,33.15,slash pine
111,5.3,28.0,49.88,slash pine
111,4.3,24.0,54.69,slash pine
111,4.2,24.0,51.65,slash pine
111,2.8,21.0,19.27,slash pine
111,5.5,34.0,75.36,slash pine
111,5.2,34.0,63.52,slash pine
111,4.0,27.0,45.87,slash pine
111,2.6,22.0,16.1,slash pine
111,5.4,38.0,83.45,slash pine
111,5.2,34.0,63.52,slash pine
111,3.7,31.0,37.95,slash pine
111,2.9,26.0,20.99,slash pine
111,6.7,38.0,147.16,slash pine
111,6.0,41.0,122.35,slash pine
111,5.2,35.0,66.34,slash pine
111,3.6,27.0,35.5,slash pine
111,7.6,44.0,233.81,slash pine
111,7.0,41.0,178.61,slash pine
111,5.3,37.0,76.16,slash pine
111,4.7,38.0,67.91,slash pine
111,5.6,39.0,95.66,slash pine
111,5.2,35.0,66.34,slash pine
111,4.0,31.0,45.87,slash pine
111,3.1,30.0,24.68,slash pine
111,6.0,38.0,111.25,slash pine
111,4.9,36.0,75.15,slash pine
111,4.0,35.0,45.87,slash pine
111,3.2,26.0,26.66,slash pine
111,8.6,49.0,345.06,slash pine
111,7.1,48.0,220.44,slash pine
111,4.9,42.0,75.15,slash pine
111,3.7,40.0,37.95,slash pine
111,6.9,45.0,191.95,slash pine
111,6.1,45.0,142.87,slash pine
111,4.7,43.0,67.91,slash pine
111,3.3,35.0,28.74,slash pine
111,8.6,63.0,448.56,slash pine
111,7.0,57.0,258.12,slash pine
111,5.4,55.0,134.88,slash pine
111,3.7,38.0,37.95,slash pine
111,8.0,49.0,294.59,slash pine
111,7.0,49.0,218.37,slash pine
111,5.2,44.0,91.68,slash pine
111,4.9,39.0,75.15,slash pine
111,7.5,55.0,289.3,slash pine
111,5.8,54.0,157.15,slash pine
111,5.1,50.0,103.14,slash pine
111,2.6,24.0,16.1,slash pine
111,7.1,49.0,225.55,slash pine
111,6.5,48.0,179.62,slash pine
111,4.9,40.0,75.15,slash pine
111,4.2,40.0,51.65,slash pine
111,6.3,46.0,158.66,slash pine
111,5.0,38.0,66.42,slash pine
111,4.3,39.0,54.69,slash pine
111,3.0,33.0,22.79,slash pine
111,7.8,48.0,272.44,slash pine
111,6.8,49.0,204.3,slash pine
111,5.5,51.0,128.62,slash pine
111,2.9,26.0,20.99,slash pine
111,8.7,62.0,452.1,slash pine
111,8.2,61.0,391.92,slash pine
111,6.4,55.0,202.45,slash pine
111,5.0,45.0,84.72,slash pine
111,8.8,59.0,439.97,slash pine
111,8.1,61.0,381.76,slash pine
111,4.6,43.0,64.44,slash pine
111,3.0,31.0,22.79,slash pine
111,6.0,41.0,122.35,slash pine
111,5.0,37.0,63.81,slash pine
111,4.0,34.0,45.87,slash pine
111,3.3,28.0,28.74,slash pine
111,8.7,59.0,429.42,slash pine
111,7.1,53.0,245.98,slash pine
111,5.3,46.0,102.44,slash pine
111,3.0,36.0,22.79,slash pine
111,6.9,51.0,220.95,slash pine
111,6.4,46.0,164.79,slash pine
111,5.4,47.0,110.68,slash pine
111,3.7,37.0,37.95,slash pine
111,7.3,45.0,218.65,slash pine
111,6.0,41.0,122.35,slash pine
111,4.0,33.0,45.87,slash pine
111,2.9,28.0,20.99,slash pine
111,7.8,54.0,309.16,slash pine
111,7.3,51.0,250.98,slash pine
111,5.7,50.0,137.25,slash pine
111,3.4,36.0,30.9,slash pine
111,7.5,47.0,243.9,slash pine
111,6.7,43.0,170.0,slash pine
111,4.7,39.0,67.91,slash pine
111,3.5,32.0,33.15,slash pine
111,7.9,49.0,286.53,slash pine
111,6.8,49.0,204.3,slash pine
111,4.8,43.0,71.47,slash pine
111,3.4,36.0,30.9,slash pine
111,7.4,46.0,231.09,slash pine
111,5.8,41.0,112.08,slash pine
111,4.7,36.0,67.91,slash pine
111,3.4,31.0,30.9,slash pine
111,7.6,53.0,286.21,slash pine
111,7.0,49.0,218.37,slash pine
111,4.6,38.0,64.44,slash pine
111,4.5,45.0,61.09,slash pine
111,5.7,38.0,97.01,slash pine
111,4.9,34.0,75.15,slash pine
111,3.9,30.0,43.13,slash pine
111,3.0,26.0,22.79,slash pine
111,9.6,50.0,446.38,slash pine
111,6.8,48.0,199.6,slash pine
111,4.8,43.0,71.47,slash pine
111,3.4,33.0,30.9,slash pine
111,6.5,37.0,132.21,slash pine
111,4.8,32.0,71.47,slash pine
111,3.9,29.0,43.13,slash pine
111,2.7,22.0,17.64,slash pine
111,5.1,30.0,48.85,slash pine
111,4.8,28.0,71.47,slash pine
111,3.9,26.0,43.13,slash pine
111,2.8,26.0,19.27,slash pine
111,5.4,35.0,74.37,slash pine
111,4.6,33.0,64.44,slash pine
111,4.1,29.0,48.71,slash pine
111,3.3,28.0,28.74,slash pine
111,5.3,34.0,67.4,slash pine
111,5.2,35.0,66.34,slash pine
111,4.5,29.0,61.09,slash pine
111,2.9,24.0,20.99,slash pine
111,6.0,41.0,122.35,slash pine
111,5.6,37.0,89.17,slash pine
111,4.7,34.0,67.91,slash pine
111,3.2,33.0,26.66,slash pine
111,6.7,52.0,211.12,slash pine
111,5.9,47.0,138.66,slash pine
111,4.3,41.0,54.69,slash pine
111,3.3,36.0,28.74,slash pine
111,6.0,40.0,118.65,slash pine
111,5.1,36.0,65.14,slash pine
111,4.1,37.0,48.71,slash pine
111,3.4,31.0,30.9,slash pine
111,6.7,30.0,110.61,slash pine
111,5.2,33.0,60.7,slash pine
111,4.2,30.0,51.65,slash pine
111,3.2,25.0,26.66,slash pine
111,7.7,53.0,294.57,slash pine
111,6.8,49.0,204.3,slash pine
111,5.0,42.0,76.88,slash pine
111,3.4,37.0,30.9,slash pine
111,7.0,37.0,158.73,slash pine
111,6.2,34.0,105.38,slash pine
111,4.4,30.0,57.84,slash pine
111,3.0,23.0,22.79,slash pine
111,6.7,41.0,160.87,slash pine
111,6.2,39.0,125.07,slash pine
111,4.8,33.0,71.47,slash pine
111,3.5,29.0,33.15,slash pine
111,7.4,42.0,208.96,slash pine
111,6.3,38.0,126.18,slash pine
111,4.2,29.0,51.65,slash pine
111,2.8,23.0,19.27,slash pine
111,6.7,44.0,174.57,slash pine
111,6.5,43.0,158.07,slash pine
111,5.1,38.0,70.56,slash pine
111,3.8,35.0,40.49,slash pine
111,7.4,50.0,253.21,slash pine
111,6.0,46.0,140.84,slash pine
111,5.1,39.0,73.28,slash pine
111,4.3,37.0,54.69,slash pine
111,7.2,53.0,253.81,slash pine
111,5.8,44.0,122.48,slash pine
111,5.3,45.0,99.52,slash pine
111,3.9,38.0,43.13,slash pine
111,10.7,65.9,735.53,slash pine
111,10.0,66.4,645.42,slash pine
111,11.7,67.6,904.67,slash pine
111,10.6,65.7,719.4,slash pine
111,11.1,63.3,761.69,slash pine
111,10.3,69.0,712.4,slash pine
111,10.3,58.3,602.24,slash pine
111,11.3,67.7,844.19,slash pine
111,11.8,66.8,909.7,slash pine
111,10.1,60.5,600.23,slash pine
111,10.7,66.8,745.51,slash pine
111,10.0,68.2,662.92,slash pine
111,13.5,64.3,1151.15,slash pine
111,10.7,63.3,706.71,slash pine
111,10.0,55.8,542.39,slash pine
111,10.8,67.5,767.68,slash pine
111,11.1,64.2,772.41,slash pine
111,10.7,72.5,808.71,slash pine
111,10.3,66.6,687.69,slash pine
111,10.1,61.8,613.11,slash pine
111,10.1,66.5,659.68,slash pine
111,11.8,73.9,1004.98,slash pine
111,10.7,57.5,642.4,slash pine
111,10.5,66.0,708.82,slash pine
111,11.3,66.3,826.93,slash pine
111,11.4,70.9,899.59,slash pine
111,10.3,65.9,680.49,slash pine
111,10.0,61.5,597.79,slash pine
111,10.6,63.9,699.8,slash pine
111,10.3,67.6,697.99,slash pine
111,11.3,62.5,780.07,slash pine
111,10.0,60.3,586.13,slash pine
111,10.8,66.3,754.14,slash pine
111,13.0,70.2,1162.12,slash pine
111,11.0,71.3,841.37,slash pine
111,10.2,72.5,733.72,slash pine
111,11.3,69.1,861.46,slash pine
111,11.4,76.0,963.57,slash pine
111,10.5,65.8,706.68,slash pine
111,10.1,64.1,635.9,slash pine
111,10.4,70.2,739.16,slash pine
111,10.2,65.2,659.98,slash pine
111,11.1,67.2,808.14,slash pine
111,10.6,68.0,744.44,slash pine
111,10.5,68.9,739.81,slash pine
111,10.7,65.4,729.99,slash pine
111,11.2,70.5,863.01,slash pine
111,10.4,61.4,646.85,slash pine
111,10.4,62.2,655.24,slash pine
111,10.5,68.6,736.61,slash pine
111,10.9,68.8,797.17,slash pine
111,10.3,64.0,660.93,slash pine
111,10.0,70.8,688.19,slash pine
111,10.6,63.5,695.45,slash pine
111,10.1,57.6,571.49,slash pine
111,10.6,66.2,724.84,slash pine
111,10.7,53.6,599.15,slash pine
111,10.0,54.0,524.89,slash pine
111,11.2,65.2,798.78,slash pine
111,10.0,68.1,661.94,slash pine
111,10.1,64.8,642.84,slash pine
111,10.0,64.9,630.84,slash pine
111,11.5,63.5,821.23,slash pine
111,11.5,66.6,860.79,slash pine
111,10.6,65.0,711.78,slash pine
111,10.5,58.1,624.39,slash pine
111,10.7,61.0,681.2,slash pine
111,10.3,66.8,689.75,slash pine
111,10.4,66.0,695.1,slash pine
111,11.3,65.0,810.9,slash pine
111,10.4,65.7,691.96,slash pine
111,10.1,68.8,682.48,slash pine
111,10.1,69.9,693.38,slash pine
111,10.1,66.9,663.65,slash pine
111,10.6,66.8,731.38,slash pine
111,11.7,75.5,1008.94,slash pine
111,10.2,67.7,685.23,slash pine
111,11.2,67.8,830.29,slash pine
111,4.5,28.9,61.09,slash pine
111,5.1,26.9,40.43,slash pine
111,4.7,26.0,67.91,slash pine
111,4.9,24.6,75.15,slash pine
111,7.2,56.3,271.12,slash pine
111,9.5,56.1,490.38,slash pine
111,5.7,43.3,114.78,slash pine
111,4.5,42.2,61.09,slash pine
111,5.9,49.2,146.54,slash pine
111,8.5,59.2,410.12,slash pine
111,4.2,24.8,51.65,slash pine
111,4.6,25.0,64.44,slash pine
111,5.9,43.5,126.13,slash pine
111,8.4,49.9,334.2,slash pine
111,5.0,30.2,46.03,slash pine
111,5.5,29.2,60.32,slash pine
111,8.1,50.4,311.97,slash pine
111,5.3,42.8,93.1,slash pine
111,5.0,32.0,50.73,slash pine
111,7.4,43.4,216.71,slash pine
111,6.2,49.9,167.99,slash pine
111,10.1,59.4,589.33,slash pine
111,5.5,38.2,88.52,slash pine
111,6.4,37.0,127.13,slash pine
111,10.1,56.0,555.63,slash pine
111,7.0,54.8,247.19,slash pine
111,10.6,66.1,723.75,slash pine
111,7.4,57.0,291.92,slash pine
111,3.9,28.9,43.13,slash pine
111,5.8,37.6,100.3,slash pine
111,7.7,48.1,265.32,slash pine
111,5.4,37.6,82.24,slash pine
111,8.8,50.7,375.82,slash pine
111,5.8,40.8,111.39,slash pine
111,5.3,36.4,74.41,slash pine
111,6.5,33.8,118.41,slash pine
111,6.3,37.4,123.75,slash pine
111,4.6,36.2,64.44,slash pine
111,7.7,46.0,252.78,slash pine
111,6.0,45.4,138.62,slash pine
111,4.4,27.2,57.84,slash pine
111,4.7,29.4,67.91,slash pine
111,8.8,47.7,352.63,slash pine
111,5.2,41.3,84.08,slash pine
111,8.4,54.7,368.1,slash pine
111,5.0,41.1,74.52,slash pine
111,5.8,40.0,108.62,slash pine
111,5.8,37.0,98.22,slash pine
111,8.4,51.5,345.5,slash pine
111,5.0,42.3,77.66,slash pine
111,8.2,49.9,317.09,slash pine
111,5.0,40.2,72.17,slash pine
111,10.3,62.3,643.42,slash pine
111,5.8,57.3,168.59,slash pine
111,8.8,52.3,388.18,slash pine
111,7.3,54.2,268.22,slash pine
111,7.8,52.2,298.15,slash pine
111,7.0,50.5,225.82,slash pine
111,7.0,41.7,182.09,slash pine
111,5.5,40.7,96.35,slash pine
111,8.4,50.9,341.26,slash pine
111,5.3,44.9,99.23,slash pine
111,6.5,39.2,141.69,slash pine
111,4.3,32.8,54.69,slash pine
111,6.8,43.8,179.86,slash pine
111,4.6,39.4,64.44,slash pine
111,4.9,32.8,75.15,slash pine
111,6.6,34.2,124.93,slash pine
111,7.0,42.4,185.57,slash pine
111,4.5,33.8,61.09,slash pine
111,5.7,35.8,89.63,slash pine
111,6.6,38.3,143.13,slash pine
111,6.8,46.2,191.14,slash pine
111,6.0,44.0,133.44,slash pine
111,9.7,62.5,570.65,slash pine
111,5.4,50.8,122.18,slash pine
111,7.8,54.4,311.61,slash pine
111,5.1,44.8,89.02,slash pine
111,7.1,53.1,246.49,slash pine
111,5.9,43.8,127.2,slash pine
111,7.4,51.5,261.5,slash pine
111,5.2,43.2,89.43,slash pine
111,6.5,44.1,162.81,slash pine
111,5.4,38.9,86.17,slash pine
111,7.3,36.2,171.24,slash pine
111,5.4,37.0,80.42,slash pine
111,7.4,46.0,231.09,slash pine
111,5.5,42.2,101.05,slash pine
111,6.8,47.5,197.25,slash pine
111,5.0,39.0,69.03,slash pine
111,7.2,49.2,233.87,slash pine
111,4.8,44.8,71.47,slash pine
111,7.9,46.5,270.84,slash pine
111,4.8,39.9,71.47,slash pine
111,5.9,28.8,73.48,slash pine
111,4.6,31.9,64.44,slash pine
111,8.0,53.3,322.23,slash pine
111,5.1,43.5,85.49,slash pine
111,8.3,50.6,330.42,slash pine
111,5.2,47.0,100.13,slash pine
111,6.3,40.2,135.11,slash pine
111,4.9,37.3,75.15,slash pine
111,6.2,39.5,127.04,slash pine
111,4.0,33.4,45.87,slash pine
111,6.9,42.2,178.41,slash pine
111,3.6,30.8,35.5,slash pine
111,7.9,40.5,233.2,slash pine
111,5.1,34.9,62.15,slash pine
111,7.0,42.3,185.07,slash pine
111,5.0,36.8,63.28,slash pine
111,8.8,48.5,358.81,slash pine
111,6.7,44.1,175.03,slash pine
111,7.0,33.8,142.83,slash pine
111,4.6,27.7,64.44,slash pine
111,7.2,36.8,168.82,slash pine
111,5.4,39.2,87.08,slash pine
111,1.0,6.5,1.6,slash pine
111,1.6,8.2,4.96,slash pine
111,1.9,10.6,7.52,slash pine
111,1.3,8.2,3.0,slash pine
111,1.3,6.8,3.0,slash pine
111,1.5,8.6,4.24,slash pine
111,1.2,7.5,2.48,slash pine
111,1.7,9.8,5.74,slash pine
111,1.8,8.8,6.6,slash pine
111,1.6,8.1,4.96,slash pine
111,1.3,7.5,3.0,slash pine
111,1.1,5.9,2.01,slash pine
111,1.8,9.0,6.6,slash pine
111,1.2,7.5,2.48,slash pine
111,1.5,7.6,4.24,slash pine
111,1.3,8.1,3.0,slash pine
111,1.6,8.3,4.96,slash pine
111,1.7,8.5,5.74,slash pine
111,1.4,8.2,3.59,slash pine
111,1.2,6.8,2.48,slash pine
111,1.4,8.4,3.59,slash pine
111,1.6,7.2,4.96,slash pine
111,1.3,8.0,3.0,slash pine
111,1.4,6.9,3.59,slash pine
111,1.0,7.2,1.6,slash pine
111,1.3,8.6,3.0,slash pine
111,1.0,7.2,1.6,slash pine
111,1.3,6.6,3.0,slash pine
111,1.6,8.8,4.96,slash pine
111,1.6,8.4,4.96,slash pine
111,1.3,7.5,3.0,slash pine
111,1.0,8.2,1.6,slash pine
111,1.2,8.4,2.48,slash pine
111,1.4,6.8,3.59,slash pine
111,1.6,8.6,4.96,slash pine
111,1.4,7.2,3.59,slash pine
111,1.3,7.3,3.0,slash pine
111,1.4,7.8,3.59,slash pine
111,1.1,7.6,2.01,slash pine
111,1.5,8.5,4.24,slash pine
111,1.4,8.4,3.59,slash pine
111,1.4,7.7,3.59,slash pine
111,1.0,7.1,1.6,slash pine
111,1.6,9.2,4.96,slash pine
111,16.3,77.3,2013.18,slash pine
111,9.8,67.0,624.87,slash pine
111,10.3,63.0,650.63,slash pine
111,9.4,63.0,539.2,slash pine
111,8.4,63.0,426.73,slash pine
111,8.7,69.0,505.02,slash pine
111,9.0,72.0,564.19,slash pine
111,10.0,83.0,806.77,slash pine
111,8.3,71.0,471.22,slash pine
111,9.6,71.0,634.93,slash pine
111,9.9,69.0,657.06,slash pine
111,9.0,68.0,532.51,slash pine
111,10.1,70.0,694.37,slash pine
111,8.4,71.0,483.24,slash pine
111,8.1,73.0,460.77,slash pine
111,11.9,88.0,1214.63,slash pine
111,10.7,85.0,947.31,slash pine
111,10.1,92.0,912.38,slash pine
111,10.1,80.0,793.47,slash pine
111,11.6,78.0,1024.03,slash pine
111,10.2,86.0,870.09,slash pine
111,12.8,93.0,1484.97,slash pine
111,11.7,77.0,1028.74,slash pine
111,11.2,81.0,990.28,slash pine
111,11.8,80.0,1086.83,slash pine
111,9.4,83.0,711.58,slash pine
111,10.3,81.0,835.94,slash pine
111,12.8,84.0,1343.38,slash pine
111,12.3,78.0,1152.58,slash pine
111,13.7,89.0,1629.8,slash pine
111,11.4,85.0,1076.49,slash pine
111,13.3,75.0,1298.33,slash pine
111,9.5,73.0,639.07,slash pine
111,14.1,96.0,1859.73,slash pine
111,11.3,93.0,1156.2,slash pine
111,10.2,85.0,859.99,slash pine
111,12.0,90.0,1262.98,slash pine
111,9.1,89.0,714.71,slash pine
111,11.0,81.0,954.88,slash pine
111,9.2,87.0,714.2,slash pine
111,10.8,86.0,976.56,slash pine
111,9.4,76.7,657.28,slash pine
111,7.6,69.6,382.86,slash pine
111,9.7,81.6,745.63,slash pine
111,8.5,75.4,527.2,slash pine
111,7.9,66.5,396.31,slash pine
111,10.1,75.3,746.89,slash pine
111,8.4,77.2,527.03,slash pine
111,8.2,71.1,460.02,slash pine
111,8.4,78.0,532.69,slash pine
111,6.7,59.7,246.3,slash pine
111,5.6,53.5,142.67,slash pine
111,6.8,50.0,209.0,slash pine
111,5.9,49.5,147.62,slash pine
111,7.4,48.8,246.57,slash pine
111,9.0,54.2,423.19,slash pine
111,8.8,72.4,543.54,slash pine
111,7.2,58.4,282.14,slash pine
111,7.5,63.5,337.54,slash pine
111,5.8,60.1,178.3,slash pine
111,7.8,60.9,351.4,slash pine
111,7.4,65.8,340.59,slash pine
111,7.2,63.7,309.95,slash pine
111,5.8,59.4,175.87,slash pine
111,7.1,65.0,307.26,slash pine
111,7.3,49.1,240.74,slash pine
111,8.0,57.0,346.01,slash pine
111,7.8,50.2,285.9,slash pine
111,8.0,44.3,264.38,slash pine
111,9.0,56.6,442.2,slash pine
111,7.8,53.8,307.94,slash pine
111,9.7,59.9,546.83,slash pine
111,8.0,52.0,313.87,slash pine
111,7.7,48.4,267.11,slash pine
111,7.8,51.5,293.86,slash pine
111,8.0,50.9,306.8,slash pine
111,7.7,53.0,294.57,slash pine
111,7.3,48.4,236.97,slash pine
111,8.1,54.5,338.97,slash pine
111,6.4,31.0,102.02,slash pine
111,6.8,30.0,114.99,slash pine
111,8.3,27.0,167.54,slash pine
111,9.7,42.0,382.85,slash pine
111,12.0,44.0,625.08,slash pine
111,5.0,28.0,40.28,slash pine
111,6.6,32.0,115.17,slash pine
111,7.6,41.0,216.34,slash pine
111,9.8,37.0,344.5,slash pine
111,5.8,30.0,73.95,slash pine
111,6.3,30.0,93.7,slash pine
111,7.6,47.0,251.28,slash pine
111,8.0,31.0,178.89,slash pine
111,5.0,26.0,35.05,slash pine
111,5.9,40.0,113.59,slash pine
111,8.9,40.0,300.53,slash pine
111,11.4,49.0,624.83,slash pine
111,5.2,37.0,71.97,slash pine
111,11.0,48.0,568.72,slash pine
111,12.5,54.0,830.23,slash pine
111,10.8,43.0,491.06,slash pine
111,11.1,55.0,662.84,slash pine
111,5.0,41.0,74.26,slash pine
111,7.6,44.0,233.81,slash pine
111,6.3,46.0,158.66,slash pine
111,8.1,51.0,315.92,slash pine
111,10.3,53.0,547.68,slash pine
111,7.8,44.0,247.95,slash pine
111,9.8,56.0,522.07,slash pine
111,14.5,47.0,982.67,slash pine
111,13.2,59.0,1011.39,slash pine
111,11.5,51.0,661.71,slash pine
111,7.9,45.0,261.43,slash pine
111,8.5,51.0,350.86,slash pine
111,14.6,47.0,996.56,slash pine
111,6.3,30.0,93.7,slash pine
111,5.5,37.0,84.76,slash pine
111,10.7,59.0,659.03,slash pine
111,9.4,56.0,478.87,slash pine
111,17.1,58.0,1680.58,slash pine
742,12.7,72.1,677.6,eastern cottonwood
742,10.4,58.2,365.56,eastern cottonwood
742,16.2,85.6,1341.99,eastern cottonwood
742,8.4,54.1,239.29,eastern cottonwood
742,9.1,47.0,238.48,eastern cottonwood
742,6.0,54.4,139.92,eastern cottonwood
742,16.5,68.2,1039.09,eastern cottonwood
742,11.0,63.2,415.72,eastern cottonwood
742,13.5,74.2,849.69,eastern cottonwood
742,17.5,74.1,1612.3,eastern cottonwood
742,6.0,35.0,119.52,eastern cottonwood
742,11.1,52.8,524.64,eastern cottonwood
742,10.8,88.4,490.53,eastern cottonwood
742,12.1,60.9,648.62,eastern cottonwood
742,10.2,45.2,426.46,eastern cottonwood
742,38.1,113.2,9825.6,eastern cottonwood
742,8.6,55.7,281.58,eastern cottonwood
742,10.2,56.0,426.46,eastern cottonwood
742,8.4,68.6,266.02,eastern cottonwood
742,17.3,61.8,1567.3,eastern cottonwood
742,10.4,52.7,447.21,eastern cottonwood
742,13.5,56.7,699.65,eastern cottonwood
742,15.5,75.5,1158.88,eastern cottonwood
742,10.8,78.4,520.37,eastern cottonwood
742,11.1,78.5,616.41,eastern cottonwood
742,19.2,74.3,1602.09,eastern cottonwood
742,11.3,79.3,846.37,eastern cottonwood
742,25.2,100.1,4672.72,eastern cottonwood
742,28.9,107.2,6735.32,eastern cottonwood
742,11.1,69.6,686.12,eastern cottonwood
742,8.5,67.7,402.85,eastern cottonwood
742,16.4,98.7,1924.1,eastern cottonwood
742,7.5,67.9,305.76,eastern cottonwood
370,7.6,62.0,373.57,birch spp.
370,9.8,71.0,692.47,birch spp.
370,7.9,82.0,548.43,birch spp.
370,9.4,73.0,714.7,birch spp.
370,5.7,74.0,232.15,birch spp.
370,10.8,82.0,988.5,birch spp.
370,9.9,80.0,786.58,birch spp.
370,10.1,82.0,852.64,birch spp.
370,4.6,54.7,87.08,birch spp.
370,4.7,57.9,91.62,birch spp.
370,4.9,65.3,101.1,birch spp.
370,10.9,65.5,801.09,birch spp.
370,11.7,67.5,965.06,birch spp.
370,12.9,87.9,1406.41,birch spp.
370,13.8,81.1,1571.4,birch spp.
370,12.7,83.0,1310.25,birch spp.
370,16.5,75.6,2103.63,birch spp.
370,11.3,86.4,1147.12,birch spp.
370,13.2,82.8,1471.63,birch spp.
370,11.9,84.8,1221.76,birch spp.
370,11.6,85.8,1170.91,birch spp.
370,14.8,83.6,1812.81,birch spp.
370,15.8,85.5,2088.91,birch spp.
370,15.1,75.5,1725.44,birch spp.
370,13.6,74.5,1366.84,birch spp.
370,12.1,85.3,1215.38,birch spp.
370,15.7,67.2,1871.44,birch spp.
370,16.7,72.0,2127.45,birch spp.
370,18.9,65.5,2595.69,birch spp.
370,16.3,57.1,1686.48,birch spp.
370,13.4,65.1,1266.78,birch spp.
370,14.1,64.5,1226.98,birch spp.
370,17.6,71.1,2337.66,birch spp.
370,17.2,81.0,2388.89,birch spp.
370,17.9,60.5,2178.3,birch spp.
370,15.4,79.4,1851.45,birch spp.
370,16.9,68.7,2059.02,birch spp.
370,12.0,83.7,1144.59,birch spp.
370,15.0,73.1,1655.82,birch spp.
370,13.0,72.8,1247.28,birch spp.
370,10.9,67.8,830.71,birch spp.
370,15.9,68.0,1816.59,birch spp.
370,18.3,64.1,2313.43,birch spp.
370,13.7,69.1,1311.71,birch spp.
370,9.0,57.3,453.19,birch spp.
370,8.7,59.4,486.38,birch spp.
611,6.2,43.0,121.09,sweetgum
611,11.6,68.0,763.99,sweetgum
611,3.1,34.0,23.52,sweetgum
611,10.3,75.0,671.1,sweetgum
611,11.3,74.0,791.55,sweetgum
611,16.7,81.0,1834.61,sweetgum
611,16.3,82.0,1772.36,sweetgum
611,13.7,78.0,1207.35,sweetgum
611,3.0,30.0,21.68,sweetgum
611,9.6,58.0,445.21,sweetgum
611,7.1,63.0,263.27,sweetgum
611,8.3,76.0,445.21,sweetgum
611,7.9,63.0,328.31,sweetgum
611,11.5,73.0,807.4,sweetgum
611,3.3,27.0,27.45,sweetgum
611,6.2,53.0,159.06,sweetgum
611,7.6,50.0,232.94,sweetgum
611,12.6,71.0,935.5,sweetgum
611,7.4,55.0,245.69,sweetgum
611,6.8,60.0,227.03,sweetgum
611,6.7,46.0,159.17,sweetgum
611,7.9,48.0,241.46,sweetgum
611,8.9,67.0,446.58,sweetgum
611,8.0,67.0,360.53,sweetgum
611,5.2,50.0,95.05,sweetgum
611,9.5,63.0,476.21,sweetgum
611,14.4,83.0,1413.65,sweetgum
611,1.9,19.0,7.02,sweetgum
611,17.4,92.0,2253.1,sweetgum
611,1.9,27.0,7.02,sweetgum
611,1.4,15.0,3.32,sweetgum
611,1.8,17.0,6.15,sweetgum
611,14.5,86.0,1484.26,sweetgum
611,10.0,77.0,651.09,sweetgum
611,10.7,80.0,772.92,sweetgum
611,14.3,76.0,1277.33,sweetgum
611,1.3,16.0,2.78,sweetgum
611,4.2,36.0,49.89,sweetgum
611,7.7,40.0,184.23,sweetgum
611,13.9,62.0,986.59,sweetgum
611,7.4,54.0,240.54,sweetgum
611,2.9,29.0,19.94,sweetgum
611,2.8,26.0,18.28,sweetgum
611,20.0,90.2,2333.18,sweetgum
611,8.9,78.7,293.33,sweetgum
611,14.6,88.1,1060.5,sweetgum
611,1.0,18.7,1.48,sweetgum
611,1.4,22.3,3.32,sweetgum
611,1.7,29.4,5.34,sweetgum
611,2.0,26.6,7.97,sweetgum
611,2.5,29.4,13.82,sweetgum
611,2.5,30.2,13.82,sweetgum
611,2.8,33.8,18.28,sweetgum
611,3.2,41.3,25.44,sweetgum
611,3.4,37.9,29.56,sweetgum
611,11.5,80.0,885.84,sweetgum
611,6.5,63.0,218.31,sweetgum
611,6.3,50.8,156.43,sweetgum
611,4.8,34.5,69.46,sweetgum
611,5.9,55.4,150.03,sweetgum
611,12.6,73.3,966.02,sweetgum
611,8.2,79.2,454.43,sweetgum
611,9.2,85.5,617.66,sweetgum
611,12.2,88.0,1091.73,sweetgum
611,5.7,55.3,137.98,sweetgum
611,5.7,44.0,100.78,sweetgum
611,20.0,90.2,2333.18,sweetgum
611,8.9,78.7,293.33,sweetgum
611,14.6,88.1,1060.5,sweetgum
611,11.6,95.7,1079.38,sweetgum
611,7.2,76.0,335.01,sweetgum
611,9.8,61.4,492.98,sweetgum
611,25.0,128.9,6337.69,sweetgum
611,24.2,126.0,5817.82,sweetgum
611,32.5,126.8,10398.56,sweetgum
611,13.0,82.1,1149.47,sweetgum
611,26.7,115.4,6457.68,sweetgum
611,2.7,32.7,16.71,sweetgum
611,2.8,31.2,18.28,sweetgum
611,1.0,22.9,1.48,sweetgum
611,3.2,33.5,25.44,sweetgum
611,7.6,51.5,241.05,sweetgum
611,11.8,79.0,918.77,sweetgum
611,13.8,87.0,1365.74,sweetgum
611,10.5,65.0,600.19,sweetgum
611,16.0,91.3,1902.95,sweetgum
611,21.0,97.2,3420.54,sweetgum
611,19.4,93.3,2818.1,sweetgum
611,15.6,80.9,1607.04,sweetgum
611,6.0,58.7,167.85,sweetgum
611,13.0,84.1,1177.58,sweetgum
611,16.3,89.2,1926.99,sweetgum
611,14.1,86.2,1410.06,sweetgum
611,17.5,95.7,2368.99,sweetgum
611,17.1,99.0,2343.5,sweetgum
611,23.7,110.5,4907.74,sweetgum
611,23.8,88.5,3976.05,sweetgum
611,12.4,77.0,984.46,sweetgum
611,9.4,50.8,369.87,sweetgum
611,11.1,67.0,691.43,sweetgum
611,8.2,60.1,336.28,sweetgum
611,19.8,129.9,4068.34,sweetgum
611,25.1,127.2,6303.8,sweetgum
611,21.9,123.5,4700.69,sweetgum
611,9.0,74.6,512.16,sweetgum
611,18.7,101.5,2853.51,sweetgum
611,24.7,123.0,5910.96,sweetgum
611,6.6,57.0,200.21,sweetgum
611,2.0,29.2,7.97,sweetgum
611,3.3,34.2,27.45,sweetgum
611,22.0,102.7,3952.07,sweetgum
611,22.6,95.8,3887.64,sweetgum
611,10.4,79.0,721.86,sweetgum
611,24.6,121.7,5803.39,sweetgum
611,2.2,23.8,10.08,sweetgum
611,3.2,34.9,25.44,sweetgum
611,15.9,99.7,2052.33,sweetgum
611,23.1,117.2,4949.11,sweetgum
611,6.1,49.1,138.79,sweetgum
611,12.5,86.1,1118.67,sweetgum
611,22.5,99.7,4009.02,sweetgum
611,19.2,99.8,2952.66,sweetgum
611,17.6,103.1,2578.86,sweetgum
611,16.6,99.0,2213.62,sweetgum
611,17.8,107.6,2749.68,sweetgum
611,20.4,107.8,3582.52,sweetgum
611,1.7,21.7,5.34,sweetgum
611,4.1,36.4,47.0,sweetgum
611,2.5,24.0,13.82,sweetgum
611,4.8,35.8,69.46,sweetgum
611,5.1,44.9,76.2,sweetgum
611,8.1,63.3,347.31,sweetgum
611,1.0,20.6,1.48,sweetgum
611,6.9,27.3,84.91,sweetgum
611,11.7,65.4,746.62,sweetgum
611,8.2,49.8,272.57,sweetgum
611,5.0,45.5,73.39,sweetgum
611,5.6,45.8,101.89,sweetgum
611,5.0,37.4,51.95,sweetgum
611,5.1,40.6,64.44,sweetgum
611,5.0,41.3,62.27,sweetgum
611,5.2,36.8,57.77,sweetgum
611,16.1,106.7,2248.99,sweetgum
611,13.3,74.1,1083.43,sweetgum
611,17.2,89.9,2153.58,sweetgum
611,19.2,116.6,3444.78,sweetgum
611,16.3,112.4,2425.25,sweetgum
611,22.7,91.1,3731.49,sweetgum
611,16.0,90.6,1888.44,sweetgum
611,17.2,101.5,2429.35,sweetgum
611,18.6,93.3,2598.05,sweetgum
611,15.1,86.7,1617.33,sweetgum
611,17.4,92.0,2253.1,sweetgum
611,18.5,101.9,2805.91,sweetgum
611,17.2,107.8,2579.12,sweetgum
611,13.9,80.9,1287.59,sweetgum
611,14.2,58.2,965.19,sweetgum
611,16.4,73.5,1608.69,sweetgum
611,17.8,83.7,2143.38,sweetgum
611,8.8,83.0,548.89,sweetgum
611,18.4,113.5,3090.15,sweetgum
611,14.6,85.2,1489.98,sweetgum
611,19.4,105.7,3188.58,sweetgum
611,14.1,89.9,1470.57,sweetgum
611,13.4,96.6,1433.8,sweetgum
611,26.5,94.4,5222.72,sweetgum
611,19.6,63.2,1957.47,sweetgum
611,21.1,97.8,3473.18,sweetgum
611,17.3,99.9,2418.11,sweetgum
611,19.1,105.6,3091.28,sweetgum
611,16.7,88.9,2012.23,sweetgum
611,13.4,65.8,975.68,sweetgum
611,9.5,73.2,558.35,sweetgum
611,19.9,88.9,2822.18,sweetgum
611,13.9,89.8,1429.33,sweetgum
611,16.2,85.8,1832.15,sweetgum
611,4.3,30.6,52.88,sweetgum
611,5.0,41.1,61.74,sweetgum
611,5.6,53.6,126.81,sweetgum
611,9.0,64.7,439.83,sweetgum
611,8.0,64.8,347.51,sweetgum
611,7.0,68.0,278.96,sweetgum
611,10.2,48.6,416.54,sweetgum
611,9.6,74.0,576.53,sweetgum
611,12.1,63.4,771.96,sweetgum
611,10.9,70.7,705.04,sweetgum
611,9.0,42.8,279.84,sweetgum
611,8.7,59.6,375.89,sweetgum
611,9.7,66.5,525.65,sweetgum
611,10.0,58.6,488.47,sweetgum
611,9.0,62.6,424.49,sweetgum
611,9.0,76.9,528.96,sweetgum
611,7.0,70.6,291.13,sweetgum
611,8.0,69.0,372.37,sweetgum
611,22.8,73.0,3027.1,sweetgum
611,14.1,54.0,883.37,sweetgum
611,20.6,55.2,1888.55,sweetgum
611,13.6,77.1,1176.74,sweetgum
611,14.1,76.3,1248.12,sweetgum
611,14.4,76.3,1299.66,sweetgum
611,5.1,42.2,68.81,sweetgum
611,5.0,42.1,64.39,sweetgum
611,6.3,45.8,136.91,sweetgum
611,10.0,62.7,524.71,sweetgum
611,5.1,32.4,42.01,sweetgum
611,5.9,38.5,91.06,sweetgum
611,6.1,41.6,111.09,sweetgum
611,9.4,58.1,427.55,sweetgum
611,5.8,37.3,82.77,sweetgum
611,8.0,36.1,177.6,sweetgum
611,5.3,33.7,52.51,sweetgum
611,5.4,49.6,103.85,sweetgum
611,14.4,73.6,1253.72,sweetgum
611,5.1,38.8,59.51,sweetgum
611,8.4,73.6,440.4,sweetgum
611,6.4,60.3,200.3,sweetgum
611,6.3,56.2,177.5,sweetgum
611,9.6,53.3,406.64,sweetgum
611,6.9,63.8,251.57,sweetgum
611,5.4,62.5,142.64,sweetgum
611,5.1,61.8,122.41,sweetgum
611,6.5,52.0,173.01,sweetgum
611,7.0,46.0,175.96,sweetgum
611,10.0,55.0,456.65,sweetgum
611,8.0,65.0,348.69,sweetgum
611,7.6,51.0,238.34,sweetgum
611,9.0,52.0,347.05,sweetgum
611,6.0,41.0,104.3,sweetgum
611,13.3,89.0,1301.99,sweetgum
611,11.5,79.0,874.64,sweetgum
611,5.9,45.1,114.09,sweetgum
611,7.0,53.6,211.54,sweetgum
611,5.6,54.6,130.01,sweetgum
611,5.5,52.8,118.83,sweetgum
611,16.5,89.1,1970.52,sweetgum
611,20.1,115.7,3734.0,sweetgum
611,16.8,100.0,2287.87,sweetgum
611,16.8,92.5,2117.33,sweetgum
611,8.6,65.3,405.56,sweetgum
611,16.1,68.0,1436.97,sweetgum
611,6.8,58.2,219.01,sweetgum
611,6.9,28.3,89.48,sweetgum
611,14.3,55.1,926.35,sweetgum
611,10.2,74.0,649.26,sweetgum
611,6.4,56.7,185.87,sweetgum
611,5.3,36.7,61.25,sweetgum
611,9.0,67.9,463.21,sweetgum
611,5.9,33.6,73.96,sweetgum
611,7.6,59.4,283.76,sweetgum
611,6.5,38.8,118.66,sweetgum
611,6.9,48.4,181.26,sweetgum
611,7.9,55.5,284.89,sweetgum
611,6.2,46.3,133.62,sweetgum
611,7.1,48.7,194.64,sweetgum
611,5.8,39.6,90.57,sweetgum
611,5.4,40.1,75.28,sweetgum
611,7.1,49.4,198.0,sweetgum
611,7.0,43.1,162.38,sweetgum
611,6.6,38.7,122.84,sweetgum
611,6.7,48.5,170.02,sweetgum
611,5.5,53.2,120.07,sweetgum
611,7.7,53.3,257.83,sweetgum
611,5.7,43.6,99.47,sweetgum
611,5.1,62.1,123.23,sweetgum
611,5.5,51.6,115.11,sweetgum
611,8.2,55.7,309.07,sweetgum
611,5.0,57.6,105.41,sweetgum
611,5.5,42.8,87.82,sweetgum
611,5.7,44.6,102.76,sweetgum
611,7.2,37.0,143.22,sweetgum
611,5.7,38.1,81.36,sweetgum
611,9.1,49.1,333.4,sweetgum
611,6.3,37.9,106.08,sweetgum
611,11.5,78.1,864.55,sweetgum
611,9.4,59.4,437.82,sweetgum
611,12.0,83.4,1002.12,sweetgum
611,14.7,88.0,1559.13,sweetgum
611,12.2,89.4,1109.23,sweetgum
611,6.5,37.5,113.3,sweetgum
611,9.4,62.7,463.89,sweetgum
611,6.7,63.1,233.37,sweetgum
611,6.2,46.5,134.38,sweetgum
611,7.7,45.1,212.45,sweetgum
611,7.3,48.9,207.94,sweetgum
611,7.1,50.1,201.36,sweetgum
611,6.6,45.9,153.28,sweetgum
611,5.5,40.6,81.0,sweetgum
611,8.3,50.5,284.04,sweetgum
611,5.2,39.7,65.96,sweetgum
611,6.5,40.3,124.83,sweetgum
611,5.2,37.0,58.34,sweetgum
611,5.1,43.5,72.37,sweetgum
611,7.7,64.5,319.8,sweetgum
611,5.5,50.5,111.7,sweetgum
611,5.9,40.4,97.69,sweetgum
611,6.0,42.1,108.25,sweetgum
611,6.0,42.6,110.04,sweetgum
611,5.2,57.2,115.38,sweetgum
611,9.0,63.8,433.26,sweetgum
611,6.3,52.4,162.67,sweetgum
611,6.5,49.5,162.72,sweetgum
611,6.1,49.8,141.37,sweetgum
611,5.6,56.2,135.12,sweetgum
611,6.0,51.0,140.21,sweetgum
611,6.1,29.2,65.29,sweetgum
611,5.7,34.7,70.17,sweetgum
611,4.7,35.0,65.93,sweetgum
611,6.0,41.0,104.3,sweetgum
611,6.1,47.4,132.51,sweetgum
611,5.1,38.8,59.51,sweetgum
611,5.9,42.6,105.36,sweetgum
611,5.5,43.3,89.38,sweetgum
611,20.2,88.5,2892.19,sweetgum
611,17.4,104.2,2549.55,sweetgum
611,19.9,101.4,3214.2,sweetgum
611,10.6,89.1,848.38,sweetgum
611,17.1,107.1,2533.94,sweetgum
611,9.8,72.5,587.55,sweetgum
611,14.4,96.2,1638.24,sweetgum
611,17.1,102.6,2428.14,sweetgum
611,18.5,106.6,2934.2,sweetgum
611,6.1,48.8,137.68,sweetgum
611,6.5,40.8,126.89,sweetgum
611,7.0,60.0,241.5,sweetgum
611,11.8,76.2,885.87,sweetgum
611,5.1,49.8,89.6,sweetgum
611,9.8,53.1,422.27,sweetgum
611,10.2,54.4,469.68,sweetgum
611,10.1,47.1,394.78,sweetgum
611,8.8,49.0,310.32,sweetgum
611,9.7,51.7,401.88,sweetgum
611,8.1,53.8,289.81,sweetgum
611,8.5,35.3,198.3,sweetgum
611,7.9,53.0,215.54,sweetgum
611,6.4,58.1,125.8,sweetgum
611,8.7,66.3,276.55,sweetgum
611,10.3,62.2,616.25,sweetgum
611,9.0,62.2,466.0,sweetgum
611,7.3,62.5,282.75,sweetgum
611,5.2,31.7,64.02,sweetgum
611,11.1,85.2,913.56,sweetgum
611,8.7,77.3,521.41,sweetgum
611,15.6,101.7,2038.72,sweetgum
611,18.9,88.2,2695.17,sweetgum
611,6.6,47.3,151.49,sweetgum
611,9.2,44.8,366.05,sweetgum
611,18.1,105.2,2943.48,sweetgum
611,5.5,49.0,109.58,sweetgum
611,13.8,68.2,1112.28,sweetgum
611,13.7,79.4,1263.52,sweetgum
813,6.1,49.4,264.85,cherrybark oak
813,19.2,70.0,2831.52,cherrybark oak
813,19.3,78.0,3169.43,cherrybark oak
813,13.4,73.0,1529.02,cherrybark oak
813,14.3,98.0,2267.66,cherrybark oak
813,14.6,66.7,1638.21,cherrybark oak
813,17.5,103.0,3447.14,cherrybark oak
813,18.6,89.5,3374.19,cherrybark oak
813,16.2,96.8,2815.26,cherrybark oak
813,18.6,89.4,3370.57,cherrybark oak
813,21.8,94.5,4792.72,cherrybark oak
813,16.5,91.3,2753.65,cherrybark oak
813,11.6,82.6,1331.28,cherrybark oak
813,13.5,87.6,1838.07,cherrybark oak
813,8.2,74.8,662.42,cherrybark oak
813,14.2,50.0,1195.78,cherrybark oak
813,21.7,102.9,5158.77,cherrybark oak
813,19.1,90.4,3579.94,cherrybark oak
813,17.6,80.6,2754.54,cherrybark oak
813,16.3,87.2,2577.0,cherrybark oak
813,13.9,63.4,1431.6,cherrybark oak
813,11.4,80.6,1262.84,cherrybark oak
813,14.1,78.7,1796.57,cherrybark oak
813,5.4,24.4,110.81,cherrybark oak
813,9.4,49.0,560.14,cherrybark oak
813,8.9,63.8,656.25,cherrybark oak
813,12.2,73.3,1301.34,cherrybark oak
831,12.0,69.0,1019.05,willow oak
831,18.8,77.0,2685.97,willow oak
831,22.6,83.1,4133.15,willow oak
831,12.8,76.3,1274.03,willow oak
831,27.4,94.3,6803.07,willow oak
831,11.3,76.4,1006.72,willow oak
831,4.4,42.1,82.51,willow oak
831,2.5,28.6,20.92,willow oak
831,2.1,33.6,13.72,willow oak
831,4.2,37.1,73.69,willow oak
831,1.9,23.6,10.77,willow oak
831,1.7,20.1,8.24,willow oak
831,2.5,27.1,20.92,willow oak
831,3.7,35.1,54.16,willow oak
831,3.1,28.1,35.25,willow oak
831,20.9,109.0,4639.07,willow oak
831,18.0,108.6,3467.74,willow oak
831,18.3,107.9,3556.69,willow oak
831,21.8,105.0,4850.53,willow oak
831,12.0,84.2,1243.56,willow oak
831,27.6,105.0,7666.64,willow oak
831,16.5,83.5,2263.32,willow oak
831,1.8,23.1,9.45,willow oak
831,3.4,35.1,44.11,willow oak
831,3.5,37.7,47.32,willow oak
831,26.1,124.0,8098.35,willow oak
831,18.0,98.7,3155.14,willow oak
831,37.0,126.5,16322.15,willow oak
831,34.3,113.2,12618.07,willow oak
831,16.0,87.4,2232.22,willow oak
831,11.3,75.5,994.82,willow oak
831,31.7,111.0,10608.38,willow oak
831,26.2,117.2,7718.23,willow oak
831,24.1,101.5,5697.21,willow oak
831,11.8,70.7,1011.29,willow oak
831,13.7,83.3,1582.44,willow oak
831,7.8,50.5,327.27,willow oak
831,6.2,54.0,226.06,willow oak
831,6.6,62.7,298.72,willow oak
831,6.0,49.2,191.68,willow oak
831,22.9,74.8,3825.29,willow oak
831,17.7,117.2,3620.79,willow oak
831,5.7,37.4,127.05,willow oak
831,8.4,52.2,400.64,willow oak
831,8.0,42.3,328.6,willow oak
591,2.0,14.8,9.78,American holly
591,2.2,17.6,12.39,American holly
591,2.1,19.4,11.04,American holly
591,3.0,22.0,26.74,American holly
591,3.2,20.0,31.38,American holly
591,6.6,41.5,204.01,American holly
591,5.3,27.3,87.26,American holly
591,7.2,27.1,171.33,American holly
591,5.7,30.0,114.55,American holly
591,5.7,24.5,91.81,American holly
591,7.1,35.0,195.98,American holly
694,5.0,53.0,118.68,swamp tupelo
694,1.1,14.0,2.04,swamp tupelo
694,11.8,98.0,1127.32,swamp tupelo
694,12.4,83.0,1053.43,swamp tupelo
694,10.4,56.0,527.27,swamp tupelo
694,12.1,89.3,1080.17,swamp tupelo
694,16.5,75.3,1605.97,swamp tupelo
694,13.6,89.0,1324.43,swamp tupelo
694,2.2,21.0,11.24,swamp tupelo
694,12.2,62.0,783.81,swamp tupelo
694,15.1,101.0,1803.77,swamp tupelo
694,14.3,91.0,1480.15,swamp tupelo
694,7.8,46.0,246.86,swamp tupelo
694,7.0,47.0,204.2,swamp tupelo
694,6.4,47.0,170.88,swamp tupelo
694,13.2,94.2,1324.49,swamp tupelo
694,15.2,96.0,1739.53,swamp tupelo
694,12.0,82.0,983.66,swamp tupelo
694,12.7,65.3,880.69,swamp tupelo
694,16.6,66.0,1434.75,swamp tupelo
694,12.0,83.0,994.74,swamp tupelo
694,6.3,42.5,147.89,swamp tupelo
694,15.6,105.0,1986.87,swamp tupelo
694,15.3,95.2,1746.52,swamp tupelo
694,10.5,44.0,420.37,swamp tupelo
694,12.4,91.0,1147.67,swamp tupelo
694,15.5,103.0,1927.84,swamp tupelo
694,14.3,49.0,834.98,swamp tupelo
694,13.0,62.0,874.85,swamp tupelo
694,5.0,40.0,84.05,swamp tupelo
694,6.9,47.0,198.47,swamp tupelo
694,5.6,40.0,107.8,swamp tupelo
694,5.6,42.0,114.23,swamp tupelo
694,9.2,43.5,321.37,swamp tupelo
694,18.2,89.0,2255.77,swamp tupelo
694,14.9,88.1,1546.42,swamp tupelo
694,20.2,94.0,2889.22,swamp tupelo
694,18.2,87.0,2207.37,swamp tupelo
694,20.4,79.0,2492.13,swamp tupelo
694,24.2,96.0,4152.83,swamp tupelo
694,17.3,85.0,1965.21,swamp tupelo
694,18.8,72.1,1961.33,swamp tupelo
694,13.1,82.0,1147.51,swamp tupelo
694,27.1,102.0,5469.94,swamp tupelo
694,16.6,87.0,1861.75,swamp tupelo
694,20.5,87.3,2767.13,swamp tupelo
694,18.2,89.0,2255.77,swamp tupelo
694,3.8,35.0,43.55,swamp tupelo
694,13.9,57.0,911.1,swamp tupelo
694,25.7,81.0,3956.34,swamp tupelo
694,17.9,74.0,1835.34,swamp tupelo
694,28.2,72.0,4223.98,swamp tupelo
694,21.6,73.0,2574.13,swamp tupelo
694,16.4,74.0,1562.35,swamp tupelo
694,14.5,55.0,950.21,swamp tupelo
694,6.6,45.0,173.19,swamp tupelo
694,11.8,60.0,718.88,swamp tupelo
694,6.3,46.0,161.64,swamp tupelo
694,15.3,71.0,1324.54,swamp tupelo
694,5.0,29.0,54.75,swamp tupelo
694,9.8,57.0,479.16,swamp tupelo
694,7.5,45.0,223.26,swamp tupelo
694,15.1,51.0,953.2,swamp tupelo
694,9.1,43.0,310.85,swamp tupelo
694,6.9,51.0,216.85,swamp tupelo
694,7.3,40.0,186.31,swamp tupelo
694,16.2,44.0,945.15,swamp tupelo
694,21.6,59.0,2104.41,swamp tupelo
694,11.8,62.0,740.37,swamp tupelo
694,8.4,54.0,337.29,swamp tupelo
694,10.5,50.0,478.69,swamp tupelo
694,10.0,65.0,569.18,swamp tupelo
694,11.6,70.0,802.5,swamp tupelo
694,12.4,73.0,935.63,swamp tupelo
694,5.7,59.0,174.9,swamp tupelo
694,13.0,54.0,771.98,swamp tupelo
694,8.3,40.0,240.56,swamp tupelo
694,5.3,43.0,104.47,swamp tupelo
694,7.6,54.0,278.13,swamp tupelo
694,8.4,57.0,356.78,swamp tupelo
694,2.0,23.0,8.88,swamp tupelo
694,18.4,71.0,1857.34,swamp tupelo
694,18.4,75.0,1956.19,swamp tupelo
694,9.5,71.0,564.97,swamp tupelo
694,11.5,58.0,667.71,swamp tupelo
694,17.3,59.0,1393.59,swamp tupelo
694,17.6,73.0,1756.18,swamp tupelo
694,12.1,59.0,739.04,swamp tupelo
694,16.9,60.0,1356.31,swamp tupelo
694,7.0,56.0,246.6,swamp tupelo
694,9.8,42.0,350.55,swamp tupelo
694,10.9,54.0,556.05,swamp tupelo
694,5.4,39.0,96.63,swamp tupelo
694,8.4,57.0,356.78,swamp tupelo
694,10.7,64.0,637.27,swamp tupelo
694,5.1,36.0,76.86,swamp tupelo
694,12.0,73.0,883.87,swamp tupelo
694,8.3,58.0,355.05,swamp tupelo
694,16.9,80.0,1776.98,swamp tupelo
694,16.5,85.0,1800.96,swamp tupelo
694,13.6,70.0,1058.68,swamp tupelo
694,5.2,30.0,63.33,swamp tupelo
694,19.5,91.0,2621.19,swamp tupelo
694,12.6,80.0,1047.06,swamp tupelo
694,13.4,80.0,1167.36,swamp tupelo
694,12.6,72.0,949.98,swamp tupelo
694,18.6,88.0,2323.79,swamp tupelo
694,13.9,81.0,1260.72,swamp tupelo
694,13.5,72.0,1072.54,swamp tupelo
694,16.0,85.0,1702.12,swamp tupelo
694,8.6,43.0,278.35,swamp tupelo
694,7.3,63.0,302.92,swamp tupelo
694,12.2,50.0,646.64,swamp tupelo
694,15.6,75.0,1444.3,swamp tupelo
694,14.1,85.0,1353.25,swamp tupelo
694,1.1,18.0,2.04,swamp tupelo
694,1.5,16.6,4.37,swamp tupelo
694,1.5,17.2,4.37,swamp tupelo
694,1.6,20.2,5.12,swamp tupelo
694,2.0,24.6,8.88,swamp tupelo
694,2.5,23.8,15.43,swamp tupelo
694,2.4,30.3,13.94,swamp tupelo
694,3.0,25.6,24.23,swamp tupelo
694,3.5,32.0,35.51,swamp tupelo
694,6.4,30.6,104.7,swamp tupelo
694,16.2,71.7,1483.04,swamp tupelo
827,1.5,22.5,6.09,water oak
827,1.8,24.0,9.45,water oak
827,2.0,34.6,12.19,water oak
827,2.2,27.6,15.35,water oak
827,3.2,27.2,38.07,water oak
827,2.9,36.3,29.98,water oak
827,3.5,41.0,47.32,water oak
827,16.6,86.4,2336.45,water oak
827,13.3,89.2,1609.23,water oak
827,16.9,87.5,2444.28,water oak
827,2.6,33.1,23.01,water oak
827,5.0,38.7,114.83,water oak
827,6.0,40.8,172.96,water oak
827,5.0,40.4,120.48,water oak
827,6.9,41.8,231.24,water oak
827,10.2,51.6,596.8,water oak
827,5.0,40.9,122.15,water oak
827,7.0,49.6,283.53,water oak
827,10.6,70.7,877.63,water oak
827,4.7,42.5,96.85,water oak
827,6.1,62.0,276.93,water oak
827,10.0,66.2,737.21,water oak
827,6.9,61.0,341.47,water oak
827,11.2,65.5,895.92,water oak
827,6.5,62.0,311.14,water oak
827,10.2,75.0,866.35,water oak
827,17.1,79.5,2280.39,water oak
827,5.3,58.0,199.4,water oak
827,9.0,62.0,567.38,water oak
827,5.8,59.4,241.41,water oak
827,12.7,88.3,1468.06,water oak
827,6.2,64.2,295.81,water oak
827,6.5,60.3,302.34,water oak
827,6.2,50.5,230.41,water oak
827,9.2,64.1,611.13,water oak
827,7.8,43.6,304.26,water oak
827,8.2,65.3,503.05,water oak
827,6.4,76.3,374.5,water oak
827,9.5,76.2,771.26,water oak
827,14.5,89.6,1888.28,water oak
827,8.8,78.0,685.32,water oak
827,19.1,69.2,2455.26,water oak
827,15.6,75.5,1834.95,water oak
827,15.6,60.1,1482.57,water oak
827,15.8,86.3,2131.22,water oak
827,20.8,90.2,3709.83,water oak
827,7.3,40.4,248.34,water oak
827,6.0,49.6,212.69,water oak
827,16.5,98.3,2613.21,water oak
827,18.0,98.7,3083.51,water oak
827,16.8,91.3,2517.61,water oak
827,15.6,84.4,2038.59,water oak
827,16.7,74.0,2039.85,water oak
827,21.3,91.0,3913.22,water oak
827,20.7,90.0,3668.41,water oak
827,14.8,104.3,2264.53,water oak
827,9.0,91.4,837.42,water oak
827,13.7,91.6,1740.15,water oak
827,8.7,81.2,698.69,water oak
827,7.0,63.5,365.35,water oak
827,9.0,85.7,785.07,water oak
827,14.4,90.7,1886.39,water oak
827,19.9,87.7,3322.41,water oak
827,14.2,75.3,1543.82,water oak
827,14.2,85.3,1735.63,water oak
827,11.6,81.5,1162.04,water oak
827,16.2,91.3,2354.18,water oak
827,13.9,74.6,1472.88,water oak
827,20.2,106.6,4123.08,water oak
827,6.8,65.5,357.61,water oak
827,6.0,49.0,209.98,water oak
827,8.2,63.3,487.49,water oak
827,6.5,40.6,200.35,water oak
827,5.4,46.0,161.03,water oak
827,6.7,55.5,293.48,water oak
827,7.1,48.7,285.7,water oak
827,5.6,33.0,120.26,water oak
827,9.3,48.9,475.45,water oak
827,9.7,49.6,521.97,water oak
827,5.9,45.9,189.88,water oak
827,5.9,41.2,169.26,water oak
827,6.2,48.8,222.29,water oak
827,11.6,60.2,881.38,water oak
827,15.8,72.5,1807.8,water oak
827,5.1,37.1,113.87,water oak
827,5.5,57.7,212.32,water oak
827,5.8,57.6,233.74,water oak
827,6.6,48.3,247.16,water oak
827,5.1,51.2,162.35,water oak
827,5.0,29.6,84.54,water oak
827,18.0,82.7,2603.72,water oak
827,5.9,44.6,184.18,water oak
827,9.2,65.3,622.6,water oak
827,7.1,55.9,329.14,water oak
827,12.3,69.2,1106.78,water oak
827,6.3,52.4,246.7,water oak
827,9.4,48.9,485.1,water oak
827,8.3,45.1,353.93,water oak
827,7.0,47.2,269.4,water oak
827,6.0,44.9,191.47,water oak
827,8.8,50.8,445.37,water oak
827,5.0,35.1,102.84,water oak
827,10.2,59.1,683.19,water oak
827,8.5,46.8,384.22,water oak
827,7.4,52.4,332.65,water oak
827,7.3,58.2,361.08,water oak
827,8.0,64.8,476.9,water oak
827,7.0,59.4,341.21,water oak
827,7.2,67.9,411.97,water oak
827,7.1,42.3,247.08,water oak
827,8.7,54.5,467.92,water oak
827,6.6,39.7,201.45,water oak
827,6.0,56.1,242.03,water oak
827,5.2,51.0,167.66,water oak
827,6.0,54.3,233.91,water oak
827,10.4,59.3,710.9,water oak
827,6.0,41.9,177.93,water oak
827,5.3,41.0,137.1,water oak
827,5.1,56.7,181.26,water oak
827,6.9,43.5,241.0,water oak
827,6.4,54.3,263.6,water oak
827,7.7,49.4,337.31,water oak
827,8.7,50.4,432.49,water oak
827,6.2,43.5,196.99,water oak
827,11.0,55.0,743.48,water oak
491,5.2,27.0,75.38,flowering dogwood
491,8.7,40.0,339.49,flowering dogwood
491,7.8,40.0,274.79,flowering dogwood
491,1.5,22.0,4.8,flowering dogwood
491,1.2,18.0,2.76,flowering dogwood
491,1.4,20.0,4.04,flowering dogwood
491,1.6,24.0,5.63,flowering dogwood
491,1.3,12.0,3.37,flowering dogwood
491,1.4,14.0,4.04,flowering dogwood
491,1.7,20.0,6.54,flowering dogwood
491,1.2,13.0,2.76,flowering dogwood
491,1.0,12.0,1.76,flowering dogwood
491,6.0,24.0,90.28,flowering dogwood
491,6.5,41.0,197.57,flowering dogwood
491,5.3,28.0,82.54,flowering dogwood
491,5.5,36.0,121.58,flowering dogwood
491,1.4,11.0,4.04,flowering dogwood
491,1.3,12.0,3.37,flowering dogwood
491,1.6,11.0,5.63,flowering dogwood
491,5.1,35.0,100.07,flowering dogwood
491,6.6,38.0,187.34,flowering dogwood
491,5.3,35.0,108.71,flowering dogwood
491,5.2,24.0,64.52,flowering dogwood
491,1.5,18.2,4.8,flowering dogwood
491,2.2,15.2,12.39,flowering dogwood
491,2.7,23.0,20.59,flowering dogwood
491,4.0,32.8,54.6,flowering dogwood
491,2.0,23.3,9.78,flowering dogwood
491,1.8,13.1,7.53,flowering dogwood
491,1.7,12.1,6.54,flowering dogwood
491,2.5,28.0,17.01,flowering dogwood
491,4.4,28.8,69.18,flowering dogwood
491,2.5,25.3,17.01,flowering dogwood
812,7.8,51.0,327.99,southern red oak
812,15.6,72.0,1702.49,southern red oak
812,14.4,72.0,1463.09,southern red oak
812,9.5,61.0,570.55,southern red oak
812,7.7,58.0,365.33,southern red oak
812,6.8,56.0,278.88,southern red oak
812,18.3,87.0,2776.31,southern red oak
812,7.8,62.0,400.74,southern red oak
812,10.1,38.0,398.46,southern red oak
812,21.4,62.2,3418.26,southern red oak
812,23.1,76.4,4083.57,southern red oak
812,21.4,62.2,3418.26,southern red oak
812,23.1,76.4,4083.57,southern red oak
812,12.4,80.6,1233.97,southern red oak
812,6.7,51.0,245.85,southern red oak
812,9.5,68.3,639.25,southern red oak
812,13.1,59.1,1009.54,southern red oak
812,12.0,63.5,918.72,southern red oak
812,11.6,60.0,815.88,southern red oak
812,14.7,61.3,1300.29,southern red oak
812,11.8,52.7,742.16,southern red oak
812,12.3,59.6,904.35,southern red oak
812,11.7,61.4,847.96,southern red oak
812,5.2,32.0,88.48,southern red oak
812,5.3,38.3,113.62,southern red oak
812,8.2,47.2,333.1,southern red oak
812,5.3,43.1,129.97,southern red oak
812,22.9,94.1,4612.26,southern red oak
812,18.4,94.7,3048.29,southern red oak
812,20.3,90.0,3501.02,southern red oak
812,23.5,110.2,5659.11,southern red oak
812,17.1,102.4,2862.04,southern red oak
812,32.1,79.0,7501.59,southern red oak
812,23.5,102.9,5291.59,southern red oak
812,21.3,89.0,3798.53,southern red oak
812,18.4,74.7,2417.38,southern red oak
812,17.1,76.6,2153.73,southern red oak
812,18.9,83.3,2830.25,southern red oak
812,18.9,88.6,3006.19,southern red oak
812,7.0,61.6,325.16,southern red oak
812,8.0,63.5,430.56,southern red oak
812,12.1,43.6,647.08,southern red oak
812,4.9,29.4,107.18,southern red oak
812,6.9,54.4,278.12,southern red oak
812,7.1,52.5,282.87,southern red oak
812,7.0,61.7,325.71,southern red oak
812,4.8,37.3,101.94,southern red oak
812,5.7,55.4,197.47,southern red oak
812,9.0,60.3,509.44,southern red oak
812,9.4,70.3,645.16,southern red oak
812,6.3,47.9,204.53,southern red oak
812,8.6,50.6,391.43,southern red oak
812,7.5,58.0,347.71,southern red oak
812,5.6,54.0,185.7,southern red oak
812,9.0,71.2,602.49,southern red oak
812,6.3,32.5,134.31,southern red oak
812,6.8,61.7,308.53,southern red oak
812,7.1,57.7,312.03,southern red oak
812,11.0,75.3,923.61,southern red oak
812,11.1,72.7,907.35,southern red oak
812,10.0,69.0,711.02,southern red oak
812,8.2,46.0,324.42,southern red oak
812,9.3,79.0,711.17,southern red oak
812,7.5,53.0,316.85,southern red oak
812,12.4,79.0,1209.91,southern red oak
812,11.2,77.2,978.66,southern red oak
812,9.5,67.0,627.01,southern red oak
812,14.2,87.2,1719.14,southern red oak
812,10.5,79.6,898.9,southern red oak
812,13.3,85.3,1487.47,southern red oak
812,19.4,79.0,2825.49,southern red oak
812,9.0,35.6,298.6,southern red oak
812,5.0,43.0,115.28,southern red oak
812,5.0,63.3,178.06,southern red oak
812,5.2,60.6,182.84,southern red oak
812,18.2,83.0,2623.79,southern red oak
812,11.4,38.9,518.18,southern red oak
812,5.7,39.0,134.38,southern red oak
812,6.7,41.8,199.21,southern red oak
812,8.5,65.2,495.35,southern red oak
812,7.2,62.5,347.92,southern red oak
812,5.3,44.0,133.03,southern red oak
812,8.7,72.3,574.4,southern red oak
812,5.1,48.0,135.97,southern red oak
812,5.1,50.5,143.95,southern red oak
812,10.5,62.3,703.65,southern red oak
812,8.9,63.8,528.14,southern red oak
812,7.0,49.1,256.78,southern red oak
812,7.7,50.8,318.78,southern red oak
812,9.3,76.4,687.62,southern red oak
812,5.1,61.5,179.1,southern red oak
812,5.7,47.7,167.85,southern red oak
812,5.0,51.8,142.49,southern red oak
812,8.3,69.4,504.81,southern red oak
812,7.1,72.3,393.9,southern red oak
812,5.4,64.9,211.49,southern red oak
812,6.0,64.1,254.17,southern red oak
812,5.8,36.2,128.05,southern red oak
812,6.5,47.2,213.8,southern red oak
812,8.6,58.1,450.44,southern red oak
812,8.3,41.0,295.08,southern red oak
812,8.3,53.8,389.61,southern red oak
812,14.5,71.3,1354.38,southern red oak
812,5.3,47.6,127.73,southern red oak
812,9.4,58.3,480.64,southern red oak
812,11.9,35.8,646.11,southern red oak
812,7.8,65.1,458.97,southern red oak
812,15.7,79.5,2097.17,southern red oak
812,12.2,68.0,1168.84,southern red oak
812,15.6,65.5,1845.45,southern red oak
812,17.5,85.8,2791.69,southern red oak
812,10.6,62.5,819.23,southern red oak
460,7.5,43.0,214.14,hackberry spp.
460,11.7,48.0,551.64,hackberry spp.
460,8.6,55.0,353.85,hackberry spp.
460,6.5,55.0,211.43,hackberry spp.
460,15.6,74.0,1402.66,hackberry spp.
460,14.7,78.0,1321.36,hackberry spp.
460,18.8,62.0,1680.0,hackberry spp.
460,5.9,28.0,86.92,hackberry spp.
460,24.3,75.0,3291.39,hackberry spp.
460,9.9,72.0,601.05,hackberry spp.
460,13.8,54.0,828.97,hackberry spp.
460,7.2,48.0,222.02,hackberry spp.
460,7.3,47.0,222.93,hackberry spp.
460,10.6,56.0,531.82,hackberry spp.
460,5.7,32.0,93.86,hackberry spp.
460,17.4,44.0,1049.59,hackberry spp.
460,8.4,47.0,289.29,hackberry spp.
460,7.1,39.0,174.98,hackberry spp.
822,24.0,91.3,5119.96,overcup oak
822,16.9,81.8,2354.96,overcup oak
822,21.1,90.5,3963.51,overcup oak
822,24.0,94.2,5278.33,overcup oak
822,19.1,76.3,2776.16,overcup oak
822,32.0,93.2,9126.01,overcup oak
822,24.7,90.2,5348.42,overcup oak
822,21.4,86.8,3910.01,overcup oak
822,22.2,80.8,3913.14,overcup oak
822,13.3,63.0,1168.88,overcup oak
822,21.5,83.3,3790.34,overcup oak
822,9.1,63.8,619.82,overcup oak
822,16.9,81.9,2357.76,overcup oak
822,10.1,59.2,694.05,overcup oak
822,12.1,71.8,1114.0,overcup oak
822,16.4,86.5,2349.44,overcup oak
822,10.7,75.0,965.58,overcup oak
822,26.2,100.7,6672.86,overcup oak
822,18.3,80.0,2679.55,overcup oak
822,17.8,76.5,2434.35,overcup oak
822,15.0,72.0,1662.95,overcup oak
822,12.9,69.2,1209.32,overcup oak
822,8.6,38.1,365.87,overcup oak
822,11.4,88.0,1216.43,overcup oak
222,8.9,52.0,348.08,pondcypress
222,11.5,40.0,438.26,pondcypress
222,8.6,37.0,233.3,pondcypress
222,8.5,37.0,227.78,pondcypress
222,8.1,43.0,238.91,pondcypress
222,8.8,52.0,340.25,pondcypress
222,7.9,49.0,258.09,pondcypress
222,14.8,64.0,1048.35,pondcypress
222,9.8,61.0,470.6,pondcypress
222,9.6,57.0,428.35,pondcypress
222,11.9,60.0,658.7,pondcypress
222,12.2,58.0,669.32,pondcypress
222,11.8,56.0,610.63,pondcypress
222,10.4,61.0,523.22,pondcypress
222,8.9,60.0,400.26,pondcypress
222,8.9,65.0,432.86,pondcypress
222,9.4,67.0,473.8,pondcypress
222,7.7,67.0,333.7,pondcypress
222,7.9,59.0,309.88,pondcypress
222,7.4,43.0,198.55,pondcypress
222,7.0,60.0,246.8,pondcypress
222,7.9,55.0,289.16,pondcypress
222,7.5,60.0,283.74,pondcypress
222,5.8,49.0,136.7,pondcypress
222,9.2,65.0,444.46,pondcypress
222,7.2,64.0,278.61,pondcypress
222,6.2,59.0,189.57,pondcypress
222,7.0,60.0,246.8,pondcypress
222,5.5,46.0,114.52,pondcypress
222,6.0,44.0,131.45,pondcypress
222,12.3,54.0,638.3,pondcypress
222,13.2,56.0,750.76,pondcypress
222,6.4,43.0,147.01,pondcypress
222,11.7,50.0,545.22,pondcypress
222,10.0,40.0,343.47,pondcypress
222,6.0,40.0,119.24,pondcypress
222,11.0,49.0,479.65,pondcypress
222,13.3,57.0,773.36,pondcypress
222,7.5,41.0,194.73,pondcypress
222,11.5,65.0,663.84,pondcypress
222,7.6,32.0,156.85,pondcypress
222,8.1,34.0,190.0,pondcypress
222,11.5,49.0,519.47,pondcypress
222,8.3,49.0,285.28,pondcypress
222,9.1,35.0,264.34,pondcypress
222,7.7,42.0,210.48,pondcypress
222,13.0,84.0,1050.84,pondcypress
222,22.3,86.0,3038.41,pondcypress
222,12.3,58.0,679.46,pondcypress
222,10.0,60.0,480.92,pondcypress
222,11.1,40.0,411.69,pondcypress
222,14.1,82.0,1198.64,pondcypress
222,13.8,73.0,1034.71,pondcypress
222,3.3,25.6,33.62,pondcypress
222,14.5,81.7,1259.88,pondcypress
222,4.4,45.9,64.37,pondcypress
222,5.0,43.6,88.19,pondcypress
222,5.9,54.5,157.93,pondcypress
222,7.5,58.4,276.24,pondcypress
222,8.7,55.1,351.85,pondcypress
222,10.0,59.1,474.73,pondcypress
222,11.5,67.6,687.3,pondcypress
222,12.7,68.6,836.94,pondcypress
653,6.7,52.0,196.26,sweetbay
653,6.5,47.0,167.4,sweetbay
653,8.2,67.0,366.97,sweetbay
653,11.6,58.0,603.71,sweetbay
653,6.7,51.0,192.41,sweetbay
653,13.4,78.0,1031.42,sweetbay
653,13.5,58.0,790.97,sweetbay
653,9.3,55.0,380.18,sweetbay
653,9.6,51.0,374.19,sweetbay
653,13.4,72.0,956.12,sweetbay
653,4.1,43.0,49.65,sweetbay
653,1.0,16.0,1.55,sweetbay
653,1.2,22.0,2.4,sweetbay
653,2.3,30.0,11.86,sweetbay
653,3.3,41.0,28.99,sweetbay
653,3.1,42.0,24.83,sweetbay
653,3.9,44.0,43.86,sweetbay
653,2.9,41.0,21.05,sweetbay
653,3.9,43.0,43.86,sweetbay
653,4.5,33.0,62.54,sweetbay
653,4.7,38.0,69.66,sweetbay
653,5.7,50.0,140.23,sweetbay
653,2.8,32.0,19.3,sweetbay
653,3.9,38.0,43.86,sweetbay
653,9.1,45.0,299.01,sweetbay
653,7.5,36.0,166.44,sweetbay
653,6.0,42.0,128.55,sweetbay
653,1.1,22.8,1.95,sweetbay
653,1.2,20.3,2.4,sweetbay
653,1.2,26.6,2.4,sweetbay
653,1.6,20.5,4.85,sweetbay
653,1.8,29.5,6.48,sweetbay
653,2.0,26.4,8.4,sweetbay
653,2.2,32.2,10.63,sweetbay
653,2.5,34.0,14.58,sweetbay
653,2.7,29.4,17.64,sweetbay
820,16.4,81.0,2119.85,laurel oak
820,6.2,47.0,205.53,laurel oak
820,8.6,48.0,392.3,laurel oak
820,5.4,48.0,160.88,laurel oak
820,11.2,55.0,742.47,laurel oak
820,21.7,88.0,3888.07,laurel oak
820,18.9,85.0,2894.81,laurel oak
820,7.0,68.0,381.11,laurel oak
820,6.4,46.0,213.51,laurel oak
820,10.1,67.0,744.18,laurel oak
820,8.2,61.0,457.9,laurel oak
820,9.3,66.0,627.87,laurel oak
820,6.2,52.0,229.03,laurel oak
820,13.2,76.0,1340.63,laurel oak
820,14.0,73.0,1435.68,laurel oak
820,1.3,16.0,4.33,laurel oak
820,25.1,77.0,4516.03,laurel oak
820,6.8,34.0,173.77,laurel oak
820,22.2,69.0,3214.61,laurel oak
820,8.7,53.0,443.56,laurel oak
820,6.4,52.3,244.78,laurel oak
820,14.5,63.2,1335.92,laurel oak
820,24.6,77.0,4344.97,laurel oak
820,5.3,35.0,108.2,laurel oak
820,18.2,88.0,2787.98,laurel oak
820,19.5,82.5,2983.63,laurel oak
820,10.2,57.0,644.67,laurel oak
820,15.3,59.0,1381.36,laurel oak
820,19.7,74.0,2740.51,laurel oak
820,3.9,37.0,61.55,laurel oak
820,11.0,66.0,850.62,laurel oak
820,5.1,42.0,123.48,laurel oak
820,8.4,48.0,375.15,laurel oak
820,13.0,59.0,1028.99,laurel oak
820,25.0,71.0,4145.95,laurel oak
820,22.3,61.0,2882.99,laurel oak
820,19.2,49.0,1767.44,laurel oak
820,8.3,48.0,366.71,laurel oak
820,23.2,78.4,3951.75,laurel oak
820,2.2,19.0,15.35,laurel oak
820,10.3,51.0,587.4,laurel oak
820,1.2,18.0,3.58,laurel oak
820,9.4,44.0,425.42,laurel oak
820,9.6,39.0,392.07,laurel oak
820,12.8,68.0,1142.54,laurel oak
820,7.8,39.0,262.81,laurel oak
820,18.6,75.0,2491.35,laurel oak
820,15.5,65.0,1549.59,laurel oak
820,30.0,73.0,6053.0,laurel oak
820,20.0,74.0,2819.84,laurel oak
820,24.1,100.0,5376.11,laurel oak
820,7.7,39.0,256.33,laurel oak
820,15.9,71.5,1777.38,laurel oak
820,14.2,77.2,1553.38,laurel oak
820,15.6,72.1,1729.69,laurel oak
820,13.9,84.4,1626.21,laurel oak
820,15.8,74.4,1824.45,laurel oak
820,11.4,67.0,917.96,laurel oak
820,8.8,61.0,522.73,laurel oak
820,8.8,54.0,461.93,laurel oak
820,14.8,77.0,1671.37,laurel oak
820,12.8,82.0,1362.79,laurel oak
820,21.0,78.0,3252.8,laurel oak
820,5.7,44.0,162.43,laurel oak
820,5.0,39.0,108.78,laurel oak
820,5.0,38.0,105.5,laurel oak
820,15.8,75.1,1840.77,laurel oak
820,18.5,63.0,2089.03,laurel oak
820,7.5,62.6,397.92,laurel oak
820,8.9,51.4,448.85,laurel oak
820,10.2,66.4,751.28,laurel oak
820,7.2,49.7,290.18,laurel oak
820,8.2,58.0,434.93,laurel oak
820,11.8,72.5,1049.71,laurel oak
693,8.2,62.8,236.68,blackgum
693,6.8,62.4,146.38,blackgum
693,12.6,77.4,722.71,blackgum
693,7.7,59.2,201.24,blackgum
693,10.1,71.2,406.43,blackgum
693,5.8,43.2,97.9,blackgum
693,8.4,63.0,251.89,blackgum
693,17.1,80.8,1581.31,blackgum
693,5.9,44.5,102.19,blackgum
693,5.1,39.6,71.07,blackgum
693,7.7,70.8,201.24,blackgum
693,8.9,76.5,292.57,blackgum
693,6.2,52.9,115.79,blackgum
693,7.6,63.7,194.59,blackgum
693,11.7,79.7,596.05,blackgum
693,12.6,63.1,722.71,blackgum
693,6.0,48.8,106.6,blackgum
693,9.2,49.7,318.85,blackgum
693,8.3,49.1,244.21,blackgum
693,9.3,64.6,327.93,blackgum
693,8.8,57.5,284.12,blackgum
693,8.5,56.3,259.72,blackgum
693,8.7,53.0,275.83,blackgum
693,7.5,61.1,188.08,blackgum
693,8.3,48.5,244.21,blackgum
693,9.0,64.7,301.17,blackgum
693,5.0,43.7,67.68,blackgum
693,5.7,38.3,93.72,blackgum
693,5.8,43.0,111.02,blackgum
693,11.6,55.5,574.43,blackgum
693,11.7,45.5,465.12,blackgum
693,13.1,57.6,670.08,blackgum
693,8.7,58.8,272.55,blackgum
693,8.6,59.5,303.07,blackgum
693,8.2,58.3,257.84,blackgum
693,6.3,45.6,105.69,blackgum
693,5.7,31.6,78.54,blackgum
693,7.8,73.5,309.87,blackgum
693,5.3,27.9,89.07,blackgum
693,5.5,42.3,69.73,blackgum
693,7.9,49.4,217.55,blackgum
693,5.4,57.7,72.24,blackgum
693,7.4,49.2,185.18,blackgum
693,6.6,46.1,141.43,blackgum
693,5.1,33.3,59.78,blackgum
693,11.5,74.0,669.23,blackgum
693,8.4,58.3,251.89,blackgum
693,5.2,32.4,74.57,blackgum
693,7.7,50.0,201.24,blackgum
693,10.1,48.4,406.43,blackgum
693,6.6,35.3,135.67,blackgum
693,7.5,41.4,188.08,blackgum
693,8.2,48.0,236.68,blackgum
693,6.2,36.4,115.79,blackgum
693,7.6,43.0,194.59,blackgum
693,5.4,46.5,81.89,blackgum
693,6.2,34.9,115.79,blackgum
693,13.2,78.7,815.4,blackgum
693,9.6,40.8,356.14,blackgum
693,5.7,32.3,93.72,blackgum
693,4.0,26.8,49.45,blackgum
693,8.2,49.4,236.68,blackgum
693,6.3,44.2,120.57,blackgum
693,7.9,37.4,214.98,blackgum
693,6.2,38.2,115.79,blackgum
693,6.9,42.7,151.93,blackgum
693,7.0,35.8,157.62,blackgum
693,5.7,33.5,93.72,blackgum
693,5.3,30.7,78.17,blackgum
693,8.6,55.3,267.7,blackgum
693,7.0,35.8,157.62,blackgum
693,5.9,38.3,102.19,blackgum
693,7.2,33.7,169.39,blackgum
693,9.7,40.8,365.86,blackgum
693,7.8,41.9,269.0,blackgum
693,11.4,80.4,915.69,blackgum
693,8.3,31.8,247.72,blackgum
693,6.8,39.1,173.05,blackgum
693,6.2,45.9,145.34,blackgum
693,6.4,46.2,169.18,blackgum
693,6.5,49.4,158.35,blackgum
693,10.8,74.7,792.4,blackgum
693,18.7,89.2,2790.84,blackgum
693,5.7,54.4,140.58,blackgum
693,9.8,53.7,492.16,blackgum
693,8.4,48.2,332.56,blackgum
693,9.5,56.7,490.14,blackgum
693,24.2,78.9,4338.09,blackgum
221,5.6,55.0,166.31,baldcypress
221,10.0,72.0,603.6,baldcypress
221,9.1,67.0,485.23,baldcypress
221,9.8,89.0,698.04,baldcypress
221,6.7,56.0,233.94,baldcypress
221,10.1,92.0,757.43,baldcypress
221,6.4,60.0,229.0,baldcypress
221,17.2,85.1,1592.34,baldcypress
221,17.2,86.1,1592.34,baldcypress
221,4.1,26.7,54.88,baldcypress
221,2.0,14.3,10.87,baldcypress
221,2.7,17.2,21.38,baldcypress
221,2.1,16.9,12.13,baldcypress
221,3.5,22.1,38.4,baldcypress
221,1.8,18.5,8.57,baldcypress
221,1.7,17.2,7.54,baldcypress
221,1.9,17.4,9.68,baldcypress
221,1.7,12.0,7.54,baldcypress
221,1.9,15.3,9.68,baldcypress
221,1.9,18.5,9.68,baldcypress
221,2.1,20.1,12.13,baldcypress
221,2.2,15.9,13.47,baldcypress
115,21.4,94.0,3458.3,spruce pine
115,15.2,90.0,1684.3,spruce pine
115,25.1,112.0,5614.73,spruce pine
115,19.2,111.0,3267.95,spruce pine
115,15.6,86.0,1697.83,spruce pine
115,10.4,63.5,574.86,spruce pine
115,13.4,77.0,1132.78,spruce pine
115,13.9,77.0,1217.51,spruce pine
115,15.9,76.0,1568.05,spruce pine
115,15.6,79.0,1566.4,spruce pine
115,11.9,60.0,709.42,spruce pine
115,12.8,73.0,984.26,spruce pine
115,7.4,52.0,249.63,spruce pine
115,14.0,78.0,1250.01,spruce pine
115,9.8,53.0,432.62,spruce pine
115,9.8,62.0,500.73,spruce pine
115,12.7,72.0,956.66,spruce pine
115,16.7,87.0,1964.19,spruce pine
68,6.2,34.6,103.22,eastern redcedar
68,5.8,29.9,87.57,eastern redcedar
68,8.8,33.8,245.9,eastern redcedar
68,5.7,31.8,83.9,eastern redcedar
68,9.5,36.3,297.35,eastern redcedar
68,10.6,45.9,441.63,eastern redcedar
68,13.3,52.1,779.22,eastern redcedar
68,10.8,50.7,503.3,eastern redcedar
68,7.7,24.0,147.93,eastern redcedar
68,5.2,15.0,55.13,eastern redcedar
68,11.1,44.8,437.15,eastern redcedar
68,10.9,52.5,417.95,eastern redcedar
68,9.5,46.5,297.35,eastern redcedar
68,7.7,47.4,176.51,eastern redcedar
68,5.6,37.1,80.32,eastern redcedar
68,8.2,47.2,206.35,eastern redcedar
68,10.4,48.5,372.13,eastern redcedar
68,6.6,35.7,120.47,eastern redcedar
68,14.4,71.1,826.34,eastern redcedar
68,6.3,46.2,107.38,eastern redcedar
68,11.9,33.0,518.93,eastern redcedar
68,7.9,32.5,188.11,eastern redcedar
68,10.3,28.2,363.33,eastern redcedar
68,7.1,35.5,144.34,eastern redcedar
68,9.3,30.7,282.06,eastern redcedar
68,5.4,20.4,73.46,eastern redcedar
68,7.8,39.5,182.26,eastern redcedar
68,9.2,29.4,274.59,eastern redcedar
68,7.5,34.2,165.36,eastern redcedar
68,7.0,43.6,139.36,eastern redcedar
68,8.8,38.8,245.9,eastern redcedar
68,4.2,24.3,40.03,eastern redcedar
68,8.8,40.5,245.9,eastern redcedar
68,5.7,29.0,83.9,eastern redcedar
68,8.3,30.3,212.66,eastern redcedar
68,11.6,43.2,487.32,eastern redcedar
68,11.0,37.7,427.49,eastern redcedar
68,8.1,35.9,200.16,eastern redcedar
68,5.6,24.1,80.32,eastern redcedar
68,11.8,52.5,508.27,eastern redcedar
68,10.0,29.9,337.68,eastern redcedar
68,13.4,48.0,693.96,eastern redcedar
68,6.1,39.2,99.16,eastern redcedar
68,14.9,39.5,897.19,eastern redcedar
68,8.2,29.3,206.35,eastern redcedar
68,7.1,32.4,144.34,eastern redcedar
68,6.2,32.0,103.22,eastern redcedar
68,5.9,28.4,91.33,eastern redcedar
68,7.2,26.9,149.43,eastern redcedar
68,11.6,59.4,487.32,eastern redcedar
68,9.8,45.1,321.19,eastern redcedar
68,6.2,43.5,103.22,eastern redcedar
68,9.6,51.8,305.17,eastern redcedar
68,7.4,42.4,159.94,eastern redcedar
68,7.8,36.3,182.26,eastern redcedar
68,11.1,32.2,437.15,eastern redcedar
68,6.7,33.6,125.03,eastern redcedar
68,6.6,29.7,120.47,eastern redcedar
68,9.1,40.5,267.24,eastern redcedar
68,9.6,41.3,305.17,eastern redcedar
68,11.3,44.7,456.84,eastern redcedar
68,10.5,43.4,381.05,eastern redcedar
68,8.3,35.1,212.66,eastern redcedar
68,13.8,39.5,745.41,eastern redcedar
68,8.0,30.0,194.08,eastern redcedar
68,6.1,30.3,99.16,eastern redcedar
68,8.4,35.1,219.07,eastern redcedar
68,7.2,29.9,149.43,eastern redcedar
68,5.4,27.0,73.46,eastern redcedar
68,7.4,28.0,159.94,eastern redcedar
68,10.9,35.5,417.95,eastern redcedar
68,6.6,31.5,120.47,eastern redcedar
68,6.0,32.7,95.2,eastern redcedar
68,9.1,37.1,267.24,eastern redcedar
68,16.2,34.5,1095.61,eastern redcedar
68,12.2,45.0,551.67,eastern redcedar
68,13.2,45.4,668.99,eastern redcedar
68,11.4,33.8,466.88,eastern redcedar
68,7.7,41.6,189.37,eastern redcedar
68,9.0,43.7,285.98,eastern redcedar
68,13.3,56.1,784.92,eastern redcedar
68,9.0,49.7,316.66,eastern redcedar
68,8.3,49.5,267.76,eastern redcedar
68,7.7,40.5,216.21,eastern redcedar
68,4.9,31.3,56.56,eastern redcedar
68,4.5,27.9,46.72,eastern redcedar
68,11.1,56.8,568.01,eastern redcedar
68,9.8,48.3,368.82,eastern redcedar
68,6.3,29.4,109.88,eastern redcedar
68,8.2,35.2,216.28,eastern redcedar
68,6.4,22.8,84.37,eastern redcedar
68,13.3,57.4,740.7,eastern redcedar
68,8.1,39.4,213.38,eastern redcedar
68,17.1,52.5,1102.08,eastern redcedar
68,6.6,33.3,144.13,eastern redcedar
68,3.5,14.1,26.62,eastern redcedar
68,10.4,60.8,492.87,eastern redcedar
68,12.8,65.5,773.73,eastern redcedar
68,14.7,53.6,953.17,eastern redcedar
68,21.8,73.3,2116.31,eastern redcedar
68,7.5,43.4,208.42,eastern redcedar
68,11.0,41.8,445.59,eastern redcedar
68,16.2,62.2,1211.02,eastern redcedar
68,4.4,27.1,44.42,eastern redcedar
68,5.1,31.8,75.84,eastern redcedar
68,3.6,26.2,28.35,eastern redcedar
68,13.2,35.7,574.9,eastern redcedar
68,16.1,38.4,899.7,eastern redcedar
68,20.6,81.0,2304.9,eastern redcedar
68,12.9,51.2,702.75,eastern redcedar
68,15.2,53.1,1026.43,eastern redcedar
68,10.1,36.4,350.58,eastern redcedar
68,14.7,46.1,792.58,eastern redcedar
68,6.5,31.3,109.05,eastern redcedar
68,6.0,30.6,110.78,eastern redcedar
317,8.7,39.3,307.81,silver maple
317,11.4,50.8,540.15,silver maple
317,9.7,58.3,476.57,silver maple
317,7.2,45.1,184.63,silver maple
317,25.0,73.3,3623.49,silver maple
317,8.3,55.8,328.54,silver maple
317,9.8,63.1,561.34,silver maple
317,12.9,80.0,1140.35,silver maple
317,10.0,71.7,664.0,silver maple
317,24.7,103.6,5074.39,silver maple
317,17.4,94.8,2382.08,silver maple
317,11.8,73.9,878.26,silver maple
317,4.6,48.5,81.98,silver maple
317,30.9,98.1,7910.48,silver maple
317,3.7,42.3,49.04,silver maple
317,16.6,89.0,2054.63,silver maple
317,3.6,32.1,45.98,silver maple
317,20.0,106.0,3446.07,silver maple
317,16.0,94.6,2106.04,silver maple
317,7.6,58.1,302.79,silver maple
317,2.7,29.1,23.34,silver maple
317,6.0,50.9,134.24,silver maple
825,5.6,39.0,185.35,swamp chestnut oak
825,8.3,51.0,437.26,swamp chestnut oak
825,8.3,57.0,484.85,swamp chestnut oak
825,17.6,77.0,2518.72,swamp chestnut oak
825,10.3,68.0,834.38,swamp chestnut oak
825,9.9,60.0,690.59,swamp chestnut oak
825,12.3,64.0,1083.84,swamp chestnut oak
825,16.4,72.0,2066.61,swamp chestnut oak
825,13.7,69.0,1419.23,swamp chestnut oak
825,10.6,64.0,828.9,swamp chestnut oak
825,11.6,64.0,974.65,swamp chestnut oak
825,5.0,33.0,138.53,swamp chestnut oak
825,9.0,58.0,566.24,swamp chestnut oak
825,8.7,57.0,525.46,swamp chestnut oak
825,7.0,54.0,347.57,swamp chestnut oak
825,9.6,37.0,417.28,swamp chestnut oak
825,15.9,71.0,1923.96,swamp chestnut oak
825,14.1,72.0,1559.3,swamp chestnut oak
825,11.2,77.0,1091.95,swamp chestnut oak
825,8.1,32.0,275.32,swamp chestnut oak
132,10.3,62.0,604.75,Virginia pine
132,10.3,68.0,659.03,Virginia pine
132,14.5,79.0,1474.13,Virginia pine
132,10.2,68.0,646.8,Virginia pine
132,10.0,63.0,580.0,Virginia pine
132,9.5,70.0,580.0,Virginia pine
132,10.3,52.0,514.28,Virginia pine
132,11.3,51.0,603.59,Virginia pine
132,7.4,53.0,272.98,Virginia pine
132,8.0,52.0,313.69,Virginia pine
132,8.3,45.0,293.38,Virginia pine
132,8.3,45.0,293.38,Virginia pine
132,9.8,48.0,434.84,Virginia pine
132,9.4,51.0,424.51,Virginia pine
132,9.1,55.0,427.68,Virginia pine
132,11.8,59.0,750.54,Virginia pine
132,10.7,55.0,582.46,Virginia pine
132,9.9,53.0,485.2,Virginia pine
132,8.1,55.0,339.87,Virginia pine
132,9.0,53.0,404.92,Virginia pine
132,10.8,57.0,612.8,Virginia pine
132,9.7,54.0,474.75,Virginia pine
132,7.7,56.0,312.36,Virginia pine
132,11.5,55.0,669.22,Virginia pine
132,9.4,51.0,424.51,Virginia pine
132,8.3,54.0,350.62,Virginia pine
132,8.6,60.0,417.5,Virginia pine
132,7.8,53.0,303.67,Virginia pine
132,9.2,44.0,356.72,Virginia pine
132,10.7,43.0,465.54,Virginia pine
132,8.0,55.0,331.46,Virginia pine
132,8.9,52.0,388.97,Virginia pine
132,10.0,50.0,468.97,Virginia pine
132,7.2,47.0,229.21,Virginia pine
132,9.7,54.0,474.75,Virginia pine
132,7.0,51.0,234.71,Virginia pine
132,9.5,54.0,456.31,Virginia pine
132,10.1,61.0,573.74,Virginia pine
132,7.3,53.0,265.55,Virginia pine
132,9.5,52.0,440.85,Virginia pine
132,10.0,56.0,520.21,Virginia pine
132,8.0,53.0,319.61,Virginia pine
132,10.3,53.0,523.33,Virginia pine
132,9.1,53.0,413.46,Virginia pine
132,5.5,50.5,141.48,Virginia pine
132,6.7,51.6,217.17,Virginia pine
132,9.3,61.4,493.14,Virginia pine
132,8.2,45.0,286.24,Virginia pine
132,13.9,71.7,1238.5,Virginia pine
132,20.0,94.9,3306.74,Virginia pine
132,20.7,90.5,3383.48,Virginia pine
132,12.7,52.1,771.64,Virginia pine
132,11.0,59.0,655.39,Virginia pine
132,11.2,61.9,709.43,Virginia pine
132,11.2,54.7,632.75,Virginia pine
132,13.2,54.1,861.21,Virginia pine
132,11.9,70.1,895.97,Virginia pine
132,12.9,67.4,1010.2,Virginia pine
132,15.2,57.9,1208.44,Virginia pine
132,7.9,44.0,259.55,Virginia pine
132,17.2,71.9,1886.93,Virginia pine
132,12.7,38.4,585.14,Virginia pine
132,13.0,68.1,1035.48,Virginia pine
132,15.8,65.7,1466.89,Virginia pine
132,9.7,59.9,522.24,Virginia pine
132,15.4,56.3,1208.08,Virginia pine
132,11.0,59.2,657.44,Virginia pine
132,12.8,58.5,871.97,Virginia pine
132,9.2,65.0,509.27,Virginia pine
132,12.0,69.5,903.32,Virginia pine
132,16.0,74.8,1698.48,Virginia pine
132,17.0,66.5,1713.65,Virginia pine
132,18.9,64.7,2059.2,Virginia pine
132,5.5,30.2,82.86,Virginia pine
132,13.5,84.3,1363.13,Virginia pine
132,14.8,46.2,931.88,Virginia pine
132,19.6,90.0,3020.69,Virginia pine
132,25.9,87.4,5110.28,Virginia pine
132,11.9,72.0,918.74,Virginia pine
132,12.7,53.9,796.15,Virginia pine
132,17.1,86.6,2224.06,Virginia pine
132,13.2,69.4,1085.85,Virginia pine
132,21.3,90.4,3576.93,Virginia pine
132,11.3,66.8,774.81,Virginia pine
132,20.2,82.5,2952.43,Virginia pine
132,7.9,51.8,304.65,Virginia pine
132,10.9,56.8,621.74,Virginia pine
132,24.3,82.6,4266.64,Virginia pine
132,14.0,76.3,1331.77,Virginia pine
132,18.1,87.5,2512.55,Virginia pine
132,8.1,44.3,274.94,Virginia pine
132,11.0,74.7,816.82,Virginia pine
132,4.3,28.0,59.5,Virginia pine
132,9.8,56.7,506.29,Virginia pine
132,11.8,70.9,890.86,Virginia pine
132,10.7,62.9,659.43,Virginia pine
132,4.9,25.9,81.78,Virginia pine
132,4.1,23.4,52.98,Virginia pine
132,5.7,30.0,89.03,Virginia pine
132,9.7,61.5,535.12,Virginia pine
132,6.7,52.9,222.65,Virginia pine
132,6.4,48.6,186.18,Virginia pine
132,15.6,73.1,1581.37,Virginia pine
132,14.0,68.9,1209.85,Virginia pine
132,10.9,64.0,694.47,Virginia pine
132,16.5,78.1,1879.59,Virginia pine
132,15.9,73.2,1643.82,Virginia pine
132,6.2,33.3,118.87,Virginia pine
132,5.2,33.4,81.43,Virginia pine
132,4.1,30.3,52.98,Virginia pine
132,4.8,32.2,77.77,Virginia pine
132,6.4,34.3,131.03,Virginia pine
132,4.6,20.2,70.12,Virginia pine
132,4.6,21.6,70.12,Virginia pine
132,1.5,13.6,4.58,Virginia pine
132,16.7,65.0,1619.61,Virginia pine
132,7.6,42.0,229.77,Virginia pine
132,7.9,47.0,264.74,Virginia pine
132,5.2,41.0,85.07,Virginia pine
132,7.3,41.0,206.93,Virginia pine
132,8.1,34.0,239.25,Virginia pine
132,9.3,44.0,369.02,Virginia pine
132,9.0,42.0,335.77,Virginia pine
132,6.6,41.0,162.76,Virginia pine
132,5.4,30.0,82.54,Virginia pine
132,6.8,31.0,152.42,Virginia pine
132,7.4,41.0,213.58,Virginia pine
132,9.1,50.0,373.78,Virginia pine
132,6.7,43.0,172.64,Virginia pine
132,7.7,39.0,228.42,Virginia pine
132,9.8,40.0,394.91,Virginia pine
132,8.6,37.0,285.35,Virginia pine
132,7.7,34.0,213.35,Virginia pine
132,5.5,36.0,94.98,Virginia pine
132,9.6,43.0,391.14,Virginia pine
132,8.2,48.0,290.89,Virginia pine
132,6.5,40.0,154.95,Virginia pine
132,5.3,41.0,90.27,Virginia pine
132,5.5,39.0,98.54,Virginia pine
132,6.5,44.0,162.0,Virginia pine
132,5.8,45.0,121.88,Virginia pine
132,15.0,51.0,1096.05,Virginia pine
132,9.8,32.0,352.94,Virginia pine
132,8.2,41.0,269.87,Virginia pine
132,7.4,36.0,200.43,Virginia pine
132,8.3,38.0,267.17,Virginia pine
132,6.5,34.0,143.22,Virginia pine
132,7.2,38.0,193.15,Virginia pine
132,7.5,38.0,212.33,Virginia pine
132,9.3,37.0,339.0,Virginia pine
132,8.1,37.0,249.63,Virginia pine
132,8.6,34.0,273.46,Virginia pine
132,7.1,33.0,174.26,Virginia pine
132,11.2,38.0,513.22,Virginia pine
132,9.0,36.0,311.19,Virginia pine
132,9.2,36.0,326.56,Virginia pine
132,6.9,32.0,160.38,Virginia pine
132,11.8,41.0,595.47,Virginia pine
132,5.0,29.0,63.95,Virginia pine
132,12.4,46.0,699.35,Virginia pine
132,12.8,31.0,614.77,Virginia pine
132,11.4,41.0,553.31,Virginia pine
132,13.8,41.0,829.08,Virginia pine
132,5.5,31.0,88.42,Virginia pine
132,11.0,38.0,493.82,Virginia pine
132,6.0,21.0,90.55,Virginia pine
132,17.5,67.0,1712.7,Virginia pine
132,6.6,56.0,187.39,Virginia pine
132,7.5,51.0,244.0,Virginia pine
132,12.3,64.0,801.3,Virginia pine
132,10.7,63.0,590.93,Virginia pine
132,7.4,56.0,246.66,Virginia pine
132,5.5,40.0,99.67,Virginia pine
132,13.8,62.0,1006.96,Virginia pine
132,10.1,66.0,532.67,Virginia pine
132,11.0,67.0,644.64,Virginia pine
132,10.5,66.0,579.36,Virginia pine
132,10.0,64.0,514.18,Virginia pine
132,13.2,59.0,896.53,Virginia pine
132,9.1,59.0,403.28,Virginia pine
132,7.4,51.0,236.5,Virginia pine
132,14.5,65.0,1141.28,Virginia pine
132,6.4,41.0,150.86,Virginia pine
132,5.9,35.0,113.63,Virginia pine
132,8.6,55.0,344.62,Virginia pine
132,7.0,42.0,189.66,Virginia pine
132,9.4,61.0,439.66,Virginia pine
132,12.7,63.0,851.38,Virginia pine
132,8.4,53.0,321.47,Virginia pine
132,8.4,54.0,324.23,Virginia pine
132,12.6,62.0,831.22,Virginia pine
132,9.0,73.7,314.18,Virginia pine
132,10.5,81.8,472.12,Virginia pine
132,8.1,75.9,237.79,Virginia pine
132,17.8,102.7,1853.26,Virginia pine
132,14.1,74.5,1022.21,Virginia pine
132,13.5,70.7,913.0,Virginia pine
132,7.9,55.9,290.05,Virginia pine
132,11.0,86.0,738.72,Virginia pine
132,8.0,75.7,379.7,Virginia pine
132,7.5,68.5,306.86,Virginia pine
132,16.7,84.2,1691.44,Virginia pine
132,12.4,79.9,906.85,Virginia pine
132,5.9,49.2,135.78,Virginia pine
132,11.5,55.5,649.53,Virginia pine
132,14.7,67.0,1227.06,Virginia pine
132,4.4,35.2,62.92,Virginia pine
132,10.9,50.7,557.03,Virginia pine
132,8.6,46.2,322.33,Virginia pine
132,3.6,18.8,38.6,Virginia pine
132,3.1,17.0,26.82,Virginia pine
132,9.7,42.1,389.62,Virginia pine
132,13.4,84.6,1099.71,Virginia pine
132,16.8,46.2,1249.41,Virginia pine
132,6.1,46.0,160.46,Virginia pine
132,9.1,49.8,371.27,Virginia pine
132,13.4,67.8,967.6,Virginia pine
132,12.5,54.6,756.07,Virginia pine
132,9.2,58.3,414.91,Virginia pine
132,10.4,63.8,556.22,Virginia pine
132,6.8,42.2,170.44,Virginia pine
132,8.0,33.0,208.13,Virginia pine
132,10.8,44.8,498.94,Virginia pine
602,7.2,41.1,194.79,black walnut
602,8.6,37.0,300.23,black walnut
602,15.8,74.6,1333.74,black walnut
602,7.4,34.3,208.16,black walnut
602,6.4,34.9,146.7,black walnut
602,7.5,49.1,215.05,black walnut
602,5.7,42.9,111.36,black walnut
602,5.3,31.0,93.83,black walnut
602,6.9,42.5,175.76,black walnut
602,7.3,60.5,201.41,black walnut
602,9.6,64.0,393.25,black walnut
602,8.7,49.4,308.85,black walnut
602,9.2,41.9,354.21,black walnut
602,9.3,41.0,363.74,black walnut
602,13.0,53.4,829.29,black walnut
602,7.8,33.4,236.56,black walnut
602,6.6,50.7,251.93,black walnut
602,6.4,44.0,192.76,black walnut
602,6.8,47.4,250.66,black walnut
602,14.6,81.0,1440.51,black walnut
602,14.0,66.1,1165.35,black walnut
602,20.9,77.3,2654.95,black walnut
602,7.2,42.5,246.95,black walnut
602,9.8,50.2,427.48,black walnut
602,10.2,78.6,776.75,black walnut
602,12.4,80.2,1075.47,black walnut
602,17.2,85.9,2168.96,black walnut
602,9.6,63.6,583.65,black walnut
602,12.1,67.5,947.24,black walnut
602,14.2,102.1,1745.37,black walnut
602,10.7,64.9,711.0,black walnut
602,11.0,75.7,856.7,black walnut
602,13.7,68.7,1272.18,black walnut
602,11.9,63.5,852.26,black walnut
602,13.9,91.7,1559.89,black walnut
691,4.0,32.9,49.45,water tupelo
691,4.9,28.1,81.82,water tupelo
691,5.2,30.8,74.53,water tupelo
691,5.3,31.8,80.39,water tupelo
691,4.1,32.6,52.58,water tupelo
691,5.7,35.0,103.53,water tupelo
691,3.5,28.4,35.51,water tupelo
691,3.5,29.1,35.51,water tupelo
691,2.6,26.1,17.0,water tupelo
691,3.8,32.3,43.55,water tupelo
691,2.6,28.8,17.0,water tupelo
691,3.3,28.0,30.69,water tupelo
691,2.5,28.2,15.43,water tupelo
691,3.4,21.4,33.05,water tupelo
691,3.0,20.3,24.23,water tupelo
691,2.3,21.9,12.55,water tupelo
691,2.6,22.6,17.0,water tupelo
691,3.6,24.9,38.08,water tupelo
691,4.4,27.3,62.64,water tupelo
691,3.3,26.0,30.69,water tupelo
691,2.0,19.2,8.88,water tupelo
691,1.6,20.5,5.12,water tupelo
691,2.3,22.4,12.55,water tupelo
691,2.4,21.5,13.94,water tupelo
691,3.6,24.0,38.08,water tupelo
691,2.4,20.5,13.94,water tupelo
691,2.1,19.7,10.02,water tupelo
691,2.0,19.0,8.88,water tupelo
691,3.9,25.4,46.44,water tupelo
691,4.7,27.0,73.78,water tupelo
691,2.5,22.6,15.43,water tupelo
691,5.4,31.8,83.5,water tupelo
691,5.0,31.5,70.54,water tupelo
691,5.3,31.3,78.95,water tupelo
691,5.1,32.4,75.93,water tupelo
691,5.2,34.7,85.43,water tupelo
691,4.9,33.0,81.82,water tupelo
691,5.8,32.2,97.74,water tupelo
691,5.6,30.5,85.75,water tupelo
691,6.1,28.4,94.13,water tupelo
691,3.7,25.4,40.76,water tupelo
691,3.2,28.8,28.44,water tupelo
691,4.7,31.4,73.78,water tupelo
691,4.4,26.9,62.64,water tupelo
691,4.2,28.1,55.82,water tupelo
828,27.0,109.8,7818.42,Texas red oak
828,15.7,94.0,2422.31,Texas red oak
828,29.1,103.5,8528.88,Texas red oak
828,17.5,98.0,3080.4,Texas red oak
828,32.1,111.1,11047.18,Texas red oak
828,12.0,75.2,1213.72,Texas red oak
828,14.5,73.3,1657.1,Texas red oak
828,19.0,91.2,3351.74,Texas red oak
828,20.1,112.5,4561.05,Texas red oak
828,21.2,106.0,4761.94,Texas red oak
828,34.8,119.3,13851.97,Texas red oak
828,15.4,88.4,2205.51,Texas red oak
828,30.8,120.6,11044.44,Texas red oak
828,23.4,100.0,5429.48,Texas red oak
828,11.8,68.1,1076.38,Texas red oak
828,21.8,104.3,4942.66,Texas red oak
828,12.9,75.3,1379.46,Texas red oak
107,6.5,48.0,199.64,sand pine
107,9.4,57.0,501.02,sand pine
107,6.4,48.0,193.09,sand pine
107,6.2,42.0,156.29,sand pine
107,11.7,64.0,848.29,sand pine
107,13.0,64.0,1040.53,sand pine
107,17.5,61.0,1781.13,sand pine
107,6.0,48.0,167.89,sand pine
107,8.3,58.0,404.34,sand pine
107,8.3,58.0,404.34,sand pine
107,6.7,41.5,182.84,sand pine
107,9.2,49.5,422.88,sand pine
107,7.1,52.5,264.31,sand pine
107,7.9,52.0,327.05,sand pine
107,8.3,46.0,320.18,sand pine
107,6.5,42.5,175.54,sand pine
107,8.0,38.0,244.24,sand pine
107,6.5,51.0,212.78,sand pine
107,8.0,52.5,338.96,sand pine
107,7.1,48.0,240.96,sand pine
107,7.4,53.5,293.85,sand pine
107,7.2,52.0,269.51,sand pine
107,6.6,51.0,219.81,sand pine
107,9.4,63.0,549.53,sand pine
107,7.6,47.0,272.17,sand pine
107,9.2,56.5,477.16,sand pine
107,9.4,59.0,517.19,sand pine
107,7.7,47.0,279.74,sand pine
107,10.6,60.0,660.55,sand pine
107,6.2,41.0,152.29,sand pine
107,6.3,45.5,176.33,sand pine
107,8.9,57.5,462.44,sand pine
107,5.5,47.5,136.98,sand pine
107,9.2,61.0,512.05,sand pine
107,8.6,55.0,412.33,sand pine
107,7.4,54.5,299.47,sand pine
107,8.8,55.0,432.24,sand pine
107,5.5,43.0,122.66,sand pine
107,7.8,52.5,321.62,sand pine
107,8.5,59.5,435.59,sand pine
107,9.3,59.5,510.77,sand pine
107,6.5,51.0,212.78,sand pine
107,5.9,59.0,201.87,sand pine
107,6.1,59.0,216.71,sand pine
107,7.3,54.0,288.36,sand pine
107,10.2,53.0,547.33,sand pine
107,5.1,37.0,86.52,sand pine
107,8.4,54.0,385.69,sand pine
107,8.9,59.5,478.49,sand pine
107,8.8,62.0,487.22,sand pine
107,7.0,56.5,276.75,sand pine
107,9.2,56.5,477.16,sand pine
107,9.7,56.5,527.5,sand pine
107,5.1,38.0,89.28,sand pine
107,10.2,55.0,566.28,sand pine
107,7.1,57.0,287.66,sand pine
107,8.0,53.5,345.49,sand pine
107,5.9,51.0,172.75,sand pine
404,8.4,32.5,232.54,pecan
404,9.6,61.1,601.55,pecan
404,13.9,44.0,888.58,pecan
404,13.3,74.0,1378.4,pecan
404,11.0,79.1,1021.9,pecan
404,8.3,51.8,378.92,pecan
404,12.1,68.2,1056.29,pecan
404,6.0,42.6,152.14,pecan
404,4.3,35.0,74.53,pecan
404,7.5,46.1,271.1,pecan
404,14.0,91.5,1884.53,pecan
404,10.1,53.0,573.11,pecan
126,10.8,74.0,791.7,pitch pine
126,8.8,67.0,458.99,pitch pine
126,5.4,55.0,134.45,pitch pine
126,6.6,63.0,238.57,pitch pine
126,16.0,72.0,1658.17,pitch pine
126,8.4,64.0,398.83,pitch pine
126,10.3,69.0,677.03,pitch pine
126,10.3,66.0,649.57,pitch pine
126,12.4,61.7,826.43,pitch pine
126,9.2,50.6,437.77,pitch pine
126,9.6,36.5,361.59,pitch pine
126,15.3,98.1,1536.01,pitch pine
126,13.6,61.9,1028.0,pitch pine
126,8.1,40.4,276.63,pitch pine
126,9.3,41.6,366.92,pitch pine
126,12.1,56.1,707.27,pitch pine
126,8.0,48.3,298.15,pitch pine
126,9.8,48.1,414.21,pitch pine
126,8.0,47.9,274.6,pitch pine
126,6.5,42.9,163.9,pitch pine
126,6.3,42.4,153.0,pitch pine
126,6.7,42.9,173.54,pitch pine
126,8.9,37.7,318.27,pitch pine
126,3.4,11.4,33.58,pitch pine
126,11.9,45.3,593.6,pitch pine
126,7.0,34.6,164.67,pitch pine
126,14.3,60.0,1100.64,pitch pine
126,9.8,44.6,419.64,pitch pine
126,3.6,24.6,38.6,pitch pine
126,9.2,59.7,443.96,pitch pine
126,11.9,54.5,697.69,pitch pine
126,11.6,62.5,696.97,pitch pine
126,10.5,48.8,504.05,pitch pine
126,13.6,59.6,980.01,pitch pine
126,14.3,68.4,1146.37,pitch pine
126,9.7,53.4,442.92,pitch pine
126,13.8,64.0,1053.3,pitch pine
126,6.8,33.1,153.48,pitch pine
126,4.1,26.2,52.98,pitch pine
126,4.4,26.9,62.92,pitch pine
126,8.0,37.1,240.13,pitch pine
126,3.6,23.6,38.6,pitch pine
126,5.5,29.2,84.81,pitch pine
126,1.6,14.1,5.35,pitch pine
126,2.1,18.0,10.39,pitch pine
126,12.0,46.9,650.43,pitch pine
126,6.6,24.6,123.93,pitch pine
126,4.8,24.0,77.77,pitch pine
126,5.4,26.6,76.74,pitch pine
126,5.4,27.2,77.63,pitch pine
126,7.3,35.1,189.47,pitch pine
126,9.3,38.1,339.82,pitch pine
126,2.9,21.3,22.8,pitch pine
126,8.4,32.2,249.36,pitch pine
128,11.8,68.9,905.19,pond pine
128,11.8,72.0,943.52,pond pine
128,12.6,80.2,1187.2,pond pine
128,13.4,81.0,1351.49,pond pine
128,9.0,73.0,567.27,pond pine
128,10.6,74.0,786.65,pond pine
128,6.4,35.0,120.39,pond pine
128,9.5,49.0,434.53,pond pine
128,6.2,43.0,141.11,pond pine
128,5.0,42.0,80.94,pond pine
128,8.4,46.0,297.41,pond pine
128,5.7,38.0,99.88,pond pine
128,8.3,43.0,270.42,pond pine
128,10.1,44.0,442.8,pond pine
128,7.1,42.0,187.28,pond pine
128,12.9,41.0,666.07,pond pine
128,13.5,52.0,904.77,pond pine
128,8.7,37.0,256.54,pond pine
128,7.6,41.0,212.32,pond pine
128,13.4,41.0,717.33,pond pine
128,10.1,46.0,461.06,pond pine
128,5.4,34.0,75.74,pond pine
128,7.6,40.0,206.85,pond pine
128,8.8,46.0,328.39,pond pine
128,6.0,28.0,78.52,pond pine
128,10.2,43.0,441.91,pond pine
128,9.2,44.0,370.73,pond pine
128,11.9,49.0,670.03,pond pine
128,11.0,43.0,510.83,pond pine
128,11.1,47.0,563.7,pond pine
128,14.0,57.0,1057.85,pond pine
128,6.8,47.0,192.03,pond pine
128,6.9,51.0,216.54,pond pine
128,7.9,54.0,307.87,pond pine
128,9.2,51.0,424.04,pond pine
128,7.6,41.0,212.32,pond pine
128,9.5,43.0,385.9,pond pine
128,7.3,41.0,194.18,pond pine
128,5.4,33.0,72.9,pond pine
128,8.8,53.0,379.26,pond pine
128,9.5,54.0,475.06,pond pine
128,8.6,50.0,340.53,pond pine
128,5.6,42.0,107.75,pond pine
128,10.3,50.0,516.64,pond pine
128,11.1,43.0,519.81,pond pine
128,14.8,56.0,1160.35,pond pine
128,7.0,48.0,209.45,pond pine
128,15.2,58.0,1263.35,pond pine
128,14.3,47.0,922.64,pond pine
128,7.0,36.0,153.38,pond pine
128,10.2,45.0,460.53,pond pine
128,8.3,46.0,289.89,pond pine
128,7.7,47.0,252.22,pond pine
128,6.9,51.0,216.54,pond pine
128,5.0,40.0,76.02,pond pine
128,8.0,46.0,267.85,pond pine
128,6.5,37.0,133.04,pond pine
128,9.1,33.0,281.12,pond pine
128,11.2,37.0,461.87,pond pine
128,9.5,35.0,321.05,pond pine
128,5.2,31.0,60.43,pond pine
128,7.3,33.0,153.65,pond pine
128,6.1,29.0,85.61,pond pine
128,8.8,40.0,284.78,pond pine
128,5.6,20.0,40.68,pond pine
128,12.5,42.0,640.32,pond pine
128,12.9,49.0,783.81,pond pine
128,7.6,32.0,163.06,pond pine
128,6.8,34.0,134.57,pond pine
128,5.6,32.0,77.26,pond pine
128,8.4,35.0,224.35,pond pine
128,9.4,44.0,386.16,pond pine
128,11.0,34.0,413.8,pond pine
128,10.1,38.0,388.02,pond pine
128,5.8,33.0,87.98,pond pine
128,8.5,36.0,237.07,pond pine
128,7.3,34.0,158.72,pond pine
128,6.1,35.0,107.14,pond pine
128,8.1,41.0,244.15,pond pine
128,9.3,36.0,316.18,pond pine
128,6.6,35.0,129.55,pond pine
128,11.3,52.0,640.27,pond pine
128,12.8,62.0,960.44,pond pine
128,11.9,59.0,795.72,pond pine
128,10.8,53.0,597.13,pond pine
128,6.4,48.0,171.53,pond pine
128,13.4,73.0,1224.66,pond pine
128,9.4,72.0,608.5,pond pine
128,9.3,72.0,596.17,pond pine
128,8.5,71.0,474.91,pond pine
128,11.6,70.0,888.8,pond pine
128,8.6,51.0,347.48,pond pine
128,6.9,61.0,261.99,pond pine
128,8.9,74.0,544.35,pond pine
128,11.4,78.0,951.8,pond pine
128,9.8,75.0,684.94,pond pine
128,11.2,78.0,919.7,pond pine
128,9.3,79.0,650.61,pond pine
128,9.1,78.0,616.65,pond pine
128,11.8,48.0,646.79,pond pine
128,7.8,51.0,282.37,pond pine
128,8.1,55.0,330.82,pond pine
128,11.0,55.0,640.2,pond pine
128,5.1,49.0,103.08,pond pine
128,6.7,44.0,172.9,pond pine
128,9.8,42.0,400.81,pond pine
330,7.1,52.0,177.7,"buckeye, horsechestnut spp."
330,5.1,37.0,61.21,"buckeye, horsechestnut spp."
330,5.7,38.0,80.63,"buckeye, horsechestnut spp."
330,6.1,48.0,120.9,"buckeye, horsechestnut spp."
330,5.4,44.0,85.38,"buckeye, horsechestnut spp."
330,6.3,34.0,87.71,"buckeye, horsechestnut spp."
330,5.4,46.0,89.92,"buckeye, horsechestnut spp."
330,4.5,41.5,75.59,"buckeye, horsechestnut spp."
330,14.0,69.2,933.73,"buckeye, horsechestnut spp."
330,9.3,74.6,416.2,"buckeye, horsechestnut spp."
330,12.0,63.7,647.21,"buckeye, horsechestnut spp."
123,13.7,53.0,1012.78,Table Mountain pine
123,12.1,50.0,759.71,Table Mountain pine
123,7.6,50.0,321.08,Table Mountain pine
123,8.3,44.0,337.64,Table Mountain pine
123,12.9,53.0,903.31,Table Mountain pine
123,10.9,50.0,625.36,Table Mountain pine
123,14.3,50.0,1042.74,Table Mountain pine
123,7.6,42.0,272.08,Table Mountain pine
123,11.9,48.0,710.05,Table Mountain pine
123,5.1,35.0,105.88,Table Mountain pine
123,9.5,45.0,444.0,Table Mountain pine
123,9.6,48.0,478.38,Table Mountain pine
123,10.8,43.0,538.63,Table Mountain pine
123,9.2,49.0,451.14,Table Mountain pine
123,6.2,40.0,175.01,Table Mountain pine
123,11.9,45.0,670.6,Table Mountain pine
123,7.1,45.0,254.46,Table Mountain pine
123,7.7,45.0,297.95,Table Mountain pine
123,9.7,46.0,469.76,Table Mountain pine
123,8.0,46.0,327.75,Table Mountain pine
123,5.4,40.0,134.09,Table Mountain pine
123,8.9,52.0,392.31,Table Mountain pine
123,9.0,62.4,440.39,Table Mountain pine
123,7.8,40.3,261.54,Table Mountain pine
123,13.0,50.0,802.07,Table Mountain pine
123,13.9,50.5,973.57,Table Mountain pine
81,12.7,66.4,555.99,incense-cedar
81,8.3,40.3,174.06,incense-cedar
81,11.8,51.5,404.38,incense-cedar
81,13.1,63.8,574.58,incense-cedar
81,11.1,58.7,391.5,incense-cedar
81,15.1,66.7,784.87,incense-cedar
81,19.6,64.8,1289.98,incense-cedar
81,14.1,68.0,694.98,incense-cedar
81,8.8,44.1,206.13,incense-cedar
81,7.3,38.1,131.21,incense-cedar
81,21.1,83.0,1787.42,incense-cedar
81,9.2,34.7,194.97,incense-cedar
81,5.7,30.0,71.3,incense-cedar
81,3.5,21.3,25.06,incense-cedar
81,6.2,22.6,69.47,incense-cedar
81,11.1,37.9,296.4,incense-cedar
81,11.0,40.6,303.3,incense-cedar
81,6.9,35.0,112.03,incense-cedar
81,6.4,26.0,82.73,incense-cedar
81,5.1,21.7,46.2,incense-cedar
81,12.2,46.9,406.51,incense-cedar
81,15.4,75.5,892.37,incense-cedar
81,13.8,55.1,575.82,incense-cedar
81,9.4,33.5,199.38,incense-cedar
81,6.3,23.0,72.72,incense-cedar
81,4.3,15.4,39.69,incense-cedar
81,8.7,27.6,154.6,incense-cedar
81,22.8,81.0,2047.73,incense-cedar
81,11.4,45.9,350.9,incense-cedar
81,13.0,51.0,529.03,incense-cedar
81,27.2,71.2,2738.88,incense-cedar
81,13.9,47.1,527.31,incense-cedar
81,12.3,46.8,412.55,incense-cedar
81,9.0,43.4,213.24,incense-cedar
98,18.2,127.0,2525.56,Sitka spruce
98,14.6,118.1,1552.45,Sitka spruce
98,15.0,128.0,1784.95,Sitka spruce
98,10.7,105.5,774.26,Sitka spruce
98,9.7,105.2,644.56,Sitka spruce
98,9.3,84.0,463.14,Sitka spruce
98,24.9,113.0,4051.35,Sitka spruce
98,27.7,120.0,5285.45,Sitka spruce
98,23.0,120.0,3696.27,Sitka spruce
98,18.7,109.0,2260.92,Sitka spruce
98,20.0,112.0,2640.19,Sitka spruce
98,18.2,106.0,2087.46,Sitka spruce
98,13.9,106.0,1260.37,Sitka spruce
98,15.0,107.9,1479.68,Sitka spruce
98,9.4,87.0,490.95,Sitka spruce
98,20.8,116.0,2948.41,Sitka spruce
98,19.4,113.0,2515.15,Sitka spruce
98,13.4,105.0,1165.7,Sitka spruce
98,27.2,128.0,5445.69,Sitka spruce
98,24.2,114.0,3868.51,Sitka spruce
98,12.5,100.0,972.31,Sitka spruce
98,11.1,105.0,823.8,Sitka spruce
98,17.3,109.0,1952.55,Sitka spruce
98,21.6,120.0,3280.02,Sitka spruce
98,14.3,107.0,1341.92,Sitka spruce
98,16.6,104.0,1720.9,Sitka spruce
98,26.0,119.0,4637.07,Sitka spruce
98,18.8,111.0,2326.96,Sitka spruce
98,24.1,116.0,3905.34,Sitka spruce
98,15.7,102.0,1518.97,Sitka spruce
98,16.6,103.0,1703.86,Sitka spruce
98,23.0,109.0,3354.72,Sitka spruce
98,13.1,67.0,712.64,Sitka spruce
98,12.0,100.0,901.41,Sitka spruce
98,20.9,130.6,3369.87,Sitka spruce
98,18.4,145.0,2987.5,Sitka spruce
98,16.9,128.2,2224.86,Sitka spruce
98,18.1,134.5,2662.9,Sitka spruce
98,23.1,134.7,4205.31,Sitka spruce
98,11.2,85.2,668.5,Sitka spruce
98,21.8,114.0,3167.0,Sitka spruce
98,11.8,91.0,789.94,Sitka spruce
98,11.6,89.8,754.42,Sitka spruce
20,17.9,59.1,1157.43,California red fir
20,7.5,27.6,108.02,California red fir
20,17.0,74.7,1399.81,California red fir
20,11.5,54.4,492.37,California red fir
20,14.1,48.2,603.48,California red fir
20,9.4,38.1,228.88,California red fir
20,16.7,66.2,1172.09,California red fir
20,15.1,60.3,882.3,California red fir
20,12.0,45.4,425.87,California red fir
20,12.4,54.2,555.75,California red fir
20,15.1,73.6,1127.96,California red fir
20,16.3,66.6,1132.82,California red fir
20,12.3,54.2,548.25,California red fir
20,13.9,63.3,813.95,California red fir
20,10.7,55.7,450.62,California red fir
20,20.4,75.5,1934.94,California red fir
20,14.0,45.0,551.66,California red fir
20,11.8,53.5,503.43,California red fir
20,15.1,56.9,823.57,California red fir
20,16.2,67.8,1145.63,California red fir
20,10.6,42.0,314.53,California red fir
20,11.0,49.5,407.25,California red fir
20,15.5,67.4,1055.63,California red fir
20,17.0,98.9,2008.43,California red fir
20,12.8,86.2,1016.2,California red fir
20,19.6,111.5,2960.62,California red fir
20,16.6,100.6,1969.1,California red fir
20,16.8,104.5,2090.42,California red fir
20,11.0,54.2,455.49,California red fir
20,23.5,104.5,3667.17,California red fir
20,12.4,78.6,875.01,California red fir
20,17.8,98.2,2142.2,California red fir
20,18.1,86.3,1862.66,California red fir
20,22.2,85.5,2598.81,California red fir
20,18.5,83.2,1844.67,California red fir
20,11.7,57.2,539.26,California red fir
20,18.8,72.3,1596.11,California red fir
20,12.8,75.2,887.26,California red fir
20,8.9,57.9,342.2,California red fir
20,11.9,68.8,702.48,California red fir
20,11.4,70.7,671.05,California red fir
20,29.3,116.0,6068.07,California red fir
20,21.3,88.9,2539.76,California red fir
20,6.5,28.3,87.25,California red fir
20,2.9,11.0,15.81,California red fir
20,10.3,38.7,272.44,California red fir
20,5.9,25.1,64.75,California red fir
71,10.2,76.3,651.47,tamarack (native)
71,8.3,56.5,340.97,tamarack (native)
71,6.4,49.0,172.38,tamarack (native)
71,6.2,47.6,176.66,tamarack (native)
71,8.5,58.7,373.44,tamarack (native)
71,7.1,37.0,177.46,tamarack (native)
71,11.6,71.9,732.19,tamarack (native)
71,14.2,80.4,1188.13,tamarack (native)
71,4.0,32.2,35.88,tamarack (native)
71,4.8,26.5,54.0,tamarack (native)
71,6.0,39.3,131.02,tamarack (native)
71,12.1,64.9,770.46,tamarack (native)
71,11.5,62.9,668.86,tamarack (native)
71,6.1,37.7,129.79,tamarack (native)
71,9.4,43.9,384.55,tamarack (native)
71,6.5,35.4,143.55,tamarack (native)
71,13.2,62.1,885.14,tamarack (native)
71,13.1,71.5,976.61,tamarack (native)
71,7.6,72.6,278.86,tamarack (native)
71,9.5,51.0,396.21,tamarack (native)
71,9.5,47.7,418.67,tamarack (native)
71,5.9,47.0,109.41,tamarack (native)
71,11.3,72.3,733.2,tamarack (native)
838,1.2,12.0,3.35,live oak
838,1.0,11.0,2.19,live oak
838,2.0,20.0,11.35,live oak
838,1.7,21.0,7.68,live oak
838,9.6,52.0,613.37,live oak
838,2.4,21.0,17.63,live oak
838,1.3,15.0,4.05,live oak
838,12.4,51.0,946.26,live oak
838,14.0,47.0,1092.91,live oak
838,21.8,54.0,2866.6,live oak
838,2.0,15.0,11.35,live oak
838,1.0,10.0,2.19,live oak
838,5.2,26.0,141.72,live oak
838,6.6,28.0,200.83,live oak
838,25.6,55.5,4007.76,live oak
838,11.8,36.0,625.15,live oak
838,2.7,22.0,23.45,live oak
838,5.6,24.0,145.72,live oak
838,1.4,10.0,4.83,live oak
838,1.2,10.0,3.35,live oak
43,14.7,61.1,775.56,Atlantic white-cedar
43,6.6,42.6,126.85,Atlantic white-cedar
43,14.9,66.3,821.39,Atlantic white-cedar
43,10.9,48.6,364.97,Atlantic white-cedar
43,6.2,43.2,103.1,Atlantic white-cedar
43,6.6,31.0,100.04,Atlantic white-cedar
43,8.1,50.3,196.2,Atlantic white-cedar
43,12.7,72.8,609.67,Atlantic white-cedar
43,7.0,35.6,124.37,Atlantic white-cedar
43,10.0,51.2,306.56,Atlantic white-cedar
43,5.1,28.1,50.35,Atlantic white-cedar
43,11.1,47.2,390.16,Atlantic white-cedar
43,11.5,44.1,406.05,Atlantic white-cedar
43,5.1,37.2,54.59,Atlantic white-cedar
43,5.0,24.2,42.81,Atlantic white-cedar
43,9.8,51.5,286.36,Atlantic white-cedar
43,5.4,30.6,56.8,Atlantic white-cedar
43,5.0,24.8,39.74,Atlantic white-cedar
43,9.6,48.7,276.35,Atlantic white-cedar
43,10.6,50.2,340.91,Atlantic white-cedar
43,10.8,54.1,369.08,Atlantic white-cedar
43,14.8,56.6,747.73,Atlantic white-cedar
43,13.4,48.1,546.11,Atlantic white-cedar
42,11.5,58.0,647.71,Alaska yellow-cedar
42,20.8,91.0,2896.82,Alaska yellow-cedar
42,26.9,103.0,5140.18,Alaska yellow-cedar
42,16.1,89.0,1812.16,Alaska yellow-cedar
42,17.6,92.0,2189.52,Alaska yellow-cedar
42,9.2,62.0,456.6,Alaska yellow-cedar
42,31.9,92.6,6218.99,Alaska yellow-cedar
42,29.8,104.0,6205.86,Alaska yellow-cedar
42,35.1,122.0,9708.49,Alaska yellow-cedar
42,21.0,82.0,2651.65,Alaska yellow-cedar
42,26.6,93.0,4546.49,Alaska yellow-cedar
42,31.5,120.0,7903.81,Alaska yellow-cedar
42,17.8,86.0,2085.48,Alaska yellow-cedar
42,29.3,109.0,6318.54,Alaska yellow-cedar
42,21.0,94.0,3043.85,Alaska yellow-cedar
42,16.1,89.0,1812.16,Alaska yellow-cedar
42,17.6,92.0,2189.52,Alaska yellow-cedar
42,9.2,62.0,456.6,Alaska yellow-cedar
42,31.9,93.0,6245.94,Alaska yellow-cedar
42,29.0,104.0,5917.97,Alaska yellow-cedar
42,35.1,122.0,9708.49,Alaska yellow-cedar
42,21.0,82.0,2651.65,Alaska yellow-cedar
42,26.6,93.0,4546.49,Alaska yellow-cedar
42,31.5,120.0,7903.81,Alaska yellow-cedar
42,17.8,86.0,2085.48,Alaska yellow-cedar
42,21.8,87.0,3004.21,Alaska yellow-cedar
42,29.3,109.0,6318.54,Alaska yellow-cedar
42,22.1,100.0,3542.22,Alaska yellow-cedar
42,29.8,104.0,6205.86,Alaska yellow-cedar
42,34.9,123.0,9692.07,Alaska yellow-cedar
42,11.6,57.0,646.63,Alaska yellow-cedar
42,11.5,58.0,647.71,Alaska yellow-cedar
42,20.8,91.0,2896.82,Alaska yellow-cedar
42,26.9,103.0,5140.18,Alaska yellow-cedar
42,3.9,28.0,25.76,Alaska yellow-cedar
42,4.5,14.1,35.4,Alaska yellow-cedar
42,4.9,20.1,42.8,Alaska yellow-cedar
42,3.9,31.7,25.76,Alaska yellow-cedar
42,3.6,30.8,21.57,Alaska yellow-cedar
42,4.7,31.0,39.0,Alaska yellow-cedar
42,4.0,31.4,27.24,Alaska yellow-cedar
42,4.6,25.2,37.18,Alaska yellow-cedar
42,4.1,24.8,28.78,Alaska yellow-cedar
42,4.6,33.4,37.18,Alaska yellow-cedar
42,3.8,24.0,24.31,Alaska yellow-cedar
42,3.5,20.5,20.26,Alaska yellow-cedar
42,4.9,24.5,42.8,Alaska yellow-cedar
42,4.7,37.3,39.0,Alaska yellow-cedar
42,4.6,34.3,37.18,Alaska yellow-cedar
42,4.4,28.4,33.68,Alaska yellow-cedar
42,4.4,25.1,33.68,Alaska yellow-cedar
42,3.7,20.1,22.92,Alaska yellow-cedar
42,3.5,23.9,20.26,Alaska yellow-cedar
42,4.1,27.1,28.78,Alaska yellow-cedar
42,3.8,19.3,24.31,Alaska yellow-cedar
42,4.3,26.7,32.0,Alaska yellow-cedar
42,4.8,22.2,40.88,Alaska yellow-cedar
42,4.1,20.1,28.78,Alaska yellow-cedar
42,4.1,29.8,28.78,Alaska yellow-cedar
42,4.5,22.1,35.4,Alaska yellow-cedar
42,4.1,21.2,28.78,Alaska yellow-cedar
42,4.1,27.2,28.78,Alaska yellow-cedar
42,3.9,26.3,25.76,Alaska yellow-cedar
42,3.9,21.0,25.76,Alaska yellow-cedar
42,4.0,25.9,27.24,Alaska yellow-cedar
42,3.4,25.4,19.01,Alaska yellow-cedar
42,3.3,18.8,17.79,Alaska yellow-cedar
42,3.6,19.2,21.57,Alaska yellow-cedar
42,3.6,21.0,21.57,Alaska yellow-cedar
42,23.7,74.1,2958.94,Alaska yellow-cedar
42,30.9,82.5,5239.89,Alaska yellow-cedar
42,12.4,69.6,891.06,Alaska yellow-cedar
42,14.9,70.2,1244.62,Alaska yellow-cedar
42,21.4,77.5,2589.3,Alaska yellow-cedar
42,14.3,69.6,1147.75,Alaska yellow-cedar
42,24.2,87.4,3621.1,Alaska yellow-cedar
42,13.8,70.6,1093.42,Alaska yellow-cedar
42,23.0,97.7,3708.59,Alaska yellow-cedar
42,26.4,111.5,5391.57,Alaska yellow-cedar
91,12.0,71.9,651.84,Norway spruce
91,16.8,78.1,1367.88,Norway spruce
91,12.0,66.9,631.24,Norway spruce
91,9.4,70.5,382.42,Norway spruce
91,9.6,67.9,393.75,Norway spruce
91,6.4,60.7,147.41,Norway spruce
91,7.9,68.2,255.88,Norway spruce
91,4.7,50.9,59.1,Norway spruce
91,7.4,69.2,221.53,Norway spruce
91,11.6,69.9,599.04,Norway spruce
91,9.3,69.9,372.16,Norway spruce
91,8.9,69.9,337.87,Norway spruce
91,13.1,70.5,777.62,Norway spruce
91,15.5,75.5,1139.87,Norway spruce
91,14.3,82.3,1000.37,Norway spruce
91,9.5,73.8,399.36,Norway spruce
91,8.1,74.8,282.02,Norway spruce
91,4.2,22.2,45.55,Norway spruce
91,11.9,83.1,671.96,Norway spruce
91,16.1,63.4,1116.27,Norway spruce
91,15.0,82.8,1049.62,Norway spruce
91,15.0,76.4,1048.87,Norway spruce
91,12.8,65.7,674.57,Norway spruce
91,10.2,49.3,383.71,Norway spruce
91,9.4,68.6,383.77,Norway spruce
91,7.3,35.3,140.27,Norway spruce
91,6.5,33.1,117.37,Norway spruce
91,5.4,44.4,81.0,Norway spruce
91,9.9,69.7,446.02,Norway spruce
972,5.3,31.9,66.78,American elm
972,6.8,41.1,176.33,American elm
972,7.9,46.7,260.15,American elm
972,7.1,43.9,178.84,American elm
972,5.4,39.9,80.56,American elm
972,7.8,50.6,279.68,American elm
972,8.1,37.9,216.28,American elm
972,8.4,52.9,269.87,American elm
972,3.3,23.2,28.99,American elm
972,3.8,30.2,41.12,American elm
972,3.4,35.6,31.22,American elm
972,10.9,69.2,758.81,American elm
972,3.8,33.1,41.12,American elm
972,15.6,82.8,1651.05,American elm
972,3.5,29.8,33.54,American elm
972,13.1,73.6,1032.47,American elm
972,15.2,75.7,1499.95,American elm
211,159.4,313.3,389491.08,redwood
211,168.9,300.5,420615.07,redwood
211,170.9,319.9,456563.88,redwood
211,163.8,321.4,421237.89,redwood
211,205.9,318.9,660981.84,redwood
211,224.0,295.6,729038.47,redwood
211,215.7,319.6,726959.68,redwood
211,237.0,314.0,863478.63,redwood
211,42.5,153.2,14268.92,redwood
211,209.1,300.9,645750.27,redwood
211,268.1,299.2,1056840.75,redwood
211,191.7,332.3,595349.24,redwood
211,266.9,263.1,929636.57,redwood
211,262.6,300.2,1016994.53,redwood
211,63.8,252.1,50987.1,redwood
211,66.1,269.7,58290.13,redwood
211,68.1,272.5,62464.25,redwood
211,122.4,301.8,221749.27,redwood
211,143.7,362.3,362728.47,redwood
211,198.4,356.4,680919.43,redwood
211,194.5,379.3,693756.19,redwood
211,166.5,369.5,496023.77,redwood
211,122.0,346.0,250425.33,redwood
211,153.5,347.1,397559.4,redwood
211,163.4,350.3,454391.75,redwood
211,174.8,371.0,548796.41,redwood
211,185.0,376.7,623585.47,redwood
211,248.8,316.3,958235.54,redwood
211,50.0,234.9,29352.44,redwood
211,117.3,297.2,200753.17,redwood
211,109.8,268.6,160034.03,redwood
211,16.1,59.4,874.3,redwood
211,79.5,196.3,62682.09,redwood
747,4.8,46.0,37.33,black cottonwood
747,4.7,38.6,35.52,black cottonwood
747,4.4,46.0,30.39,black cottonwood
747,4.5,52.3,32.05,black cottonwood
747,4.3,50.9,28.78,black cottonwood
747,4.3,44.8,28.78,black cottonwood
747,4.5,54.4,32.05,black cottonwood
747,4.8,51.8,37.33,black cottonwood
747,4.6,47.8,33.76,black cottonwood
747,4.3,52.4,28.78,black cottonwood
747,4.3,35.1,28.78,black cottonwood
747,4.4,33.8,30.39,black cottonwood
747,4.4,35.6,30.39,black cottonwood
747,4.8,52.5,37.33,black cottonwood
747,4.7,45.4,35.52,black cottonwood
747,4.8,43.8,37.33,black cottonwood
747,4.7,49.0,35.52,black cottonwood
747,4.7,46.1,35.52,black cottonwood
747,4.9,44.2,39.2,black cottonwood
747,4.9,45.1,39.2,black cottonwood
747,4.6,40.9,33.76,black cottonwood
747,4.5,41.4,32.05,black cottonwood
747,4.5,41.1,32.05,black cottonwood
747,4.6,47.8,33.76,black cottonwood
747,4.7,45.8,35.52,black cottonwood
747,4.6,47.2,33.76,black cottonwood
747,3.7,43.6,20.19,black cottonwood
747,3.7,51.3,20.19,black cottonwood
747,4.2,59.2,27.23,black cottonwood
747,4.7,62.1,35.52,black cottonwood
747,4.8,55.6,37.33,black cottonwood
461,1.8,22.6,6.48,sugarberry
461,1.7,16.7,5.63,sugarberry
461,1.8,25.0,6.48,sugarberry
461,2.9,32.6,21.05,sugarberry
461,12.1,65.4,782.72,sugarberry
461,4.2,34.3,52.7,sugarberry
461,2.5,28.5,14.58,sugarberry
461,21.9,94.3,3365.12,sugarberry
461,17.6,85.0,2009.27,sugarberry
461,9.0,54.8,383.58,sugarberry
461,12.8,64.7,857.65,sugarberry
461,5.5,35.0,96.51,sugarberry
